Workbook

Sheet Business Index
A1: Business Scenario | B1: Test Case ID | C1: Test Case | D1: Category | E1: Source File
A2: TS-RS-001 | B2: TC-RS-DATA-001 | C2: Cấu hình lưu và mở lại đầy đủ, không cắt/làm tròn âm thầm | D2: G. Data • Persistence | E2: test-cases.vi.md
A3: TS-RS-001 | B3: TC-RS-DATA-004 | C3: Xóa quy tắc không xóa dây chuyền kết quả hay điểm | D3: G. Data • Persistence | E3: test-cases.vi.md
A4: TS-RS-001 | B4: TC-RS-FUNC-001 | C4: Hàng Thiết lập điểm đỏ（赤点設定） xuất hiện trong Thiết lập ô nhập（入力欄設定） cho mục điểm số | D4: A. Functional | E4: test-cases.vi.md
A5: TS-RS-001 | B5: TC-RS-FUNC-002 | C5: Mục kiểu lựa chọn và Đạt/không đạt（合否） không có thao tác tạo quy tắc đỏ có hiệu lực | D5: A. Functional | E5: test-cases.vi.md
A6: TS-RS-001 | B6: TC-RS-FUNC-003 | C6: Danh sách trống không tự dựng rule từ cấu hình legacy | D6: A. Functional | E6: test-cases.vi.md
A7: TS-RS-001 | B7: TC-RS-FUNC-004 | C7: Thêm quy tắc qua Điều kiện áp dụng（適用条件） và Ngưỡng（基準設定） rồi quay lại danh sách | D7: A. Functional | E7: test-cases.vi.md
A8: TS-RS-001 | B8: TC-RS-FUNC-005 | C8: Nhiều quy tắc hiển thị theo ưu tiên; đổi thứ tự bằng ▲▼ được lưu | D8: A. Functional | E8: test-cases.vi.md
A9: TS-RS-001 | B9: TC-RS-FUNC-006 | C9: Xóa một quy tắc có xác nhận; Hủy（キャンセル） giữ nguyên | D9: A. Functional | E9: test-cases.vi.md
A10: TS-RS-001 | B10: TC-RS-FUNC-007 | C10: Quay lại（戻る）/hủy chỉnh sửa không lưu dữ liệu đang nhập | D10: A. Functional | E10: test-cases.vi.md
A11: TS-RS-001 | B11: TC-RS-FUNC-014 | C11: Quy tắc mới chỉ có điều kiện, chưa có ngưỡng, không tham gia xét | D11: A. Functional | E11: test-cases.vi.md
A12: TS-RS-001 | B12: TC-RS-FUNC-033 | C12: Đổi tên quy tắc: giữ liên kết, thứ tự và kết quả | D12: A. Functional | E12: test-cases.vi.md
... A231: TS-RS-019 | B231: TC-RS-FUNC-032 | C231: Ba đầu ra dùng cùng kết quả cho cùng ô | D231: A. Functional | E231: test-cases.vi.md

Sheet Run
A1: Run metadata | B1: Giá trị
A2: Feature | B2: RC-001 Red Score v2
A3: Scope | B3: 216 case IDs, including six restored legacy cases; Run Log expands variants into run rows
A4: Test suite revision | B4: v2 working tree based on ffa72dc90f27fd128d62c5c092a5d3e8447a466a; exact source hashes in manifest; pinned link pending commit
A5: Build | B5: Điền khi thực thi
A6: Environment | B6: Điền khi thực thi
A7: Tester | B7: Điền khi thực thi
A8: Run start | B8: Điền khi thực thi
A9: Run end | B9: Điền khi thực thi
A12: Summary
A13: Metric | B13: Value
A14: Case IDs | B14: =COUNTIF(Cases!A:A,"TC-RS-*")
A15: PASS variants | B15: =COUNTIF('Run Log'!D:D,"PASS")
A16: FAIL variants | B16: =COUNTIF('Run Log'!D:D,"FAIL")
A17: BLOCKED variants | B17: =COUNTIF('Run Log'!D:D,"BLOCKED")
A18: NOT RUN run rows | B18: =COUNTIF('Run Log'!D:D,"NOT RUN")
A19: SKIPPED variants | B19: =COUNTIF('Run Log'!D:D,"SKIPPED")
A20: Total run rows | B20: =COUNTA('Run Log'!A:A)-1
A21: Attempted variants | B21: =COUNTIF('Run Log'!D:D,"PASS")+COUNTIF('Run Log'!D:D,"FAIL")+COUNTIF('Run Log'!D:D,"BLOCKED")+COUNTIF('Run Log'!D:D,"SKIPPED")
A22: Completed cases (all required variants PASS) | B22: =COUNTIF(Cases!P:P,"PASS")
A23: Cases with incomplete variant coverage | B23: =COUNTIF(Cases!P:P,"INCOMPLETE")

Sheet Cases
A1: Test Case ID | B1: Title | C1: Function | D1: Context | E1: Priority | F1: Status | G1: Readiness | H1: Requirement ID | I1: Category | J1: Source File | K1: Action | L1: Expected | M1: Evidence | N1: Reset | O1: Required Variant Count | P1: Case Status
A2: TC-RS-FUNC-001 | B2: Hàng Thiết lập điểm đỏ（赤点設定） xuất hiện trong Thiết lập ô nhập（入力欄設定） cho mục điểm số | C2: A. Functional | D2: - Điều kiện: Đăng nhập tài khoản giáo viên có quyền sửa mục. Chưa có quy tắc đỏ cho mục số nguyên (M=100); mục số thập phân (M=100) có ít nhất một quy tắc. - Dữ liệu test: môi trường test (trường A, năm học 2026), tài khoản giáo viên có quyền sửa mục, mục số nguyên (M=100), mục số thập phân (M=100), mục điểm đơn vị (đơn vị U1 có M riêng 40) | E2: TBD | F2: PROPOSED | G2: UNASSESSED | H2: đặc tả v2 mục 4.1 “Điểm vào và trạng thái trống”; AC-G02 chỉ xác nhận loại điểm được hỗ trợ | I2: A. Functional | J2: test-cases.vi.md | K2: 1. Mở Thiết lập nhập điểm（成績入力設定）→ Thiết lập ô nhập（入力欄設定） của kỳ 1学期期末 (cuối kỳ học kỳ 1). 2. Tìm hàng Thiết lập điểm đỏ（赤点設定） ở bảng mục nhập. 3. Bấm link của hàng này ở cột mục số nguyên (M=100), mục số thập phân (M=100), mục điểm đơn vị (đơn vị U1 có M riêng 40). | Lượt chạy | Phạm vi thực hiện và đối chiếu | | --- | --- | | Run: integer | Mục số nguyên | | Run: decimal | Mục thập phân | | Run: unit | Mục đơn vị | | L2: 1. Theo Figma MW, hàng Thiết lập điểm đỏ（赤点設定） được đặt giữa hàng Tính tự động（自動計算） và hàng Thiết lập ẩn mục nhập（入力項目の非表示設定）. Đây là oracle UI PROPOSED; nếu bố cục khác, ghi Notes để đối chiếu, không mở bug từ riêng vị trí. 2. Có thao tác mở thiết lập cho mục số nguyên, số thập phân và điểm đơn vị. 3. Bấm link chuyển sang màn danh sách Thiết lập điểm đỏ（赤点設定） của đúng mục. | O2: 3 | P2: =IF(OR(COUNTIF('Run Log'!$B:$B,A2)<>O2,COUNTIF('Run Log'!$A:$A,"RUN-TC-RS-FUNC-001-integer")<>1,COUNTIFS('Run Log'!$A:$A,"RUN-TC-RS-FUNC-001-integer",'Run Log'!$B:$B,A2,'Run Log'!$C:$C,"integer")<>1,COUNTIF('Run Log'!$A:$A,"RUN-TC-RS-FUNC-001-decimal")<>1,COUNTIFS('Run Log'!$A:$A,"RUN-TC-RS-FUNC-001-decimal",'Run Log'!$B:$B,A2,'Run Log'!$C:$C,"decimal")<>1,COUNTIF('Run Log'!$A:$A,"RUN-TC-RS-FUNC-001-unit")<>1,COUNTIFS('Run Log'!$A:$A,"RUN-TC-RS-FUNC-001-unit",'Run Log'!$B:$B,A2,'Run Log'!$C:$C,"unit")<>1),"INCOMPLETE",IF(COUNTIFS('Run Log'!$B:$B,A2,'Run Log'!$D:$D,"PASS")=O2,"PASS",IF(COUNTIFS('Run Log'!$B:$B,A2,'Run Log'!$D:$D,"FAIL")>0,"FAIL",IF(COUNTIFS('Run Log'!$B:$B,A2,'Run Log'!$D:$D,"BLOCKED")>0,"BLOCKED",IF(COUNTIFS('Run Log'!$B:$B,A2,'Run Log'!$D:$D,"SKIPPED")>0,"SKIPPED","NOT RUN")))))
A3: TC-RS-FUNC-002 | B3: Mục kiểu lựa chọn và Đạt/không đạt（合否） không có thao tác tạo quy tắc đỏ có hiệu lực | C3: A. Functional | D3: - Điều kiện: Đăng nhập tài khoản giáo viên có quyền sửa mục. - Dữ liệu test: mục kiểu lựa chọn A/B/C, mục Đạt/không đạt（合否） | E3: TBD | F3: CONFIRMED | G3: BLOCKED | H3: tiêu chí nghiệm thu “Kiểu điểm được hỗ trợ” (AC-G02 «Kiểu điểm được hỗ trợ»); tiêu chí nghiệm thu “Phạm vi từng đợt” (AC-G40 «Phạm vi từng đợt») | I3: A. Functional | J3: test-cases.vi.md | K3: 1. Mở Thiết lập ô nhập（入力欄設定）. 2. Xem hàng Thiết lập điểm đỏ（赤点設定） ở cột mục kiểu lựa chọn A/B/C, mục Đạt/không đạt（合否）. 3. Thử mở URL màn danh sách điểm đỏ của mục kiểu lựa chọn A/B/C bằng ID mục (nếu biết URL). | Lượt chạy | Phạm vi thực hiện và đối chiếu | | --- | --- | | Run: choice | Mục lựa chọn, gồm thử URL trực tiếp ở bước 3 | | Run: passfail | Mục Đạt/không đạt ở bước 1–2 | | L3: 1. Không có thao tác tạo quy tắc đỏ có hiệu lực cho hai mục này. 2. Nếu có endpoint truy cập trực tiếp, server vẫn từ chối tạo/lưu quy tắc cho mục không thuộc loại số; không dùng việc URL không hiển thị làm bằng chứng duy nhất. | O3: 2 | P3: =IF(OR(COUNTIF('Run Log'!$B:$B,A3)<>O3,COUNTIF('Run Log'!$A:$A,"RUN-TC-RS-FUNC-002-choice")<>1,COUNTIFS('Run Log'!$A:$A,"RUN-TC-RS-FUNC-002-choice",'Run Log'!$B:$B,A3,'Run Log'!$C:$C,"choice")<>1,COUNTIF('Run Log'!$A:$A,"RUN-TC-RS-FUNC-002-passfail")<>1,COUNTIFS('Run Log'!$A:$A,"RUN-TC-RS-FUNC-002-passfail",'Run Log'!$B:$B,A3,'Run Log'!$C:$C,"passfail")<>1),"INCOMPLETE",IF(COUNTIFS('Run Log'!$B:$B,A3,'Run Log'!$D:$D,"PASS")=O3,"PASS",IF(COUNTIFS('Run Log'!$B:$B,A3,'Run Log'!$D:$D,"FAIL")>0,"FAIL",IF(COUNTIFS('Run Log'!$B:$B,A3,'Run Log'!$D:$D,"BLOCKED")>0,"BLOCKED",IF(COUNTIFS('Run Log'!$B:$B,A3,'Run Log'!$D:$D,"SKIPPED")>0,"SKIPPED","NOT RUN")))))
A4: TC-RS-FUNC-004 | B4: Thêm quy tắc qua Điều kiện áp dụng（適用条件） và Ngưỡng（基準設定） rồi quay lại danh sách | C4: A. Functional | D4: - Điều kiện: mục số nguyên (M=100) đã có cặp quy tắc cùng áp dụng (dưới 20 và dưới 30) (2 quy tắc). Đăng nhập tài khoản giáo viên có quyền sửa mục. - Dữ liệu test: mục số nguyên (M=100), cặp quy tắc cùng áp dụng (dưới 20 và dưới 30); quy tắc “Cố định 30” (dưới 30) | E4: TBD | F4: CONFIRMED | G4: UNASSESSED | H4: tiêu chí nghiệm thu “Lưu và mở lại nhiều thiết lập” (AC-G04 «Lưu và mở lại nhiều thiết lập») | I4: A. Functional | J4: test-cases.vi.md | K4: 1. Ở danh sách, bấm Thêm thiết lập chi tiết（詳細設定の追加）. 2. Nhập Tên thiết lập（設定名称） "Cố định 30", chọn Toàn bộ đối tượng（全員が対象）, bấm Cập nhật（更新する）. 3. Mở Ngưỡng, chọn Điểm cố định（固定点数）, nhập 30, chọn Nhỏ hơn（未満）, bấm Cập nhật（更新する）. 4. Xem danh sách. | Lượt chạy | Phạm vi thực hiện và đối chiếu | | --- | --- | | Run: Base | Toàn bộ thủ tục theo đúng thứ tự; các đối chứng cùng fixture được kiểm trong cùng lượt, không bỏ bước | | L4: 1. Sau mỗi lần cập nhật, màn quay về danh sách. 2. Dòng mới hiện tên, tóm tắt điều kiện "toàn bộ" và ngưỡng "Điểm cố định: 30 điểm, Nhỏ hơn" đúng với dữ liệu đã lưu. 3. **PROPOSED (đặc tả v2 mục 4.4 “Lưu, đổi thứ tự và xóa”):** dòng mới nằm sau các quy tắc đã có. | O4: 1 | P4: =IF(OR(COUNTIF('Run Log'!$B:$B,A4)<>O4,COUNTIF('Run Log'!$A:$A,"RUN-TC-RS-FUNC-004-Base")<>1,COUNTIFS('Run Log'!$A:$A,"RUN-TC-RS-FUNC-004-Base",'Run Log'!$B:$B,A4,'Run Log'!$C:$C,"Base")<>1),"INCOMPLETE",IF(COUNTIFS('Run Log'!$B:$B,A4,'Run Log'!$D:$D,"PASS")=O4,"PASS",IF(COUNTIFS('Run Log'!$B:$B,A4,'Run Log'!$D:$D,"FAIL")>0,"FAIL",IF(COUNTIFS('Run Log'!$B:$B,A4,'Run Log'!$D:$D,"BLOCKED")>0,"BLOCKED",IF(COUNTIFS('Run Log'!$B:$B,A4,'Run Log'!$D:$D,"SKIPPED")>0,"SKIPPED","NOT RUN")))))
A5: TC-RS-FUNC-005 | B5: Nhiều quy tắc hiển thị theo ưu tiên; đổi thứ tự bằng ▲▼ được lưu | C5: A. Functional | D5: - Điều kiện: mục số nguyên (M=100) có 3 quy tắc tên quy tắc 1, quy tắc 2, quy tắc 3 (tên tạm trong case) theo thứ tự. - Dữ liệu test: mục số nguyên (M=100); quy tắc “Cố định 30” (dưới 30), cặp quy tắc cùng áp dụng (dưới 20 và dưới 30) | E5: Cao | F5: CONFIRMED | G5: UNASSESSED | H5: tiêu chí nghiệm thu “Lưu và mở lại nhiều thiết lập” (AC-G04 «Lưu và mở lại nhiều thiết lập») | I5: A. Functional | J5: test-cases.vi.md | K5: 1. Bấm ▼ ở quy tắc 1. 2. Tải lại trang. 3. Bấm ▲ ở quy tắc 3. 4. Đăng xuất, đăng nhập lại, mở danh sách. | Lượt chạy | Phạm vi thực hiện và đối chiếu | | --- | --- | | Run: Base | Toàn bộ thủ tục theo đúng thứ tự; các đối chứng cùng fixture được kiểm trong cùng lượt, không bỏ bước | | L5: 1. Sau bước 1 thứ tự là quy tắc 2, quy tắc 1, quy tắc 3 và giữ nguyên sau khi tải lại. 2. Sau bước 3 thứ tự là quy tắc 2, quy tắc 3, quy tắc 1 và giữ nguyên khi mở lại. 3. Đổi thứ tự không làm thay kết quả đỏ hiện có (kiểm ở case “Lưu cấu hình không xét; kết quả trước giữ tới lần chạy lại”). | O5: 1 | P5: =IF(OR(COUNTIF('Run Log'!$B:$B,A5)<>O5,COUNTIF('Run Log'!$A:$A,"RUN-TC-RS-FUNC-005-Base")<>1,COUNTIFS('Run Log'!$A:$A,"RUN-TC-RS-FUNC-005-Base",'Run Log'!$B:$B,A5,'Run Log'!$C:$C,"Base")<>1),"INCOMPLETE",IF(COUNTIFS('Run Log'!$B:$B,A5,'Run Log'!$D:$D,"PASS")=O5,"PASS",IF(COUNTIFS('Run Log'!$B:$B,A5,'Run Log'!$D:$D,"FAIL")>0,"FAIL",IF(COUNTIFS('Run Log'!$B:$B,A5,'Run Log'!$D:$D,"BLOCKED")>0,"BLOCKED",IF(COUNTIFS('Run Log'!$B:$B,A5,'Run Log'!$D:$D,"SKIPPED")>0,"SKIPPED","NOT RUN")))))
A6: TC-RS-FUNC-006 | B6: Xóa một quy tắc có xác nhận; Hủy（キャンセル） giữ nguyên | C6: A. Functional | D6: - Điều kiện: mục số nguyên (M=100) có 2 quy tắc. - Dữ liệu test: mục số nguyên (M=100); cặp quy tắc cùng áp dụng (dưới 20 và dưới 30) | E6: Cao | F6: CONFIRMED | G6: UNASSESSED | H6: tiêu chí nghiệm thu “Lưu và mở lại nhiều thiết lập” (AC-G04 «Lưu và mở lại nhiều thiết lập») | I6: A. Functional | J6: test-cases.vi.md | K6: 1. Bấm Xóa（削除） ở quy tắc thứ 2, chọn Hủy（キャンセル）. 2. Bấm Xóa（削除） lại, chọn Xóa（削除する）. | Lượt chạy | Phạm vi thực hiện và đối chiếu | | --- | --- | | Run: cancel | Hủy xóa | | Run: delete | Xác nhận xóa, dựng lại baseline trước lượt này | | L6: 1. Hộp xác nhận nêu thiết lập sẽ bị xóa và kết quả học sinh chỉ cập nhật ở lần xét tiếp theo. 2. Hủy: danh sách giữ 2 quy tắc. 3. Xóa: danh sách còn 1 quy tắc; kết quả đỏ hiện có không đổi cho tới lần xét tiếp theo (case “Xóa quy tắc cuối: giữ kết quả tới lần chạy lại; chạy lại → Không áp dụng”). | O6: 2 | P6: =IF(OR(COUNTIF('Run Log'!$B:$B,A6)<>O6,COUNTIF('Run Log'!$A:$A,"RUN-TC-RS-FUNC-006-cancel")<>1,COUNTIFS('Run Log'!$A:$A,"RUN-TC-RS-FUNC-006-cancel",'Run Log'!$B:$B,A6,'Run Log'!$C:$C,"cancel")<>1,COUNTIF('Run Log'!$A:$A,"RUN-TC-RS-FUNC-006-delete")<>1,COUNTIFS('Run Log'!$A:$A,"RUN-TC-RS-FUNC-006-delete",'Run Log'!$B:$B,A6,'Run Log'!$C:$C,"delete")<>1),"INCOMPLETE",IF(COUNTIFS('Run Log'!$B:$B,A6,'Run Log'!$D:$D,"PASS")=O6,"PASS",IF(COUNTIFS('Run Log'!$B:$B,A6,'Run Log'!$D:$D,"FAIL")>0,"FAIL",IF(COUNTIFS('Run Log'!$B:$B,A6,'Run Log'!$D:$D,"BLOCKED")>0,"BLOCKED",IF(COUNTIFS('Run Log'!$B:$B,A6,'Run Log'!$D:$D,"SKIPPED")>0,"SKIPPED","NOT RUN")))))
A7: TC-RS-FUNC-007 | B7: Quay lại（戻る）/hủy chỉnh sửa không lưu dữ liệu đang nhập | C7: A. Functional | D7: - Điều kiện: mục số nguyên (M=100) có quy tắc “Cố định 30” (dưới 30). - Dữ liệu test: mục số nguyên (M=100); quy tắc “Cố định 30” (dưới 30) | E7: TBD | F7: CONFIRMED | G7: UNASSESSED | H7: tiêu chí nghiệm thu “Lưu và mở lại nhiều thiết lập” (AC-G04 «Lưu và mở lại nhiều thiết lập») | I7: A. Functional | J7: test-cases.vi.md | K7: 1. Mở Ngưỡng của quy tắc “Cố định 30” (dưới 30), đổi 30 thành 35 và đổi sang Nhỏ hơn hoặc bằng（以下）. 2. Bấm Quay lại（戻る）. 3. Mở Điều kiện áp dụng, đổi tên, bấm Quay lại（戻る）. 4. Mở lại hai màn. | Lượt chạy | Phạm vi thực hiện và đối chiếu | | --- | --- | | Run: back-threshold | Quay lại từ màn ngưỡng | | Run: back-condition | Quay lại từ màn điều kiện | | L7: Danh sách và hai màn vẫn hiện giá trị đã lưu trước đó (30, Nhỏ hơn, tên cũ). | O7: 2 | P7: =IF(OR(COUNTIF('Run Log'!$B:$B,A7)<>O7,COUNTIF('Run Log'!$A:$A,"RUN-TC-RS-FUNC-007-back-threshold")<>1,COUNTIFS('Run Log'!$A:$A,"RUN-TC-RS-FUNC-007-back-threshold",'Run Log'!$B:$B,A7,'Run Log'!$C:$C,"back-threshold")<>1,COUNTIF('Run Log'!$A:$A,"RUN-TC-RS-FUNC-007-back-condition")<>1,COUNTIFS('Run Log'!$A:$A,"RUN-TC-RS-FUNC-007-back-condition",'Run Log'!$B:$B,A7,'Run Log'!$C:$C,"back-condition")<>1),"INCOMPLETE",IF(COUNTIFS('Run Log'!$B:$B,A7,'Run Log'!$D:$D,"PASS")=O7,"PASS",IF(COUNTIFS('Run Log'!$B:$B,A7,'Run Log'!$D:$D,"FAIL")>0,"FAIL",IF(COUNTIFS('Run Log'!$B:$B,A7,'Run Log'!$D:$D,"BLOCKED")>0,"BLOCKED",IF(COUNTIFS('Run Log'!$B:$B,A7,'Run Log'!$D:$D,"SKIPPED")>0,"SKIPPED","NOT RUN")))))
A8: TC-RS-FUNC-008 | B8: Điều kiện áp dụng: Toàn bộ đối tượng hoặc giới hạn bằng bộ lọc kế thừa từ tính tự động | C8: A. Functional | D8: - Điều kiện: Đăng nhập tài khoản giáo viên có quyền sửa mục. - Dữ liệu test: các lớp học phần G-A, G-B, G-C, quy tắc có bộ lọc kết hợp (khối 1 hoặc 2, nhóm Nâng cao) | E8: TBD | F8: CONFIRMED | G8: UNASSESSED | H8: tiêu chí nghiệm thu “Đối tượng áp dụng và nhu cầu nguồn” (AC-G05 «Đối tượng áp dụng và nhu cầu nguồn») | I8: A. Functional | J8: test-cases.vi.md | K8: 1. Mở Điều kiện áp dụng của một quy tắc mới. 2. Chọn Toàn bộ đối tượng（全員が対象）, lưu, mở lại. 3. Chọn Giới hạn bằng bộ lọc（特定条件で絞り込む）, bấm Thêm điều kiện lọc（絞り込み条件を追加）, liệt kê các loại lọc có trong danh sách. 4. Cấu hình như quy tắc có bộ lọc kết hợp (khối 1 hoặc 2, nhóm Nâng cao), lưu, mở lại. | Lượt chạy | Phạm vi thực hiện và đối chiếu | | --- | --- | | Run: all | Toàn bộ đối tượng | | Run: filter | Giới hạn bằng bộ lọc | | L8: 1. Hai lựa chọn đối tượng lưu và mở lại đúng. 2. Có các bộ lọc Môn/phân môn（教科・科目）, Khối（学年）, lớp/nhóm và các điều kiện lựa chọn đang được hỗ trợ (đặc tả v2 mục 5.1 “Đối tượng áp dụng”). Danh sách đề xuất (PROPOSED, thiết kế DB v2 mục 3.2 “`apply_condition`”): khối (`hr_grade`), môn (`subject`), phân môn (`sub_subject`), lớp học phần (`group`), lớp chủ nhiệm (`homeroom`), nhóm tổng hợp (`calc_group`), mã lựa chọn của mục (`choice`). 3. Không có trình soạn AND/OR lồng nhau. | O8: 2 | P8: =IF(OR(COUNTIF('Run Log'!$B:$B,A8)<>O8,COUNTIF('Run Log'!$A:$A,"RUN-TC-RS-FUNC-008-all")<>1,COUNTIFS('Run Log'!$A:$A,"RUN-TC-RS-FUNC-008-all",'Run Log'!$B:$B,A8,'Run Log'!$C:$C,"all")<>1,COUNTIF('Run Log'!$A:$A,"RUN-TC-RS-FUNC-008-filter")<>1,COUNTIFS('Run Log'!$A:$A,"RUN-TC-RS-FUNC-008-filter",'Run Log'!$B:$B,A8,'Run Log'!$C:$C,"filter")<>1),"INCOMPLETE",IF(COUNTIFS('Run Log'!$B:$B,A8,'Run Log'!$D:$D,"PASS")=O8,"PASS",IF(COUNTIFS('Run Log'!$B:$B,A8,'Run Log'!$D:$D,"FAIL")>0,"FAIL",IF(COUNTIFS('Run Log'!$B:$B,A8,'Run Log'!$D:$D,"BLOCKED")>0,"BLOCKED",IF(COUNTIFS('Run Log'!$B:$B,A8,'Run Log'!$D:$D,"SKIPPED")>0,"SKIPPED","NOT RUN")))))
A9: TC-RS-FUNC-009 | B9: Điều kiện phân nhánh theo Trung bình（平均点） được lưu cùng bộ nguồn | C9: A. Functional | D9: - Điều kiện: Đăng nhập tài khoản giáo viên có quyền sửa mục. Có nguồn tổng hợp mặc định. - Dữ liệu test: cặp quy tắc phân nhánh theo trung bình 60, bản tổng hợp mới nhất chưa chốt (trung bình 62) | E9: TBD | F9: CONFIRMED | G9: UNASSESSED | H9: tiêu chí nghiệm thu “Đúng phạm vi tham chiếu” (AC-G12 «Đúng phạm vi tham chiếu») | I9: A. Functional | J9: test-cases.vi.md | K9: 1. Tạo quy tắc "Trung bình dưới 60": thêm bộ lọc Môn（教科・科目）= Toán（数学） và điều kiện Trung bình（平均点）. 2. Chọn Thời kỳ tổng hợp（集計対象時期）= 1学期期末 (cuối kỳ học kỳ 1), Thiết lập tổng hợp thứ hạng（順位集計設定）= 評点集計 (tổng hợp điểm đánh giá), Nhóm học sinh được tổng hợp — 集計対象（母集団）= ホームルーム (lớp chủ nhiệm; file Figma cũ ghi HR毎). 3. Nhập mốc 60, dấu Nhỏ hơn（未満）, lưu. 4. Tạo quy tắc thứ hai với mốc 60, dấu Từ mức này trở lên（以上）. 5. Mở lại cả hai. | Lượt chạy | Phạm vi thực hiện và đối chiếu | | --- | --- | | Run: below60 | Điều kiện dưới 60 | | Run: from60 | Điều kiện từ 60 | | L9: 1. Cả hai quy tắc lưu được, là hai dòng riêng trong danh sách (không phải một form hai nhánh). 2. Mở lại giữ đủ bộ nguồn, mốc, dấu. 3. Không có lựa chọn Kết quả tổng hợp dùng để tham chiếu（参照する集計結果） (đặc tả v2 mục 3 “Bản đồ màn hình và luồng thao tác”, mục 5.5 “Chọn bản nguồn”). | O9: 2 | P9: =IF(OR(COUNTIF('Run Log'!$B:$B,A9)<>O9,COUNTIF('Run Log'!$A:$A,"RUN-TC-RS-FUNC-009-below60")<>1,COUNTIFS('Run Log'!$A:$A,"RUN-TC-RS-FUNC-009-below60",'Run Log'!$B:$B,A9,'Run Log'!$C:$C,"below60")<>1,COUNTIF('Run Log'!$A:$A,"RUN-TC-RS-FUNC-009-from60")<>1,COUNTIFS('Run Log'!$A:$A,"RUN-TC-RS-FUNC-009-from60",'Run Log'!$B:$B,A9,'Run Log'!$C:$C,"from60")<>1),"INCOMPLETE",IF(COUNTIFS('Run Log'!$B:$B,A9,'Run Log'!$D:$D,"PASS")=O9,"PASS",IF(COUNTIFS('Run Log'!$B:$B,A9,'Run Log'!$D:$D,"FAIL")>0,"FAIL",IF(COUNTIFS('Run Log'!$B:$B,A9,'Run Log'!$D:$D,"BLOCKED")>0,"BLOCKED",IF(COUNTIFS('Run Log'!$B:$B,A9,'Run Log'!$D:$D,"SKIPPED")>0,"SKIPPED","NOT RUN")))))
A10: TC-RS-FUNC-010 | B10: Điều kiện Tỷ lệ điểm của nhóm（集団の得点率） được lưu cùng bộ nguồn | C10: A. Functional | D10: - Điều kiện: Đăng nhập tài khoản giáo viên có quyền sửa mục. - Dữ liệu test: quy tắc theo tỷ lệ điểm của nhóm từ 65% | E10: TBD | F10: CONFIRMED | G10: UNASSESSED | H10: tiêu chí nghiệm thu “Đúng phạm vi tham chiếu” (AC-G12 «Đúng phạm vi tham chiếu») | I10: A. Functional | J10: test-cases.vi.md | K10: 1. Tạo quy tắc với điều kiện Tỷ lệ điểm của nhóm（集団の得点率）, nguồn mặc định, mốc 65, dấu Từ mức này trở lên（以上）. 2. Lưu, mở lại. | Lượt chạy | Phạm vi thực hiện và đối chiếu | | --- | --- | | Run: Base | Toàn bộ thủ tục theo đúng thứ tự; các đối chứng cùng fixture được kiểm trong cùng lượt, không bỏ bước | | L10: Lưu và mở lại đúng loại điều kiện, nguồn, mốc 65 và dấu. Không có tùy chọn chọn cách tính A/B. | O10: 1 | P10: =IF(OR(COUNTIF('Run Log'!$B:$B,A10)<>O10,COUNTIF('Run Log'!$A:$A,"RUN-TC-RS-FUNC-010-Base")<>1,COUNTIFS('Run Log'!$A:$A,"RUN-TC-RS-FUNC-010-Base",'Run Log'!$B:$B,A10,'Run Log'!$C:$C,"Base")<>1),"INCOMPLETE",IF(COUNTIFS('Run Log'!$B:$B,A10,'Run Log'!$D:$D,"PASS")=O10,"PASS",IF(COUNTIFS('Run Log'!$B:$B,A10,'Run Log'!$D:$D,"FAIL")>0,"FAIL",IF(COUNTIFS('Run Log'!$B:$B,A10,'Run Log'!$D:$D,"BLOCKED")>0,"BLOCKED",IF(COUNTIFS('Run Log'!$B:$B,A10,'Run Log'!$D:$D,"SKIPPED")>0,"SKIPPED","NOT RUN")))))
A11: TC-RS-FUNC-011 | B11: Chọn loại ngưỡng làm thay đổi vùng nhập | C11: A. Functional | D11: - Điều kiện: Mở Ngưỡng của một quy tắc. - Dữ liệu test: — | E11: TBD | F11: CONFIRMED | G11: UNASSESSED | H11: đặc tả v2 mục 5.6 “Khi nào không cần nguồn?”, mục 6.1 “Thành phần chung của màn ngưỡng” | I11: A. Functional | J11: test-cases.vi.md | K11: 1. Chọn Điểm cố định（固定点数）. 2. Chọn Tỷ lệ điểm tối đa（得点率）. 3. Chọn Công thức（計算式）. | Lượt chạy | Phạm vi thực hiện và đối chiếu | | --- | --- | | Run: fixed | Chọn cố định | | Run: ratio | Chọn tỷ lệ | | Run: formula | Chọn công thức | | L11: 1. Cố định: có ô ngưỡng và dấu so sánh; không có vùng nguồn trung bình, không có xử lý phần lẻ. 2. Tỷ lệ: có ô %, xử lý phần lẻ, dấu so sánh; không có vùng nguồn trung bình. 3. Công thức: có vùng nguồn trung bình, bảng dòng công thức, dấu so sánh. | O11: 3 | P11: =IF(OR(COUNTIF('Run Log'!$B:$B,A11)<>O11,COUNTIF('Run Log'!$A:$A,"RUN-TC-RS-FUNC-011-fixed")<>1,COUNTIFS('Run Log'!$A:$A,"RUN-TC-RS-FUNC-011-fixed",'Run Log'!$B:$B,A11,'Run Log'!$C:$C,"fixed")<>1,COUNTIF('Run Log'!$A:$A,"RUN-TC-RS-FUNC-011-ratio")<>1,COUNTIFS('Run Log'!$A:$A,"RUN-TC-RS-FUNC-011-ratio",'Run Log'!$B:$B,A11,'Run Log'!$C:$C,"ratio")<>1,COUNTIF('Run Log'!$A:$A,"RUN-TC-RS-FUNC-011-formula")<>1,COUNTIFS('Run Log'!$A:$A,"RUN-TC-RS-FUNC-011-formula",'Run Log'!$B:$B,A11,'Run Log'!$C:$C,"formula")<>1),"INCOMPLETE",IF(COUNTIFS('Run Log'!$B:$B,A11,'Run Log'!$D:$D,"PASS")=O11,"PASS",IF(COUNTIFS('Run Log'!$B:$B,A11,'Run Log'!$D:$D,"FAIL")>0,"FAIL",IF(COUNTIFS('Run Log'!$B:$B,A11,'Run Log'!$D:$D,"BLOCKED")>0,"BLOCKED",IF(COUNTIFS('Run Log'!$B:$B,A11,'Run Log'!$D:$D,"SKIPPED")>0,"SKIPPED","NOT RUN")))))
A12: TC-RS-FUNC-012 | B12: Công thức: thêm/xóa dòng, kết quả dòng cuối là ngưỡng | C12: A. Functional | D12: - Điều kiện: Mở Ngưỡng loại Công thức（計算式）. - Dữ liệu test: quy tắc công thức hai dòng (trung bình ÷ 2 × 0.8) | E12: Cao | F12: CONFIRMED | G12: UNASSESSED | H12: tiêu chí nghiệm thu “Công thức theo dòng và phần lẻ” (AC-G16 «Công thức theo dòng và phần lẻ») | I12: A. Functional | J12: test-cases.vi.md | K12: 1. Cấu hình dòng 1 và dòng 2 như quy tắc công thức hai dòng (trung bình ÷ 2 × 0.8), lưu. 2. Mở lại; bấm Thêm công thức（計算式を追加） để có dòng 3, rồi xóa dòng 3, lưu. 3. Xem tóm tắt ở danh sách. | Lượt chạy | Phạm vi thực hiện và đối chiếu | | --- | --- | | Run: Base | Toàn bộ thủ tục theo đúng thứ tự; các đối chứng cùng fixture được kiểm trong cùng lượt, không bỏ bước | | L12: 1. Lưu được 2 dòng; mở lại giữ vế trái, phép toán, vế phải và xử lý phần lẻ từng dòng (chi tiết form là PROPOSED theo thiết kế). 2. Danh sách tóm tắt đủ các dòng và dấu so sánh (PROPOSED; không dùng làm oracle nghiệp vụ nếu đặc tả chưa chốt bố cục tóm tắt). 3. Khi xét, `T` = kết quả dòng cuối; phép tính và xử lý phần lẻ phải tuân theo AC-G16 và case “Công thức hai dòng theo Figma: (A÷2)×0.8, dòng 1 làm tròn xuống”. | O12: 1 | P12: =IF(OR(COUNTIF('Run Log'!$B:$B,A12)<>O12,COUNTIF('Run Log'!$A:$A,"RUN-TC-RS-FUNC-012-Base")<>1,COUNTIFS('Run Log'!$A:$A,"RUN-TC-RS-FUNC-012-Base",'Run Log'!$B:$B,A12,'Run Log'!$C:$C,"Base")<>1),"INCOMPLETE",IF(COUNTIFS('Run Log'!$B:$B,A12,'Run Log'!$D:$D,"PASS")=O12,"PASS",IF(COUNTIFS('Run Log'!$B:$B,A12,'Run Log'!$D:$D,"FAIL")>0,"FAIL",IF(COUNTIFS('Run Log'!$B:$B,A12,'Run Log'!$D:$D,"BLOCKED")>0,"BLOCKED",IF(COUNTIFS('Run Log'!$B:$B,A12,'Run Log'!$D:$D,"SKIPPED")>0,"SKIPPED","NOT RUN")))))
A13: TC-RS-FUNC-013 | B13: Dấu so sánh Nhỏ hơn（未満）/Nhỏ hơn hoặc bằng（以下） được lưu và hiển thị | C13: A. Functional | D13: - Điều kiện: Có quy tắc “Cố định 30” (dưới 30). - Dữ liệu test: quy tắc “Cố định 30” (dưới 30), quy tắc cố định 30 với Nhỏ hơn hoặc bằng（以下） | E13: TBD | F13: CONFIRMED | G13: UNASSESSED | H13: đặc tả v2 mục 6.1 “Thành phần chung của màn ngưỡng” | I13: A. Functional | J13: test-cases.vi.md | K13: 1. Đổi dấu của quy tắc “Cố định 30” (dưới 30) sang Nhỏ hơn hoặc bằng（以下）, lưu, mở lại. 2. Đổi lại Nhỏ hơn（未満）, lưu, mở lại. | Lượt chạy | Phạm vi thực hiện và đối chiếu | | --- | --- | | Run: lt | Dấu nhỏ hơn | | Run: le | Dấu nhỏ hơn hoặc bằng | | L13: Dấu đã chọn được lưu, hiển thị đúng ở form và tóm tắt danh sách. Tác động lên kết quả: case “Ngưỡng cố định 30: S = 29 / 30 / 31 với `<` và `≤`”. | O13: 2 | P13: =IF(OR(COUNTIF('Run Log'!$B:$B,A13)<>O13,COUNTIF('Run Log'!$A:$A,"RUN-TC-RS-FUNC-013-lt")<>1,COUNTIFS('Run Log'!$A:$A,"RUN-TC-RS-FUNC-013-lt",'Run Log'!$B:$B,A13,'Run Log'!$C:$C,"lt")<>1,COUNTIF('Run Log'!$A:$A,"RUN-TC-RS-FUNC-013-le")<>1,COUNTIFS('Run Log'!$A:$A,"RUN-TC-RS-FUNC-013-le",'Run Log'!$B:$B,A13,'Run Log'!$C:$C,"le")<>1),"INCOMPLETE",IF(COUNTIFS('Run Log'!$B:$B,A13,'Run Log'!$D:$D,"PASS")=O13,"PASS",IF(COUNTIFS('Run Log'!$B:$B,A13,'Run Log'!$D:$D,"FAIL")>0,"FAIL",IF(COUNTIFS('Run Log'!$B:$B,A13,'Run Log'!$D:$D,"BLOCKED")>0,"BLOCKED",IF(COUNTIFS('Run Log'!$B:$B,A13,'Run Log'!$D:$D,"SKIPPED")>0,"SKIPPED","NOT RUN")))))
A14: TC-RS-FUNC-014 | B14: Quy tắc mới chỉ có điều kiện, chưa có ngưỡng, không tham gia xét | C14: A. Functional | D14: - Điều kiện chung: trường A/năm 2026, mục số nguyên TD-ITEM-01 (M=100), S01 có điểm 29; giáo viên có quyền sửa rule và chạy xét lại. Hai tab cùng phạm vi mục/kỳ. Mỗi biến thể có bản reset riêng, đúng hai rule Toàn bộ với dấu `<`; ghi identity rule ưu tiên 1 và rule đối chứng ưu tiên 2. Phạm vi trích xuất chỉ gồm ô này để ô đỏ khác không ảnh hưởng bộ lọc. - `incomplete-excluded`: rule ưu tiên 1 chỉ lưu điều kiện, chưa có ngưỡng; rule đối chứng ưu tiên 2 có T=30. Đây là fixture TD-RULE-13/TD-RULE-01. - `complete-deleted-stale`: rule ưu tiên 1 hoàn chỉnh T=30, rule đối chứng ưu tiên 2 T=20; chạy baseline S01=29 → Đỏ theo rule ưu tiên 1. - `incomplete-deleted-stale`: rule ưu tiên 1 chỉ có điều kiện, rule đối chứng ưu tiên 2 T=20; chạy baseline S01=29 → Không đỏ theo rule đối chứng. T=20 là cấu hình riêng của hai biến thể stale-form, không thay TD-RULE-01 dùng chung. | E14: Cao | F14: CONFIRMED | G14: BLOCKED | H14: đặc tả v2 mục 4.4 “Lưu, đổi thứ tự và xóa”; tiêu chí nghiệm thu “Lưu và mở lại nhiều thiết lập” (AC-G04 «Lưu và mở lại nhiều thiết lập») | I14: A. Functional | J14: test-cases.vi.md | K14: 1. Với `incomplete-excluded`, dựng fixture riêng, xem dòng chưa hoàn chỉnh; đăng ký S01=29 và đọc kết quả, identity rule/ngưỡng đã dùng cùng đầu ra trích xuất. 2. Với `complete-deleted-stale`, reset và xác nhận baseline Đỏ/T=30. Mở form ngưỡng của rule ưu tiên 1 ở tab A. Xóa đúng rule đó ở tab B, rồi gửi lưu T=30 từ form cũ ở tab A. Reload danh sách và đọc trạng thái rule; trước khi chạy xét lại, đọc điểm/kết quả đã hoàn tất của S01. 3. Chạy xét lại thành công cho đúng ô của `complete-deleted-stale`; đọc identity rule/ngưỡng được chọn. Chạy trích xuất một lượt tắt lọc để thấy điểm và dấu, một lượt bật lọc đỏ để kiểm membership của S01. 4. Với `incomplete-deleted-stale`, reset và xác nhận baseline Không đỏ/T=20. Mở form ngưỡng của rule nhập dở ở tab A, nhập T=40 nhưng **chưa lưu**. Xóa đúng rule nhập dở ở tab B, rồi gửi T=40 từ form cũ ở tab A. Reload danh sách và đọc trạng thái rule. 5. Chạy xét lại thành công cho đúng ô của `incomplete-deleted-stale`; đọc identity rule/ngưỡng và thực hiện hai lượt trích xuất tắt/bật lọc như bước 3. Lưu bằng chứng riêng cho từng biến thể, không dùng kết quả của biến thể trước. | Lượt chạy | Phạm vi thực hiện và đối chiếu | | --- | --- | | Run: incomplete-excluded | Nhánh incomplete-excluded trong thủ tục và Expected của case; thực hiện các bước chuẩn bị chung trước nhánh | | Run: complete-deleted-stale | Nhánh complete-deleted-stale trong thủ tục và Expected của case; thực hiện các bước chuẩn bị chung trước nhánh | | Run: incomplete-deleted-stale | Nhánh incomplete-deleted-stale trong thủ tục và Expected của case; thực hiện các bước chuẩn bị chung trước nhánh | | L14: 1. `incomplete-excluded`: dòng nhập dở hiện chưa thiết lập và cho mở ngưỡng; không tạo ngưỡng 0 ngầm. Bộ xét chọn đúng rule đối chứng T=30, S01=29 Đỏ; rule nhập dở không tham gia xét. 2. `complete-deleted-stale`: lưu form cũ không phục hồi rule đã xóa trong danh sách hoặc bộ xét. Trước lần xét lại, S01 vẫn giữ điểm 29 và kết quả Đỏ/T=30 đã hoàn tất. Sau lần xét lại, bộ xét chọn đúng identity rule đối chứng T=20 → **Không đỏ**; lượt tắt lọc hiện 29 không dấu đỏ, lượt bật lọc không có S01. 3. `incomplete-deleted-stale`: T=40 gửi từ form cũ không làm rule nhập dở đã xóa sống lại hoặc trở thành rule hoàn chỉnh. Sau lần xét lại, bộ xét vẫn chọn đúng rule đối chứng T=20 → **Không đỏ**, điểm 29 giữ nguyên; lượt tắt lọc không có dấu đỏ, lượt bật lọc không có S01. Nếu rule 40 bị phục hồi thì 29<40 sẽ Đỏ, nên không được PASS trường hợp đó dù danh sách đã ẩn rule. 4. Rule đối chứng giữ nguyên cấu hình/identity ở cả hai biến thể stale-form. Nếu từ chối form cũ, thông báo an toàn; không áp đặt mã HTTP hoặc enum/schema chưa được xác nhận. Thiếu seam gửi form, chạy xét hoặc reader đáng tin thì ghi BLOCKED cho biến thể liên quan. | O14: 3 | P14: =IF(OR(COUNTIF('Run Log'!$B:$B,A14)<>O14,COUNTIF('Run Log'!$A:$A,"RUN-TC-RS-FUNC-014-incomplete-excluded")<>1,COUNTIFS('Run Log'!$A:$A,"RUN-TC-RS-FUNC-014-incomplete-excluded",'Run Log'!$B:$B,A14,'Run Log'!$C:$C,"incomplete-excluded")<>1,COUNTIF('Run Log'!$A:$A,"RUN-TC-RS-FUNC-014-complete-deleted-stale")<>1,COUNTIFS('Run Log'!$A:$A,"RUN-TC-RS-FUNC-014-complete-deleted-stale",'Run Log'!$B:$B,A14,'Run Log'!$C:$C,"complete-deleted-stale")<>1,COUNTIF('Run Log'!$A:$A,"RUN-TC-RS-FUNC-014-incomplete-deleted-stale")<>1,COUNTIFS('Run Log'!$A:$A,"RUN-TC-RS-FUNC-014-incomplete-deleted-stale",'Run Log'!$B:$B,A14,'Run Log'!$C:$C,"incomplete-deleted-stale")<>1),"INCOMPLETE",IF(COUNTIFS('Run Log'!$B:$B,A14,'Run Log'!$D:$D,"PASS")=O14,"PASS",IF(COUNTIFS('Run Log'!$B:$B,A14,'Run Log'!$D:$D,"FAIL")>0,"FAIL",IF(COUNTIFS('Run Log'!$B:$B,A14,'Run Log'!$D:$D,"BLOCKED")>0,"BLOCKED",IF(COUNTIFS('Run Log'!$B:$B,A14,'Run Log'!$D:$D,"SKIPPED")>0,"SKIPPED","NOT RUN")))))
A15: TC-RS-FUNC-015 | B15: Quy trình vận hành dùng trung bình: tắt tự tổng hợp → nút xanh → nút cam | C15: A. Functional | D15: - Điều kiện: mục số nguyên (M=100) có cặp quy tắc phân nhánh theo trung bình 60. Điểm của nhóm HR1 đã đầy đủ. Không có bản chốt cho nguồn mặc định. Đăng nhập tài khoản có quyền chạy hàng loạt. - Dữ liệu test: mục số nguyên (M=100); cặp quy tắc phân nhánh theo trung bình 60, các lớp chủ nhiệm HR1, HR2, học sinh S01–S05 | E15: Cao | F15: CONFIRMED | G15: UNASSESSED | H15: tiêu chí nghiệm thu “Thứ tự đánh giá tương đối” (AC-G25 «Thứ tự đánh giá tương đối») | I15: A. Functional | J15: test-cases.vi.md | K15: 1. Thiết lập tổng hợp thứ hạng（順位集計設定）→ Thiết lập chi tiết（詳細設定）: đặt tự tổng hợp khi đăng ký điểm là Không thực hiện（実行しない）. 2. Ở Tổng hợp thành tích（成績集計）, chọn Khối 1, kỳ 1学期期末 (cuối kỳ học kỳ 1), bấm Thực hiện tổng hợp（集計実行）, chờ hoàn tất. 3. Bấm Thực hiện tính toán tự động（自動算出実行）, chờ hoàn tất. 4. Xem kết quả ở ba đầu ra. 5. Sau bước 3, xem lần chạy tổng hợp gần nhất hiển thị ở Tổng hợp thành tích（成績集計）. | Lượt chạy | Phạm vi thực hiện và đối chiếu | | --- | --- | | Run: Base | Toàn bộ thủ tục theo đúng thứ tự; các đối chứng cùng fixture được kiểm trong cùng lượt, không bỏ bước | | L15: 1. Sau bước 2 (chỉ nút xanh), kết quả đỏ chưa thay đổi. 2. Sau bước 3, mỗi ô của S01–S05 có kết quả theo nhánh đúng với `A` của tổng hợp vừa chạy. 3. Ba đầu ra hiển thị cùng kết quả mới. 4. (Theo tiêu chí nghiệm thu “Thứ tự đánh giá tương đối”) Bước 3 không tự chạy lại Thực hiện tổng hợp（集計実行） hay thêm lượt xét thứ hai, kể cả khi tính tự động làm đổi điểm dùng cho trung bình: lần chạy tổng hợp gần nhất vẫn là lần ở bước 2. Muốn dùng trung bình mới thì người dùng chạy lại quy trình. | O15: 1 | P15: =IF(OR(COUNTIF('Run Log'!$B:$B,A15)<>O15,COUNTIF('Run Log'!$A:$A,"RUN-TC-RS-FUNC-015-Base")<>1,COUNTIFS('Run Log'!$A:$A,"RUN-TC-RS-FUNC-015-Base",'Run Log'!$B:$B,A15,'Run Log'!$C:$C,"Base")<>1),"INCOMPLETE",IF(COUNTIFS('Run Log'!$B:$B,A15,'Run Log'!$D:$D,"PASS")=O15,"PASS",IF(COUNTIFS('Run Log'!$B:$B,A15,'Run Log'!$D:$D,"FAIL")>0,"FAIL",IF(COUNTIFS('Run Log'!$B:$B,A15,'Run Log'!$D:$D,"BLOCKED")>0,"BLOCKED",IF(COUNTIFS('Run Log'!$B:$B,A15,'Run Log'!$D:$D,"SKIPPED")>0,"SKIPPED","NOT RUN")))))
A16: TC-RS-FUNC-016 | B16: Đăng ký/sửa điểm trực tiếp ở màn lớp kích hoạt xét | C16: A. Functional | D16: - Điều kiện: mục số nguyên (M=100) có quy tắc “Cố định 30” (dưới 30); mục số nguyên (M=100) không có quy tắc tính tự động. - Dữ liệu test: mục số nguyên (M=100); quy tắc “Cố định 30” (dưới 30), học sinh S01 (điểm 29), học sinh S03 (điểm 31) | E16: Cao | F16: CONFIRMED | G16: UNASSESSED | H16: tiêu chí nghiệm thu “Bao phủ đường đăng ký và chạy lại” (AC-G23 «Bao phủ đường đăng ký và chạy lại») | I16: A. Functional | J16: test-cases.vi.md | K16: 1. Ở màn đăng ký điểm của lớp G-A, nhập S01=29, S03=31, lưu. 2. Xem trích xuất. | Lượt chạy | Phạm vi thực hiện và đối chiếu | | --- | --- | | Run: Base | Toàn bộ thủ tục theo đúng thứ tự; các đối chứng cùng fixture được kiểm trong cùng lượt, không bỏ bước | | L16: Sau khi lưu thành công: S01 Đỏ, S03 Không đỏ. Đây là đường đăng ký trực tiếp với quy tắc cố định, nên không yêu cầu nguồn trung bình hoặc nút cam; không suy rộng kết luận này cho case dùng trung bình/tỷ lệ nhóm. | O16: 1 | P16: =IF(OR(COUNTIF('Run Log'!$B:$B,A16)<>O16,COUNTIF('Run Log'!$A:$A,"RUN-TC-RS-FUNC-016-Base")<>1,COUNTIFS('Run Log'!$A:$A,"RUN-TC-RS-FUNC-016-Base",'Run Log'!$B:$B,A16,'Run Log'!$C:$C,"Base")<>1),"INCOMPLETE",IF(COUNTIFS('Run Log'!$B:$B,A16,'Run Log'!$D:$D,"PASS")=O16,"PASS",IF(COUNTIFS('Run Log'!$B:$B,A16,'Run Log'!$D:$D,"FAIL")>0,"FAIL",IF(COUNTIFS('Run Log'!$B:$B,A16,'Run Log'!$D:$D,"BLOCKED")>0,"BLOCKED",IF(COUNTIFS('Run Log'!$B:$B,A16,'Run Log'!$D:$D,"SKIPPED")>0,"SKIPPED","NOT RUN")))))
A17: TC-RS-FUNC-017 | B17: Nhập CSV điểm lớp học phần (NB) kích hoạt xét | C17: A. Functional | D17: - Điều kiện: mục số nguyên (M=100) có quy tắc “Cố định 30” (dưới 30). Chạy hai lần: (a) trường có tính tự động, (b) trường không có tính tự động. - Dữ liệu test: mục số nguyên (M=100); quy tắc “Cố định 30” (dưới 30), học sinh S01 (điểm 29) | E17: Cao | F17: CONFIRMED | G17: UNASSESSED | H17: tiêu chí nghiệm thu “Bao phủ đường đăng ký và chạy lại” (AC-G23 «Bao phủ đường đăng ký và chạy lại») | I17: A. Functional | J17: test-cases.vi.md | K17: 1. Mở Đăng ký thành tích bằng CSV（成績CSV登録） của lớp G-A, nhập CSV với S01=29. 2. Xem kết quả ở trích xuất. 3. Nhập lại CSV với S01=31, xem kết quả. | Lượt chạy | Phạm vi thực hiện và đối chiếu | | --- | --- | | Run: auto-on | Trường có tính tự động, thực hiện toàn bộ chuỗi CSV | | Run: auto-off | Trường không có tính tự động, cùng chuỗi CSV | | L17: 1–2. Nhập thành công → S01 được xét: Đỏ, ở cả (a) và (b) (không phụ thuộc việc trường có tính tự động). 3. S01 Không đỏ; không còn dấu đỏ cũ. Điểm và kết quả nhất quán theo ranh giới giao dịch hiện có (tiêu chí nghiệm thu “Lưu thành công và thông báo an toàn”). | O17: 2 | P17: =IF(OR(COUNTIF('Run Log'!$B:$B,A17)<>O17,COUNTIF('Run Log'!$A:$A,"RUN-TC-RS-FUNC-017-auto-on")<>1,COUNTIFS('Run Log'!$A:$A,"RUN-TC-RS-FUNC-017-auto-on",'Run Log'!$B:$B,A17,'Run Log'!$C:$C,"auto-on")<>1,COUNTIF('Run Log'!$A:$A,"RUN-TC-RS-FUNC-017-auto-off")<>1,COUNTIFS('Run Log'!$A:$A,"RUN-TC-RS-FUNC-017-auto-off",'Run Log'!$B:$B,A17,'Run Log'!$C:$C,"auto-off")<>1),"INCOMPLETE",IF(COUNTIFS('Run Log'!$B:$B,A17,'Run Log'!$D:$D,"PASS")=O17,"PASS",IF(COUNTIFS('Run Log'!$B:$B,A17,'Run Log'!$D:$D,"FAIL")>0,"FAIL",IF(COUNTIFS('Run Log'!$B:$B,A17,'Run Log'!$D:$D,"BLOCKED")>0,"BLOCKED",IF(COUNTIFS('Run Log'!$B:$B,A17,'Run Log'!$D:$D,"SKIPPED")>0,"SKIPPED","NOT RUN")))))
A18: TC-RS-FUNC-018 | B18: Liên kết kết quả chấm bài thi kích hoạt xét | C18: A. Functional | D18: - Điều kiện: Có bài thi đã chấm liên kết tới mục số nguyên (M=100) cho lớp G-A và lớp G-C; quy tắc “Cố định 30” (dưới 30) trên mục số nguyên (M=100). G-A đủ thiết lập để AutoRating chạy. G-C được chuẩn bị để `createArgument` không trả lớp này (ví dụ chưa đăng ký thiết lập lớp học bắt buộc（入力必須の授業設定）), nên AutoRating bị bỏ qua. - Dữ liệu test: mục số nguyên (M=100); quy tắc “Cố định 30” (dưới 30), các lớp học phần G-A, G-B, G-C, học sinh S01 (điểm 29) | E18: Cao | F18: CONFIRMED | G18: BLOCKED | H18: tiêu chí nghiệm thu “Bao phủ đường đăng ký và chạy lại” (AC-G23 «Bao phủ đường đăng ký và chạy lại») | I18: A. Functional | J18: test-cases.vi.md | K18: 1. Liên kết kết quả chấm của G-A với S01=29 (quy tắc cố định quy tắc “Cố định 30” (dưới 30)), gồm trường hợp lớp không có quy tắc tính tự động. 2. Liên kết kết quả chấm của G-C với một học sinh của G-C = 28. 3. Xem điểm đã ghi và kết quả đỏ của hai lớp. 4. (Tùy chọn) Lặp lại với quy tắc cần trung bình. | Lượt chạy | Phạm vi thực hiện và đối chiếu | | --- | --- | | Run: linked | Liên kết điểm ở G-A | | Run: auto-skipped | Nhánh AutoRating bỏ qua ở G-C | | L18: 1. S01 Đỏ. 2–3. Điểm 28 của G-C đã được ghi và ô đó được xét → Đỏ, dù AutoRating bị bỏ qua. Không có ô đã ghi nào ở G-C bị để lại không có kết quả. 4. Quy tắc cần trung bình: liên kết không chạy tổng hợp thứ hạng nên trung bình có thể cũ — việc chấp nhận trung bình cũ chưa chốt, phần này TBD, không đánh PASS/FAIL. | O18: 2 | P18: =IF(OR(COUNTIF('Run Log'!$B:$B,A18)<>O18,COUNTIF('Run Log'!$A:$A,"RUN-TC-RS-FUNC-018-linked")<>1,COUNTIFS('Run Log'!$A:$A,"RUN-TC-RS-FUNC-018-linked",'Run Log'!$B:$B,A18,'Run Log'!$C:$C,"linked")<>1,COUNTIF('Run Log'!$A:$A,"RUN-TC-RS-FUNC-018-auto-skipped")<>1,COUNTIFS('Run Log'!$A:$A,"RUN-TC-RS-FUNC-018-auto-skipped",'Run Log'!$B:$B,A18,'Run Log'!$C:$C,"auto-skipped")<>1),"INCOMPLETE",IF(COUNTIFS('Run Log'!$B:$B,A18,'Run Log'!$D:$D,"PASS")=O18,"PASS",IF(COUNTIFS('Run Log'!$B:$B,A18,'Run Log'!$D:$D,"FAIL")>0,"FAIL",IF(COUNTIFS('Run Log'!$B:$B,A18,'Run Log'!$D:$D,"BLOCKED")>0,"BLOCKED",IF(COUNTIFS('Run Log'!$B:$B,A18,'Run Log'!$D:$D,"SKIPPED")>0,"SKIPPED","NOT RUN")))))
A19: TC-RS-FUNC-019 | B19: Lưu lựa chọn điểm tối đa của lớp khi đăng ký điểm kích hoạt xét | C19: A. Functional | D19: - Điều kiện: mục điểm đơn vị (đơn vị U1 có M riêng 40) có quy tắc tỷ lệ 30% (30%). Lớp G-B chưa dùng lựa chọn lớp; S06 có điểm U1 = 14 (M=40 → T=12 → Không đỏ). - Dữ liệu test: mục điểm đơn vị (đơn vị U1 có M riêng 40), quy tắc tỷ lệ 30% | E19: Cao | F19: CONFIRMED | G19: UNASSESSED | H19: tiêu chí nghiệm thu “Trigger khi đổi điểm tối đa/đơn vị” (AC-G24 «Trigger khi đổi điểm tối đa/đơn vị») | I19: A. Functional | J19: test-cases.vi.md | K19: 1. Ở màn đăng ký điểm lớp G-B, chọn lựa chọn lớp M=50 cho U1, lưu. 2. Xem kết quả S06. | Lượt chạy | Phạm vi thực hiện và đối chiếu | | --- | --- | | Run: Base | Toàn bộ thủ tục theo đúng thứ tự; các đối chứng cùng fixture được kiểm trong cùng lượt, không bỏ bước | | L19: Sau khi lưu thành công: M=50 → T=15 → S06=14 Đỏ. | O19: 1 | P19: =IF(OR(COUNTIF('Run Log'!$B:$B,A19)<>O19,COUNTIF('Run Log'!$A:$A,"RUN-TC-RS-FUNC-019-Base")<>1,COUNTIFS('Run Log'!$A:$A,"RUN-TC-RS-FUNC-019-Base",'Run Log'!$B:$B,A19,'Run Log'!$C:$C,"Base")<>1),"INCOMPLETE",IF(COUNTIFS('Run Log'!$B:$B,A19,'Run Log'!$D:$D,"PASS")=O19,"PASS",IF(COUNTIFS('Run Log'!$B:$B,A19,'Run Log'!$D:$D,"FAIL")>0,"FAIL",IF(COUNTIFS('Run Log'!$B:$B,A19,'Run Log'!$D:$D,"BLOCKED")>0,"BLOCKED",IF(COUNTIFS('Run Log'!$B:$B,A19,'Run Log'!$D:$D,"SKIPPED")>0,"SKIPPED","NOT RUN")))))
A20: TC-RS-FUNC-020 | B20: Lưu Thiết lập điểm tối đa hàng loạt（満点一括設定） xếp hàng tính toán rồi mới có kết quả mới | C20: A. Functional | D20: - Điều kiện: Trường có chức năng Thiết lập điểm tối đa hàng loạt（満点一括設定） (`/admin/grade/lesson_group/setting?setting_type=change_max_score`); tài khoản có quyền chạy hàng loạt; quy tắc tỷ lệ 30% trên mục điểm đơn vị (đơn vị U1 có M riêng 40). - Dữ liệu test: mục điểm đơn vị (đơn vị U1 có M riêng 40), quy tắc tỷ lệ 30% | E20: Cao | F20: CONFIRMED | G20: UNASSESSED | H20: tiêu chí nghiệm thu “Trigger khi đổi điểm tối đa/đơn vị” (AC-G24 «Trigger khi đổi điểm tối đa/đơn vị») | I20: A. Functional | J20: test-cases.vi.md | K20: 1. Lưu M=50 cho các lớp/kỳ được phép. 2. Ngay sau khi lưu (trước khi batch xong), xem kết quả. 3. Chờ batch hoàn tất, xem lại. | Lượt chạy | Phạm vi thực hiện và đối chiếu | | --- | --- | | Run: Base | Toàn bộ thủ tục theo đúng thứ tự; các đối chứng cùng fixture được kiểm trong cùng lượt, không bỏ bước | | L20: 1. Ngay sau khi lưu: kết quả cũ vẫn hiện; không báo "hoàn tất" khi mới xếp hàng. 2. Sau batch thành công: kết quả theo M=50. | O20: 1 | P20: =IF(OR(COUNTIF('Run Log'!$B:$B,A20)<>O20,COUNTIF('Run Log'!$A:$A,"RUN-TC-RS-FUNC-020-Base")<>1,COUNTIFS('Run Log'!$A:$A,"RUN-TC-RS-FUNC-020-Base",'Run Log'!$B:$B,A20,'Run Log'!$C:$C,"Base")<>1),"INCOMPLETE",IF(COUNTIFS('Run Log'!$B:$B,A20,'Run Log'!$D:$D,"PASS")=O20,"PASS",IF(COUNTIFS('Run Log'!$B:$B,A20,'Run Log'!$D:$D,"FAIL")>0,"FAIL",IF(COUNTIFS('Run Log'!$B:$B,A20,'Run Log'!$D:$D,"BLOCKED")>0,"BLOCKED",IF(COUNTIFS('Run Log'!$B:$B,A20,'Run Log'!$D:$D,"SKIPPED")>0,"SKIPPED","NOT RUN")))))
A21: TC-RS-FUNC-021 | B21: Trường chỉ có quy tắc đỏ (không có tính tự động) vẫn có đường chạy hàng loạt | C21: A. Functional | D21: - Điều kiện: Trường không có quy tắc tính tự động nào đang hoạt động; mục số nguyên (M=100) có quy tắc “Cố định 30” (dưới 30). - Dữ liệu test: mục số nguyên (M=100); quy tắc “Cố định 30” (dưới 30), tài khoản có quyền chạy hàng loạt | E21: Cao | F21: CONFIRMED | G21: UNASSESSED | H21: tiêu chí nghiệm thu “Bao phủ đường đăng ký và chạy lại” (AC-G23 «Bao phủ đường đăng ký và chạy lại») | I21: A. Functional | J21: test-cases.vi.md | K21: 1. Mở Tổng hợp thành tích（成績集計） (`/admin/grade/grade_setting_system/grade_calc`). 2. Tìm thao tác Thực hiện tính toán tự động（自動算出実行） cho Khối 1, kỳ 1学期期末 (cuối kỳ học kỳ 1). 3. Chạy, chờ hoàn tất, xem kết quả. | Lượt chạy | Phạm vi thực hiện và đối chiếu | | --- | --- | | Run: Base | Toàn bộ thủ tục theo đúng thứ tự; các đối chứng cùng fixture được kiểm trong cùng lượt, không bỏ bước | | L21: Chạy được bằng thao tác hàng loạt hiện có (không có chế độ xét đỏ riêng); sau khi chạy, các ô được xét theo quy tắc “Cố định 30” (dưới 30). Nhãn/cách hiện nút cho trường không có tính tự động chưa chốt — không đánh giá phần này. | O21: 1 | P21: =IF(OR(COUNTIF('Run Log'!$B:$B,A21)<>O21,COUNTIF('Run Log'!$A:$A,"RUN-TC-RS-FUNC-021-Base")<>1,COUNTIFS('Run Log'!$A:$A,"RUN-TC-RS-FUNC-021-Base",'Run Log'!$B:$B,A21,'Run Log'!$C:$C,"Base")<>1),"INCOMPLETE",IF(COUNTIFS('Run Log'!$B:$B,A21,'Run Log'!$D:$D,"PASS")=O21,"PASS",IF(COUNTIFS('Run Log'!$B:$B,A21,'Run Log'!$D:$D,"FAIL")>0,"FAIL",IF(COUNTIFS('Run Log'!$B:$B,A21,'Run Log'!$D:$D,"BLOCKED")>0,"BLOCKED",IF(COUNTIFS('Run Log'!$B:$B,A21,'Run Log'!$D:$D,"SKIPPED")>0,"SKIPPED","NOT RUN")))))
A22: TC-RS-FUNC-022 | B22: Trích xuất thành tích（成績抽出）: các tùy chọn đỏ được lưu và mở lại đúng | C22: A. Functional | D22: - Điều kiện: mục số nguyên (M=100) có quy tắc “Cố định 30” (dưới 30). Đăng nhập tài khoản phụ trách đầu ra (trích xuất, công khai, phiếu điểm). - Dữ liệu test: mục số nguyên (M=100), quy tắc “Cố định 30” (dưới 30); cấu hình trích xuất: lọc, ký hiệu “*” phía trước, tô màu, cấu hình trích xuất chỉ ký hiệu (“※” trước, “!” sau) | E22: Cao | F22: CONFIRMED | G22: UNASSESSED | H22: tiêu chí nghiệm thu “Hiển thị ô trích xuất” (AC-G30 «Hiển thị ô trích xuất») | I22: A. Functional | J22: test-cases.vi.md | K22: 1. Mở thiết lập hiển thị của trích xuất, khung Thiết lập chi tiết thông tin lớp học（授業情報の詳細設定）, phần điều kiện đỏ. 2. Cấu hình cấu hình trích xuất: lọc, ký hiệu “*” phía trước, tô màu, lưu, mở lại. 3. Cấu hình cấu hình trích xuất chỉ ký hiệu (“※” trước, “!” sau) (hai ký hiệu cùng bật), lưu, mở lại. 4. (PROPOSED) Chạy SELECT cột `extract_setting` của dòng `grade_extract_conf` tương ứng mẫu vừa lưu, lọc theo trường/năm test. 5. (PROPOSED) Nếu màn có chức năng sao chép thiết lập trích xuất hiện có: sao chép mẫu cấu hình trích xuất: lọc, ký hiệu “*” phía trước, tô màu, mở bản sao. | Lượt chạy | Phạm vi thực hiện và đối chiếu | | --- | --- | | Run: filter-color | Cấu hình lọc và màu | | Run: prefix-suffix | Cấu hình ký hiệu trước/sau | | Run: copy | Sao chép cấu hình theo phần đề xuất | | L22: 1. Có bốn tùy chọn độc lập: lọc học sinh có điểm đỏ, ký hiệu phía trước, ký hiệu phía sau, tô màu ô. 2. Ký hiệu trước và sau cùng bật được. 3. Màu chỉ chọn từ bảng màu hiện có (không có bộ chọn màu tự do). 4. Mở lại giữ đúng giá trị. 5. (PROPOSED) JSON `extract_setting` chứa phần điều kiện đỏ với các khóa `use_target_extract`, `use_prefix_mark`, `prefix_mark`, `use_suffix_mark`, `suffix_mark`, `use_cell_coloring`, `cell_color` khớp giá trị trên màn; không có cột/bảng mới cho thiết lập này. 6. (PROPOSED) Bản sao giữ nguyên bốn tùy chọn, ký hiệu và màu. | O22: 3 | P22: =IF(OR(COUNTIF('Run Log'!$B:$B,A22)<>O22,COUNTIF('Run Log'!$A:$A,"RUN-TC-RS-FUNC-022-filter-color")<>1,COUNTIFS('Run Log'!$A:$A,"RUN-TC-RS-FUNC-022-filter-color",'Run Log'!$B:$B,A22,'Run Log'!$C:$C,"filter-color")<>1,COUNTIF('Run Log'!$A:$A,"RUN-TC-RS-FUNC-022-prefix-suffix")<>1,COUNTIFS('Run Log'!$A:$A,"RUN-TC-RS-FUNC-022-prefix-suffix",'Run Log'!$B:$B,A22,'Run Log'!$C:$C,"prefix-suffix")<>1,COUNTIF('Run Log'!$A:$A,"RUN-TC-RS-FUNC-022-copy")<>1,COUNTIFS('Run Log'!$A:$A,"RUN-TC-RS-FUNC-022-copy",'Run Log'!$B:$B,A22,'Run Log'!$C:$C,"copy")<>1),"INCOMPLETE",IF(COUNTIFS('Run Log'!$B:$B,A22,'Run Log'!$D:$D,"PASS")=O22,"PASS",IF(COUNTIFS('Run Log'!$B:$B,A22,'Run Log'!$D:$D,"FAIL")>0,"FAIL",IF(COUNTIFS('Run Log'!$B:$B,A22,'Run Log'!$D:$D,"BLOCKED")>0,"BLOCKED",IF(COUNTIFS('Run Log'!$B:$B,A22,'Run Log'!$D:$D,"SKIPPED")>0,"SKIPPED","NOT RUN")))))
A23: TC-RS-FUNC-023 | B23: Trích xuất: lọc giữ học sinh có ít nhất một ô đỏ trong phạm vi đang xét | C23: A. Functional | D23: - Điều kiện: Kết quả đã xét: S10 Toán 24 Đỏ và Ngữ văn 20 Đỏ trong cùng phạm vi; S03 Không đỏ ở mọi môn. S10 có thêm ô Toán ở một thời điểm khác, Không đỏ. S06 có mục điểm đơn vị (đơn vị U1 có M riêng 40) U1 = 25 Đỏ, U2 = 35 Không đỏ. - Dữ liệu test: học sinh S10 (học lớp G-B và G-C), học sinh S03 (điểm 31), học sinh S06 (điểm dự kiến 24), mục điểm đơn vị (đơn vị U1 có M riêng 40), quy tắc “Cố định 30” (dưới 30), cấu hình trích xuất: lọc, ký hiệu “*” phía trước, tô màu, cấu hình trích xuất chỉ ký hiệu (“※” trước, “!” sau) | E23: Cao | F23: CONFIRMED | G23: UNASSESSED | H23: tiêu chí nghiệm thu “Lọc khi trích xuất” (AC-G29 «Lọc khi trích xuất») | I23: A. Functional | J23: test-cases.vi.md | K23: 1. Chạy trích xuất với cấu hình trích xuất: lọc, ký hiệu “*” phía trước, tô màu, phạm vi gồm Toán và Ngữ văn. 2. Chạy lại với phạm vi chỉ Ngữ văn. 3. Chạy với cấu hình trích xuất chỉ ký hiệu (“※” trước, “!” sau) (lọc tắt). 4. Với cấu hình trích xuất: lọc, ký hiệu “*” phía trước, tô màu, chọn thời điểm khác thời điểm có ô Toán Đỏ của S10 (ô Toán của thời điểm đó Không đỏ). 5. Với cấu hình trích xuất: lọc, ký hiệu “*” phía trước, tô màu và mục điểm đơn vị (đơn vị U1 có M riêng 40): S06 có U1 Đỏ, U2 Không đỏ; chọn phạm vi chỉ U2. 6. Xóa thành công ô Toán của S10, chạy lại lọc với cả Toán và Ngữ văn. | Lượt chạy | Phạm vi thực hiện và đối chiếu | | --- | --- | | Run: multi-red-scope | Bước 1, S10 có hai ô đỏ trong phạm vi | | Run: one-red-in-scope | Bước 2, S10 chỉ còn Ngữ văn trong phạm vi | | Run: no-red-in-scope | Đối chứng S03 của bước 1, không ô nào đỏ | | Run: filter-off | Bước 3, chỉ ký hiệu và tắt lọc | | Run: another-period-only | Bước 4, ô đỏ nằm ở thời điểm khác | | Run: other-unit-only | Bước 5, chỉ U2 Không đỏ | | Run: after-delete | Bước 6 sau baseline bước 1, xóa Toán nhưng giữ Ngữ văn | | L23: 1. Bước 1: S10 có trong danh sách, S03 không. 2. Bước 2: S10 vẫn có trong danh sách nhờ Ngữ văn 20 Đỏ; không được loại S10 chỉ vì ô Toán ngoài phạm vi. 3. Bước 3: danh sách không bị lọc theo đỏ (chỉ bật ký hiệu không giới hạn học sinh). 4. Bước 4: S10 không có trong danh sách; ô đỏ ở thời điểm khác không giúp thỏa điều kiện. 5. Bước 5: S06 không có trong danh sách; ô đỏ của U1 ngoài phạm vi đơn vị. 6. S10 vẫn có trong danh sách nhờ Ngữ văn 20 Đỏ; ô Toán đã xóa không còn dấu đỏ. | O23: 7 | P23: =IF(OR(COUNTIF('Run Log'!$B:$B,A23)<>O23,COUNTIF('Run Log'!$A:$A,"RUN-TC-RS-FUNC-023-multi-red-scope")<>1,COUNTIFS('Run Log'!$A:$A,"RUN-TC-RS-FUNC-023-multi-red-scope",'Run Log'!$B:$B,A23,'Run Log'!$C:$C,"multi-red-scope")<>1,COUNTIF('Run Log'!$A:$A,"RUN-TC-RS-FUNC-023-one-red-in-scope")<>1,COUNTIFS('Run Log'!$A:$A,"RUN-TC-RS-FUNC-023-one-red-in-scope",'Run Log'!$B:$B,A23,'Run Log'!$C:$C,"one-red-in-scope")<>1,COUNTIF('Run Log'!$A:$A,"RUN-TC-RS-FUNC-023-no-red-in-scope")<>1,COUNTIFS('Run Log'!$A:$A,"RUN-TC-RS-FUNC-023-no-red-in-scope",'Run Log'!$B:$B,A23,'Run Log'!$C:$C,"no-red-in-scope")<>1,COUNTIF('Run Log'!$A:$A,"RUN-TC-RS-FUNC-023-filter-off")<>1,COUNTIFS('Run Log'!$A:$A,"RUN-TC-RS-FUNC-023-filter-off",'Run Log'!$B:$B,A23,'Run Log'!$C:$C,"filter-off")<>1,COUNTIF('Run Log'!$A:$A,"RUN-TC-RS-FUNC-023-another-period-only")<>1,COUNTIFS('Run Log'!$A:$A,"RUN-TC-RS-FUNC-023-another-period-only",'Run Log'!$B:$B,A23,'Run Log'!$C:$C,"another-period-only")<>1,COUNTIF('Run Log'!$A:$A,"RUN-TC-RS-FUNC-023-other-unit-only")<>1,COUNTIFS('Run Log'!$A:$A,"RUN-TC-RS-FUNC-023-other-unit-only",'Run Log'!$B:$B,A23,'Run Log'!$C:$C,"other-unit-only")<>1,COUNTIF('Run Log'!$A:$A,"RUN-TC-RS-FUNC-023-after-delete")<>1,COUNTIFS('Run Log'!$A:$A,"RUN-TC-RS-FUNC-023-after-delete",'Run Log'!$B:$B,A23,'Run Log'!$C:$C,"after-delete")<>1),"INCOMPLETE",IF(COUNTIFS('Run Log'!$B:$B,A23,'Run Log'!$D:$D,"PASS")=O23,"PASS",IF(COUNTIFS('Run Log'!$B:$B,A23,'Run Log'!$D:$D,"FAIL")>0,"FAIL",IF(COUNTIFS('Run Log'!$B:$B,A23,'Run Log'!$D:$D,"BLOCKED")>0,"BLOCKED",IF(COUNTIFS('Run Log'!$B:$B,A23,'Run Log'!$D:$D,"SKIPPED")>0,"SKIPPED","NOT RUN")))))
A24: TC-RS-FUNC-024 | B24: Trích xuất: chỉ ô đỏ được thêm ký hiệu/tô màu | C24: A. Functional | D24: - Điều kiện: fixture riêng S10, Toán=24 Đỏ và Ngữ văn=70 Không đỏ; ngưỡng cố định 30, dấu nhỏ hơn, M=100 ở cả hai mục. Không kế thừa Ngữ văn=20 của FUNC-023. - Dữ liệu test: học sinh S10 (học lớp G-B và G-C), cấu hình trích xuất: lọc, ký hiệu “*” phía trước, tô màu, cấu hình trích xuất chỉ ký hiệu (“※” trước, “!” sau) | E24: Cao | F24: CONFIRMED | G24: UNASSESSED | H24: tiêu chí nghiệm thu “Hiển thị ô trích xuất” (AC-G30 «Hiển thị ô trích xuất») | I24: A. Functional | J24: test-cases.vi.md | K24: 1. Chạy trích xuất cấu hình trích xuất: lọc, ký hiệu “*” phía trước, tô màu, xem dòng S10. 2. Chạy cấu hình trích xuất chỉ ký hiệu (“※” trước, “!” sau), xem dòng S10. | Lượt chạy | Phạm vi thực hiện và đối chiếu | | --- | --- | | Run: prefix-color | Ký hiệu trước và màu | | Run: prefix-suffix | Ký hiệu trước và sau | | L24: 1. cấu hình trích xuất: lọc, ký hiệu “*” phía trước, tô màu: ô Toán hiện `*24` với nền màu Đỏ（赤） của bảng màu; ô Ngữ văn `70` không ký hiệu, không màu; không tô cả dòng. 2. cấu hình trích xuất chỉ ký hiệu (“※” trước, “!” sau): ô Toán `※24!`; ô Ngữ văn `70`. | O24: 2 | P24: =IF(OR(COUNTIF('Run Log'!$B:$B,A24)<>O24,COUNTIF('Run Log'!$A:$A,"RUN-TC-RS-FUNC-024-prefix-color")<>1,COUNTIFS('Run Log'!$A:$A,"RUN-TC-RS-FUNC-024-prefix-color",'Run Log'!$B:$B,A24,'Run Log'!$C:$C,"prefix-color")<>1,COUNTIF('Run Log'!$A:$A,"RUN-TC-RS-FUNC-024-prefix-suffix")<>1,COUNTIFS('Run Log'!$A:$A,"RUN-TC-RS-FUNC-024-prefix-suffix",'Run Log'!$B:$B,A24,'Run Log'!$C:$C,"prefix-suffix")<>1),"INCOMPLETE",IF(COUNTIFS('Run Log'!$B:$B,A24,'Run Log'!$D:$D,"PASS")=O24,"PASS",IF(COUNTIFS('Run Log'!$B:$B,A24,'Run Log'!$D:$D,"FAIL")>0,"FAIL",IF(COUNTIFS('Run Log'!$B:$B,A24,'Run Log'!$D:$D,"BLOCKED")>0,"BLOCKED",IF(COUNTIFS('Run Log'!$B:$B,A24,'Run Log'!$D:$D,"SKIPPED")>0,"SKIPPED","NOT RUN")))))
A25: TC-RS-FUNC-025 | B25: Trích xuất: file Excel khớp màn hình | C25: A. Functional | D25: - Điều kiện: Như case “Trích xuất: chỉ ô đỏ được thêm ký hiệu/tô màu”; S05 có ô trống. - Dữ liệu test: cấu hình trích xuất: lọc, ký hiệu “*” phía trước, tô màu, cấu hình trích xuất chỉ ký hiệu (“※” trước, “!” sau), học sinh S05 (ô trống), học sinh S10 (học lớp G-B và G-C) | E25: Cao | F25: CONFIRMED | G25: UNASSESSED | H25: tiêu chí nghiệm thu “Excel khớp và dùng kết luận server” (AC-G31 «Excel khớp và dùng kết luận server») | I25: A. Functional | J25: test-cases.vi.md | K25: 1. Chạy trích xuất, chụp màn kết quả. 2. Xuất Excel, mở file. 3. Lặp bước 1–2 với: (a) cấu hình trích xuất chỉ ký hiệu (“※” trước, “!” sau) (lọc đỏ TẮT); (b) phạm vi không có ô đỏ nào (0 kết quả); (c) sau khi một ô Đỏ bị ngừng kết quả cũ (như case “Chưa có kết quả tổng hợp → Chưa xét được, không thay bằng 0 hay nhóm khác”, Chưa xét được); (d) mục có điểm bị ẩn theo thiết lập ẩn mục nhập (như case “Mục bị ẩn theo thiết lập ẩn mục nhập”). | Lượt chạy | Phạm vi thực hiện và đối chiếu | | --- | --- | | Run: filter-on | Lượt ban đầu bật lọc | | Run: filter-off | Nhánh a tắt lọc | | Run: empty | Nhánh b không có ô đỏ | | Run: stale | Nhánh c kết quả không còn hiệu lực | | Run: hidden | Nhánh d điểm ẩn | | L25: 1–2. Danh sách học sinh trong Excel giống màn hình (lọc đỏ đang bật). Cùng ô: ký hiệu, màu nền, số liệu, ô trống trong Excel giống màn hình. Ô trống không hiện số 0. Tải Excel không kích hoạt xét. 3. Mỗi biến thể: file Excel khớp màn hình cùng lần — (a) đủ học sinh, chỉ ô đỏ có ký hiệu/màu; (b) Excel không có học sinh giống màn hình; (c) ô bị ngừng kết quả cũ không còn ký hiệu/màu; (d) điểm ẩn không hiện lại trong Excel. | O25: 5 | P25: =IF(OR(COUNTIF('Run Log'!$B:$B,A25)<>O25,COUNTIF('Run Log'!$A:$A,"RUN-TC-RS-FUNC-025-filter-on")<>1,COUNTIFS('Run Log'!$A:$A,"RUN-TC-RS-FUNC-025-filter-on",'Run Log'!$B:$B,A25,'Run Log'!$C:$C,"filter-on")<>1,COUNTIF('Run Log'!$A:$A,"RUN-TC-RS-FUNC-025-filter-off")<>1,COUNTIFS('Run Log'!$A:$A,"RUN-TC-RS-FUNC-025-filter-off",'Run Log'!$B:$B,A25,'Run Log'!$C:$C,"filter-off")<>1,COUNTIF('Run Log'!$A:$A,"RUN-TC-RS-FUNC-025-empty")<>1,COUNTIFS('Run Log'!$A:$A,"RUN-TC-RS-FUNC-025-empty",'Run Log'!$B:$B,A25,'Run Log'!$C:$C,"empty")<>1,COUNTIF('Run Log'!$A:$A,"RUN-TC-RS-FUNC-025-stale")<>1,COUNTIFS('Run Log'!$A:$A,"RUN-TC-RS-FUNC-025-stale",'Run Log'!$B:$B,A25,'Run Log'!$C:$C,"stale")<>1,COUNTIF('Run Log'!$A:$A,"RUN-TC-RS-FUNC-025-hidden")<>1,COUNTIFS('Run Log'!$A:$A,"RUN-TC-RS-FUNC-025-hidden",'Run Log'!$B:$B,A25,'Run Log'!$C:$C,"hidden")<>1),"INCOMPLETE",IF(COUNTIFS('Run Log'!$B:$B,A25,'Run Log'!$D:$D,"PASS")=O25,"PASS",IF(COUNTIFS('Run Log'!$B:$B,A25,'Run Log'!$D:$D,"FAIL")>0,"FAIL",IF(COUNTIFS('Run Log'!$B:$B,A25,'Run Log'!$D:$D,"BLOCKED")>0,"BLOCKED",IF(COUNTIFS('Run Log'!$B:$B,A25,'Run Log'!$D:$D,"SKIPPED")>0,"SKIPPED","NOT RUN")))))
A26: TC-RS-FUNC-026 | B26: Công khai thành tích（成績公開）: ba hiệu ứng đỏ hiển thị đúng ở màn học sinh | C26: A. Functional | D26: - Điều kiện: S01 Đỏ (29), không phải điểm dự kiến. Lịch công khai đang mở. - Dữ liệu test: mục số nguyên (M=100); mục điểm đơn vị (đơn vị U1 có M riêng 40); học sinh S01 (điểm 29), học sinh S06 (điểm dự kiến 24), tài khoản học sinh S01, tài khoản phụ trách đầu ra (trích xuất, công khai, phiếu điểm) | E26: Cao | F26: CONFIRMED | G26: UNASSESSED | H26: tiêu chí nghiệm thu “Cấu hình công khai và ẩn điểm” (AC-G32 «Cấu hình công khai và ẩn điểm») | I26: A. Functional | J26: test-cases.vi.md | K26: 1. Ở Thiết lập công khai thành tích（成績公開設定）, mục mục số nguyên (M=100), chọn hiệu ứng đỏ Ngoặc（括弧）, lưu. Đăng nhập S01 xem Xác nhận thành tích（成績確認）. 2. Lặp với `*` phía trước. 3. Lặp với `*` phía sau. 4. Mở lại Thiết lập công khai thành tích. 5. Với mục điểm đơn vị mục điểm đơn vị (đơn vị U1 có M riêng 40) (S06 U1 = 25 Đỏ), chọn `*` phía trước, lưu; đăng nhập S06 xem. | Lượt chạy | Phạm vi thực hiện và đối chiếu | | --- | --- | | Run: parentheses | Hiệu ứng ngoặc | | Run: prefix | Hiệu ứng phía trước | | Run: suffix-reopen | Hiệu ứng phía sau và mở lại | | Run: unit-prefix | Điểm đơn vị với hiệu ứng phía trước | | L26: 1–3. Lần lượt `(29)`, `*29`, `29*`. Không có nền màu riêng cho ô đỏ. 4. Hiệu ứng đã lưu gần nhất (`*` phía sau) được chọn sẵn. 5. Ô U1 hiện `*25`; ô U2 không ký hiệu. | O26: 4 | P26: =IF(OR(COUNTIF('Run Log'!$B:$B,A26)<>O26,COUNTIF('Run Log'!$A:$A,"RUN-TC-RS-FUNC-026-parentheses")<>1,COUNTIFS('Run Log'!$A:$A,"RUN-TC-RS-FUNC-026-parentheses",'Run Log'!$B:$B,A26,'Run Log'!$C:$C,"parentheses")<>1,COUNTIF('Run Log'!$A:$A,"RUN-TC-RS-FUNC-026-prefix")<>1,COUNTIFS('Run Log'!$A:$A,"RUN-TC-RS-FUNC-026-prefix",'Run Log'!$B:$B,A26,'Run Log'!$C:$C,"prefix")<>1,COUNTIF('Run Log'!$A:$A,"RUN-TC-RS-FUNC-026-suffix-reopen")<>1,COUNTIFS('Run Log'!$A:$A,"RUN-TC-RS-FUNC-026-suffix-reopen",'Run Log'!$B:$B,A26,'Run Log'!$C:$C,"suffix-reopen")<>1,COUNTIF('Run Log'!$A:$A,"RUN-TC-RS-FUNC-026-unit-prefix")<>1,COUNTIFS('Run Log'!$A:$A,"RUN-TC-RS-FUNC-026-unit-prefix",'Run Log'!$B:$B,A26,'Run Log'!$C:$C,"unit-prefix")<>1),"INCOMPLETE",IF(COUNTIFS('Run Log'!$B:$B,A26,'Run Log'!$D:$D,"PASS")=O26,"PASS",IF(COUNTIFS('Run Log'!$B:$B,A26,'Run Log'!$D:$D,"FAIL")>0,"FAIL",IF(COUNTIFS('Run Log'!$B:$B,A26,'Run Log'!$D:$D,"BLOCKED")>0,"BLOCKED",IF(COUNTIFS('Run Log'!$B:$B,A26,'Run Log'!$D:$D,"SKIPPED")>0,"SKIPPED","NOT RUN")))))
A27: TC-RS-FUNC-027 | B27: Công khai: kết hợp hiệu ứng Điểm dự kiến（見込点） và điểm đỏ, khử trùng | C27: A. Functional | D27: - Điều kiện: S06 = 24, vừa là Điểm dự kiến（見込点） vừa Đỏ. - Dữ liệu test: học sinh S06 (điểm dự kiến 24), tài khoản học sinh S06; fixture quyền phải map đúng học sinh S06, không dùng tài khoản S01 để xem dữ liệu S06. | E27: Cao | F27: CONFIRMED | G27: UNASSESSED | H27: tiêu chí nghiệm thu “Kết hợp hiệu ứng công khai” (AC-G33 «Kết hợp hiệu ứng công khai») | I27: A. Functional | J27: test-cases.vi.md | K27: Với mỗi dòng của bảng dưới, cấu hình hiệu ứng dự kiến và hiệu ứng đỏ, lưu, xem màn học sinh của S06. (a) Ngoặc + `*` trước; (b) `*` trước + `*` trước; (c) Ngoặc + Ngoặc; (d) `*` trước + `*` sau; (e) không trang trí + Ngoặc; (f) điểm bị ẩn theo thiết lập hiện có（表示しない） + `*` trước. | Lượt chạy | Phạm vi thực hiện và đối chiếu | | --- | --- | | Run: a | Thực hiện tổ hợp (a) | | Run: b | Thực hiện tổ hợp (b) | | Run: c | Thực hiện tổ hợp (c) | | Run: d | Thực hiện tổ hợp (d) | | Run: e | Thực hiện tổ hợp (e) | | Run: f | Thực hiện tổ hợp (f) | | L27: (a) `(*24)`; (b) `*24`, không phải `**24`; (c) `(24)`, không phải `((24))`; (d) `*24*`; (e) `(24)`; (f) vẫn ẩn, không hiện số, không để lại riêng dấu `*`. | O27: 6 | P27: =IF(OR(COUNTIF('Run Log'!$B:$B,A27)<>O27,COUNTIF('Run Log'!$A:$A,"RUN-TC-RS-FUNC-027-a")<>1,COUNTIFS('Run Log'!$A:$A,"RUN-TC-RS-FUNC-027-a",'Run Log'!$B:$B,A27,'Run Log'!$C:$C,"a")<>1,COUNTIF('Run Log'!$A:$A,"RUN-TC-RS-FUNC-027-b")<>1,COUNTIFS('Run Log'!$A:$A,"RUN-TC-RS-FUNC-027-b",'Run Log'!$B:$B,A27,'Run Log'!$C:$C,"b")<>1,COUNTIF('Run Log'!$A:$A,"RUN-TC-RS-FUNC-027-c")<>1,COUNTIFS('Run Log'!$A:$A,"RUN-TC-RS-FUNC-027-c",'Run Log'!$B:$B,A27,'Run Log'!$C:$C,"c")<>1,COUNTIF('Run Log'!$A:$A,"RUN-TC-RS-FUNC-027-d")<>1,COUNTIFS('Run Log'!$A:$A,"RUN-TC-RS-FUNC-027-d",'Run Log'!$B:$B,A27,'Run Log'!$C:$C,"d")<>1,COUNTIF('Run Log'!$A:$A,"RUN-TC-RS-FUNC-027-e")<>1,COUNTIFS('Run Log'!$A:$A,"RUN-TC-RS-FUNC-027-e",'Run Log'!$B:$B,A27,'Run Log'!$C:$C,"e")<>1,COUNTIF('Run Log'!$A:$A,"RUN-TC-RS-FUNC-027-f")<>1,COUNTIFS('Run Log'!$A:$A,"RUN-TC-RS-FUNC-027-f",'Run Log'!$B:$B,A27,'Run Log'!$C:$C,"f")<>1),"INCOMPLETE",IF(COUNTIFS('Run Log'!$B:$B,A27,'Run Log'!$D:$D,"PASS")=O27,"PASS",IF(COUNTIFS('Run Log'!$B:$B,A27,'Run Log'!$D:$D,"FAIL")>0,"FAIL",IF(COUNTIFS('Run Log'!$B:$B,A27,'Run Log'!$D:$D,"BLOCKED")>0,"BLOCKED",IF(COUNTIFS('Run Log'!$B:$B,A27,'Run Log'!$D:$D,"SKIPPED")>0,"SKIPPED","NOT RUN")))))
A28: TC-RS-FUNC-028 | B28: Công khai: web, API và PDF học sinh dùng cùng kết quả và cùng hiệu ứng | C28: A. Functional | D28: - Điều kiện: Như case “Công khai thành tích（成績公開）: ba hiệu ứng đỏ hiển thị đúng ở màn học sinh” với hiệu ứng `*` trước. - Dữ liệu test: học sinh S01 (điểm 29), tài khoản học sinh S01 | E28: Cao | F28: CONFIRMED | G28: UNASSESSED | H28: tiêu chí nghiệm thu “Đúng người, lịch và đầu ra công khai” (AC-G34 «Đúng người, lịch và đầu ra công khai») | I28: A. Functional | J28: test-cases.vi.md | K28: 1. Xem màn web Xác nhận thành tích（成績確認） của S01. 2. Gọi API công khai thành tích của S01 bằng phiên học sinh. 3. Tải PDF công khai của S01. | Lượt chạy | Phạm vi thực hiện và đối chiếu | | --- | --- | | Run: web | Màn web | | Run: api | Response API | | Run: pdf | File PDF | | L28: Cả ba hiển thị `*29` cho cùng ô; không nền màu. | O28: 3 | P28: =IF(OR(COUNTIF('Run Log'!$B:$B,A28)<>O28,COUNTIF('Run Log'!$A:$A,"RUN-TC-RS-FUNC-028-web")<>1,COUNTIFS('Run Log'!$A:$A,"RUN-TC-RS-FUNC-028-web",'Run Log'!$B:$B,A28,'Run Log'!$C:$C,"web")<>1,COUNTIF('Run Log'!$A:$A,"RUN-TC-RS-FUNC-028-api")<>1,COUNTIFS('Run Log'!$A:$A,"RUN-TC-RS-FUNC-028-api",'Run Log'!$B:$B,A28,'Run Log'!$C:$C,"api")<>1,COUNTIF('Run Log'!$A:$A,"RUN-TC-RS-FUNC-028-pdf")<>1,COUNTIFS('Run Log'!$A:$A,"RUN-TC-RS-FUNC-028-pdf",'Run Log'!$B:$B,A28,'Run Log'!$C:$C,"pdf")<>1),"INCOMPLETE",IF(COUNTIFS('Run Log'!$B:$B,A28,'Run Log'!$D:$D,"PASS")=O28,"PASS",IF(COUNTIFS('Run Log'!$B:$B,A28,'Run Log'!$D:$D,"FAIL")>0,"FAIL",IF(COUNTIFS('Run Log'!$B:$B,A28,'Run Log'!$D:$D,"BLOCKED")>0,"BLOCKED",IF(COUNTIFS('Run Log'!$B:$B,A28,'Run Log'!$D:$D,"SKIPPED")>0,"SKIPPED","NOT RUN")))))
A29: TC-RS-FUNC-029 | B29: Công cụ phiếu điểm（通知表ツール）: bốn cách hiển thị đỏ trên PDF | C29: A. Functional | D29: - Điều kiện: S01 Đỏ (29), không điểm dự kiến, không cờ nào. Các dòng khác của hộp tùy chọn chọn Nguyên trạng（そのまま表示）. - Dữ liệu test: học sinh S01 (điểm 29), cấu hình phiếu điểm: ký tự “※” phía trước, tài khoản phụ trách đầu ra (trích xuất, công khai, phiếu điểm) | E29: Cao | F29: CONFIRMED | G29: UNASSESSED | H29: tiêu chí nghiệm thu “Tùy chọn trên phiếu” (AC-G35 «Tùy chọn trên phiếu») | I29: A. Functional | J29: test-cases.vi.md | K29: Với từng cách hiển thị: chọn ở dòng Thiết lập điểm đỏ（赤点設定）, đóng hộp, bấm Cập nhật（更新する）, xuất PDF phiếu của S01. (a) Nguyên trạng（そのまま表示）; (b) Kèm ngoặc（カッコ付き）; (c) Ký tự phía trước（前に任意の文字） `※`; (d) Ký tự phía sau（後ろに任意の文字） `※`. | Lượt chạy | Phạm vi thực hiện và đối chiếu | | --- | --- | | Run: unchanged | Nguyên trạng | | Run: parentheses | Kèm ngoặc | | Run: prefix | Ký tự phía trước | | Run: suffix | Ký tự phía sau | | L29: (a) `29`; (b) `(29)`; (c) `※29`; (d) `29※`. Không nền màu; ký tự không tràn ô, không mất ký tự, không đổi cấu trúc template. | O29: 4 | P29: =IF(OR(COUNTIF('Run Log'!$B:$B,A29)<>O29,COUNTIF('Run Log'!$A:$A,"RUN-TC-RS-FUNC-029-unchanged")<>1,COUNTIFS('Run Log'!$A:$A,"RUN-TC-RS-FUNC-029-unchanged",'Run Log'!$B:$B,A29,'Run Log'!$C:$C,"unchanged")<>1,COUNTIF('Run Log'!$A:$A,"RUN-TC-RS-FUNC-029-parentheses")<>1,COUNTIFS('Run Log'!$A:$A,"RUN-TC-RS-FUNC-029-parentheses",'Run Log'!$B:$B,A29,'Run Log'!$C:$C,"parentheses")<>1,COUNTIF('Run Log'!$A:$A,"RUN-TC-RS-FUNC-029-prefix")<>1,COUNTIFS('Run Log'!$A:$A,"RUN-TC-RS-FUNC-029-prefix",'Run Log'!$B:$B,A29,'Run Log'!$C:$C,"prefix")<>1,COUNTIF('Run Log'!$A:$A,"RUN-TC-RS-FUNC-029-suffix")<>1,COUNTIFS('Run Log'!$A:$A,"RUN-TC-RS-FUNC-029-suffix",'Run Log'!$B:$B,A29,'Run Log'!$C:$C,"suffix")<>1),"INCOMPLETE",IF(COUNTIFS('Run Log'!$B:$B,A29,'Run Log'!$D:$D,"PASS")=O29,"PASS",IF(COUNTIFS('Run Log'!$B:$B,A29,'Run Log'!$D:$D,"FAIL")>0,"FAIL",IF(COUNTIFS('Run Log'!$B:$B,A29,'Run Log'!$D:$D,"BLOCKED")>0,"BLOCKED",IF(COUNTIFS('Run Log'!$B:$B,A29,'Run Log'!$D:$D,"SKIPPED")>0,"SKIPPED","NOT RUN")))))
A30: TC-RS-FUNC-030 | B30: Phiếu điểm: thứ tự điều kiện và dừng ở điều kiện khớp đầu tiên | C30: A. Functional | D30: - Điều kiện: S06 = 24 vừa dự kiến vừa Đỏ; S01 = 29 Đỏ, không cờ; S05 ô trống, trước đó từng Đỏ. - Dữ liệu test: học sinh S06 (điểm dự kiến 24), học sinh S01 (điểm 29), học sinh S05 (ô trống), cấu hình phiếu điểm: ký tự “※” phía trước | E30: Cao | F30: CONFIRMED | G30: UNASSESSED | H30: tiêu chí nghiệm thu “Phiếu dừng ở điều kiện khớp đầu tiên” (AC-G36 «Phiếu dừng ở điều kiện khớp đầu tiên») | I30: A. Functional | J30: test-cases.vi.md | K30: Cấu hình hộp tùy chọn theo từng dòng, bấm Cập nhật（更新する）, xuất PDF. (a) Dự kiến = Kèm ngoặc; đỏ = `※` trước → xem S06. (b) Dự kiến = Nguyên trạng; đỏ = `※` trước → xem S06. (c) Dự kiến = Ẩn（表示しない） hoặc Gạch chéo（斜線）; đỏ = `※` trước → xem S06. (d) Không điều kiện phía trên khớp; đỏ = `※` trước → xem S01. (e) Ô trống（空欄の場合）= Kèm ngoặc; đỏ = `※` trước → xem S05. (f) Trường hợp môn cụ thể（特定の科目の場合） = Toán, Kèm ngoặc; đỏ = `※` trước → xem S01 (Toán, Đỏ). (g) Tạm gắn thêm cờ Chưa dự thi（未受験） cho S06; Dự kiến = Nguyên trạng, Chưa dự thi = Ẩn（表示しない）; đỏ = `※` trước → xem S06. | Lượt chạy | Phạm vi thực hiện và đối chiếu | | --- | --- | | Run: a | Tổ hợp a | | Run: b | Tổ hợp b | | Run: c-hidden | Tổ hợp c với Ẩn | | Run: c-slash | Tổ hợp c với Gạch chéo | | Run: d | Tổ hợp d | | Run: e | Tổ hợp e | | Run: f | Tổ hợp f | | Run: g | Tổ hợp g | | L30: (a) `(24)`, không thêm `※`; (b) `24`, không chuyển xuống điều kiện đỏ; (c) giữ ẩn/gạch chéo, đỏ không làm hiện lại điểm; (d) `※29`; (e) không áp dấu đỏ của kết quả cũ; ô trống hiển thị theo cấu hình ô trống; (f) `(29)`, điều kiện môn cụ thể thắng, không thêm `※`; (g) `24`: Nguyên trạng ở dòng dự kiến dừng xét, không áp lệnh Ẩn của dòng chưa dự thi phía sau. | O30: 8 | P30: =IF(OR(COUNTIF('Run Log'!$B:$B,A30)<>O30,COUNTIF('Run Log'!$A:$A,"RUN-TC-RS-FUNC-030-a")<>1,COUNTIFS('Run Log'!$A:$A,"RUN-TC-RS-FUNC-030-a",'Run Log'!$B:$B,A30,'Run Log'!$C:$C,"a")<>1,COUNTIF('Run Log'!$A:$A,"RUN-TC-RS-FUNC-030-b")<>1,COUNTIFS('Run Log'!$A:$A,"RUN-TC-RS-FUNC-030-b",'Run Log'!$B:$B,A30,'Run Log'!$C:$C,"b")<>1,COUNTIF('Run Log'!$A:$A,"RUN-TC-RS-FUNC-030-c-hidden")<>1,COUNTIFS('Run Log'!$A:$A,"RUN-TC-RS-FUNC-030-c-hidden",'Run Log'!$B:$B,A30,'Run Log'!$C:$C,"c-hidden")<>1,COUNTIF('Run Log'!$A:$A,"RUN-TC-RS-FUNC-030-c-slash")<>1,COUNTIFS('Run Log'!$A:$A,"RUN-TC-RS-FUNC-030-c-slash",'Run Log'!$B:$B,A30,'Run Log'!$C:$C,"c-slash")<>1,COUNTIF('Run Log'!$A:$A,"RUN-TC-RS-FUNC-030-d")<>1,COUNTIFS('Run Log'!$A:$A,"RUN-TC-RS-FUNC-030-d",'Run Log'!$B:$B,A30,'Run Log'!$C:$C,"d")<>1,COUNTIF('Run Log'!$A:$A,"RUN-TC-RS-FUNC-030-e")<>1,COUNTIFS('Run Log'!$A:$A,"RUN-TC-RS-FUNC-030-e",'Run Log'!$B:$B,A30,'Run Log'!$C:$C,"e")<>1,COUNTIF('Run Log'!$A:$A,"RUN-TC-RS-FUNC-030-f")<>1,COUNTIFS('Run Log'!$A:$A,"RUN-TC-RS-FUNC-030-f",'Run Log'!$B:$B,A30,'Run Log'!$C:$C,"f")<>1,COUNTIF('Run Log'!$A:$A,"RUN-TC-RS-FUNC-030-g")<>1,COUNTIFS('Run Log'!$A:$A,"RUN-TC-RS-FUNC-030-g",'Run Log'!$B:$B,A30,'Run Log'!$C:$C,"g")<>1),"INCOMPLETE",IF(COUNTIFS('Run Log'!$B:$B,A30,'Run Log'!$D:$D,"PASS")=O30,"PASS",IF(COUNTIFS('Run Log'!$B:$B,A30,'Run Log'!$D:$D,"FAIL")>0,"FAIL",IF(COUNTIFS('Run Log'!$B:$B,A30,'Run Log'!$D:$D,"BLOCKED")>0,"BLOCKED",IF(COUNTIFS('Run Log'!$B:$B,A30,'Run Log'!$D:$D,"SKIPPED")>0,"SKIPPED","NOT RUN")))))
A31: TC-RS-FUNC-031 | B31: Phiếu điểm: lưu qua Cập nhật（更新する）, mở lại giữ lựa chọn; chỉ dùng điều kiện đỏ vẫn được ghi nhận | C31: A. Functional | D31: - Điều kiện: Bảng điểm（成績表） chưa dùng điều kiện nào (Thiết lập điều kiện hiển thị（表示条件を設定）= Không thiết lập（設定しない）). - Dữ liệu test: cấu hình phiếu điểm: ký tự “※” phía trước | E31: Cao | F31: CONFIRMED | G31: UNASSESSED | H31: tiêu chí nghiệm thu “Lưu, sao chép và PDF phiếu” (AC-G37 «Lưu, sao chép và PDF phiếu») | I31: A. Functional | J31: test-cases.vi.md | K31: 1. Mở hộp tùy chọn, chọn Thiết lập（設定する）, chỉ chọn dòng đỏ = `※` trước, các dòng khác Nguyên trạng. Đóng hộp, **không** bấm Cập nhật; tải lại trang. 2. Lặp lại, lần này bấm Cập nhật（更新する）; tải lại, mở hộp. 3. Xuất PDF. | Lượt chạy | Phạm vi thực hiện và đối chiếu | | --- | --- | | Run: unsaved | Bước 1 không cập nhật | | Run: saved-pdf | Bước 2–3 lưu, mở lại và PDF | | L31: 1. Không bấm Cập nhật: thay đổi không được lưu (hành vi hiện có). 2. Có bấm Cập nhật: mở lại thấy dòng đỏ = `※` trước; bảng được ghi nhận là có dùng điều kiện dù chỉ điều kiện đỏ được chọn. 3. PDF áp dụng điều kiện đỏ. | O31: 2 | P31: =IF(OR(COUNTIF('Run Log'!$B:$B,A31)<>O31,COUNTIF('Run Log'!$A:$A,"RUN-TC-RS-FUNC-031-unsaved")<>1,COUNTIFS('Run Log'!$A:$A,"RUN-TC-RS-FUNC-031-unsaved",'Run Log'!$B:$B,A31,'Run Log'!$C:$C,"unsaved")<>1,COUNTIF('Run Log'!$A:$A,"RUN-TC-RS-FUNC-031-saved-pdf")<>1,COUNTIFS('Run Log'!$A:$A,"RUN-TC-RS-FUNC-031-saved-pdf",'Run Log'!$B:$B,A31,'Run Log'!$C:$C,"saved-pdf")<>1),"INCOMPLETE",IF(COUNTIFS('Run Log'!$B:$B,A31,'Run Log'!$D:$D,"PASS")=O31,"PASS",IF(COUNTIFS('Run Log'!$B:$B,A31,'Run Log'!$D:$D,"FAIL")>0,"FAIL",IF(COUNTIFS('Run Log'!$B:$B,A31,'Run Log'!$D:$D,"BLOCKED")>0,"BLOCKED",IF(COUNTIFS('Run Log'!$B:$B,A31,'Run Log'!$D:$D,"SKIPPED")>0,"SKIPPED","NOT RUN")))))
A32: TC-RS-FUNC-032 | B32: Ba đầu ra dùng cùng kết quả cho cùng ô | C32: A. Functional | D32: - Điều kiện: cùng một lượt xét đã lưu kết quả S01 Đỏ, S03 Không đỏ, S05 Không có điểm; actor có quyền xem trích xuất, công khai và phiếu điểm. - Dữ liệu test: S01 `S=29`, S03 `S=31`, S05 ô trống; cấu hình trích xuất lọc + “*” + tô màu; công khai “*”; phiếu điểm “※”. | E32: Cao | F32: CONFIRMED | G32: UNASSESSED | H32: tiêu chí nghiệm thu “Kết quả chung và thứ tự cập nhật” (AC-G22 «Kết quả chung và thứ tự cập nhật») | I32: A. Functional | J32: test-cases.vi.md | K32: 1. Chạy một lượt đối chứng không lọc để S01, S03 và S05 đều có mặt; lưu file Excel làm baseline. 2. Chạy lại trích xuất với lọc bật và lưu file Excel trước/sau khi xem lại. 3. Mở màn học sinh công khai của cùng kỳ và cùng lượt xét. 4. Xuất PDF phiếu điểm của cùng học sinh/kỳ. 5. Đối chiếu ba output với kết quả đã lưu, không chỉ đối chiếu giao diện; không loại S03/S05 khỏi fixture trước khi kiểm tra. | Lượt chạy | Phạm vi thực hiện và đối chiếu | | --- | --- | | Run: extract-off | Bước 1 và 5, không lọc | | Run: extract-on | Bước 2 và 5, bật lọc | | Run: publish | Bước 3 và 5 | | Run: report | Bước 4 và 5 | | L32: Cả ba đầu ra đều dùng cùng kết quả đã lưu: S01 có dấu đỏ theo cấu hình riêng của từng output; S03 không có dấu đỏ; S05 không bị coi là điểm 0 và không có dấu đỏ. Excel phải giữ nguyên dữ liệu; màn công khai và PDF không được tự chọn lại rule hoặc tính lại ngưỡng. Nếu chạy lại sau khi chỉ xem/xuất, kết quả và bằng chứng phải không đổi. | O32: 4 | P32: =IF(OR(COUNTIF('Run Log'!$B:$B,A32)<>O32,COUNTIF('Run Log'!$A:$A,"RUN-TC-RS-FUNC-032-extract-off")<>1,COUNTIFS('Run Log'!$A:$A,"RUN-TC-RS-FUNC-032-extract-off",'Run Log'!$B:$B,A32,'Run Log'!$C:$C,"extract-off")<>1,COUNTIF('Run Log'!$A:$A,"RUN-TC-RS-FUNC-032-extract-on")<>1,COUNTIFS('Run Log'!$A:$A,"RUN-TC-RS-FUNC-032-extract-on",'Run Log'!$B:$B,A32,'Run Log'!$C:$C,"extract-on")<>1,COUNTIF('Run Log'!$A:$A,"RUN-TC-RS-FUNC-032-publish")<>1,COUNTIFS('Run Log'!$A:$A,"RUN-TC-RS-FUNC-032-publish",'Run Log'!$B:$B,A32,'Run Log'!$C:$C,"publish")<>1,COUNTIF('Run Log'!$A:$A,"RUN-TC-RS-FUNC-032-report")<>1,COUNTIFS('Run Log'!$A:$A,"RUN-TC-RS-FUNC-032-report",'Run Log'!$B:$B,A32,'Run Log'!$C:$C,"report")<>1),"INCOMPLETE",IF(COUNTIFS('Run Log'!$B:$B,A32,'Run Log'!$D:$D,"PASS")=O32,"PASS",IF(COUNTIFS('Run Log'!$B:$B,A32,'Run Log'!$D:$D,"FAIL")>0,"FAIL",IF(COUNTIFS('Run Log'!$B:$B,A32,'Run Log'!$D:$D,"BLOCKED")>0,"BLOCKED",IF(COUNTIFS('Run Log'!$B:$B,A32,'Run Log'!$D:$D,"SKIPPED")>0,"SKIPPED","NOT RUN")))))
A33: TC-RS-FUNC-033 | B33: Đổi tên quy tắc: giữ liên kết, thứ tự và kết quả | C33: A. Functional | D33: - Điều kiện: quy tắc “Cố định 30” (dưới 30) đã xét: S01 Đỏ. - Dữ liệu test: quy tắc “Cố định 30” (dưới 30), học sinh S01 (điểm 29) | E33: Cao | F33: CONFIRMED | G33: UNASSESSED | H33: tiêu chí nghiệm thu “Lưu và mở lại nhiều thiết lập” (AC-G04 «Lưu và mở lại nhiều thiết lập») | I33: A. Functional | J33: test-cases.vi.md | K33: 1. Đổi tên quy tắc “Cố định 30” (dưới 30) từ "Cố định 30" thành "Ngưỡng học kỳ 1", Lưu. 2. Xem danh sách và ba đầu ra. 3. Chạy lại bằng đăng ký điểm S01=29. | Lượt chạy | Phạm vi thực hiện và đối chiếu | | --- | --- | | Run: Base | Toàn bộ thủ tục theo đúng thứ tự; các đối chứng cùng fixture được kiểm trong cùng lượt, không bỏ bước | | L33: 1–2. Danh sách hiện tên mới ở cùng vị trí ưu tiên, tóm tắt không đổi; S01 vẫn Đỏ ở ba đầu ra. 3. S01 Đỏ; quy tắc được chọn vẫn là quy tắc đã đổi tên (không tạo quy tắc mới, không mất liên kết). | O33: 1 | P33: =IF(OR(COUNTIF('Run Log'!$B:$B,A33)<>O33,COUNTIF('Run Log'!$A:$A,"RUN-TC-RS-FUNC-033-Base")<>1,COUNTIFS('Run Log'!$A:$A,"RUN-TC-RS-FUNC-033-Base",'Run Log'!$B:$B,A33,'Run Log'!$C:$C,"Base")<>1),"INCOMPLETE",IF(COUNTIFS('Run Log'!$B:$B,A33,'Run Log'!$D:$D,"PASS")=O33,"PASS",IF(COUNTIFS('Run Log'!$B:$B,A33,'Run Log'!$D:$D,"FAIL")>0,"FAIL",IF(COUNTIFS('Run Log'!$B:$B,A33,'Run Log'!$D:$D,"BLOCKED")>0,"BLOCKED",IF(COUNTIFS('Run Log'!$B:$B,A33,'Run Log'!$D:$D,"SKIPPED")>0,"SKIPPED","NOT RUN")))))
A34: TC-RS-FUNC-034 | B34: Nguồn của điều kiện áp dụng và nguồn của công thức lưu độc lập | C34: A. Functional | D34: - Điều kiện: Ba nguồn cùng Thiết lập tổng hợp thứ hạng（順位集計設定） và nhóm ホームルーム (lớp chủ nhiệm), khác Thời kỳ tổng hợp（集計対象時期）: P `A=60`; P2 `A=70`; Q `A=40`. - Dữ liệu test: Quy tắc: điều kiện Trung bình（平均点） `≥50` dùng nguồn P; ngưỡng Công thức（計算式） `A×0.5` dùng nguồn Q; `<`. S = 25 | E34: Cao | F34: CONFIRMED | G34: UNASSESSED | H34: tiêu chí nghiệm thu “Đúng phạm vi tham chiếu” (AC-G12 «Đúng phạm vi tham chiếu») | I34: A. Functional | J34: test-cases.vi.md | K34: 1. Lưu quy tắc, mở lại. 2. Chỉ đổi nguồn của điều kiện từ P sang P2, Lưu, mở lại. 3. Chạy nút cam. 4. Trên form, đổi Thời kỳ tổng hợp（集計対象時期） của nguồn điều kiện sang kỳ mà Thiết lập tổng hợp thứ hạng（順位集計設定） đang chọn vẫn hợp lệ; rồi đổi sang kỳ mà thiết lập đó không còn hợp lệ. Xem các ô chọn phụ thuộc sau mỗi lần đổi. | Lượt chạy | Phạm vi thực hiện và đối chiếu | | --- | --- | | Run: Base | Toàn bộ thủ tục theo đúng thứ tự; các đối chứng cùng fixture được kiểm trong cùng lượt, không bỏ bước | | L34: 1. Mỗi phần hiện đúng nguồn của mình (điều kiện: P; công thức: Q). 2. Điều kiện dùng P2; công thức vẫn dùng Q. 3. `70≥50` khớp; `T=40×0.5=20` → S=25 Không đỏ. Nếu công thức bị đổi theo P2 (`T=35`) hoặc dùng P (`T=30`) thì S=25 thành Đỏ — sai. 4. (PROPOSED) Chỉ lựa chọn phụ thuộc không còn hợp lệ bị xóa; lựa chọn còn hợp lệ được giữ; nguồn của công thức không đổi. | O34: 1 | P34: =IF(OR(COUNTIF('Run Log'!$B:$B,A34)<>O34,COUNTIF('Run Log'!$A:$A,"RUN-TC-RS-FUNC-034-Base")<>1,COUNTIFS('Run Log'!$A:$A,"RUN-TC-RS-FUNC-034-Base",'Run Log'!$B:$B,A34,'Run Log'!$C:$C,"Base")<>1),"INCOMPLETE",IF(COUNTIFS('Run Log'!$B:$B,A34,'Run Log'!$D:$D,"PASS")=O34,"PASS",IF(COUNTIFS('Run Log'!$B:$B,A34,'Run Log'!$D:$D,"FAIL")>0,"FAIL",IF(COUNTIFS('Run Log'!$B:$B,A34,'Run Log'!$D:$D,"BLOCKED")>0,"BLOCKED",IF(COUNTIFS('Run Log'!$B:$B,A34,'Run Log'!$D:$D,"SKIPPED")>0,"SKIPPED","NOT RUN")))))
A35: TC-RS-FUNC-035 | B35: Nhập CSV đăng ký điểm lớp chủ nhiệm hàng loạt（HR成績CSV一括登録） kích hoạt xét | C35: A. Functional | D35: - Điều kiện: mục số nguyên (M=100) có quy tắc “Cố định 30” (dưới 30). Chạy hai lần: (a) trường có tính tự động, (b) trường không có tính tự động. - Dữ liệu test: mục số nguyên (M=100); quy tắc “Cố định 30” (dưới 30), học sinh S01 (điểm 29) | E35: TBD | F35: TBD | G35: UNASSESSED | H35: tiêu chí nghiệm thu “Bao phủ đường đăng ký và chạy lại” (AC-G23 «Bao phủ đường đăng ký và chạy lại») | I35: A. Functional | J35: test-cases.vi.md | K35: 1. Nhập CSV đăng ký điểm lớp chủ nhiệm hàng loạt（HR成績CSV一括登録） với S01=28. 2. Xem kết quả. | Lượt chạy | Phạm vi thực hiện và đối chiếu | | --- | --- | | Run: auto-on | Trường có tính tự động | | Run: auto-off | Trường không có tính tự động | | L35: Theo đặc tả v2 mục 7.2 “Bảng sự kiện”: nhập thành công → S01 Đỏ. tài liệu chia công việc v2 chưa đưa đường ghi điểm “HR成績CSV一括登録 (đăng ký điểm hàng loạt bằng CSV)” vào đường được hỗ trợ; code đường ghi điểm “HR成績CSV一括登録 (đăng ký điểm hàng loạt bằng CSV)” chỉ xếp hàng khi trường dùng tính tự động (context điểm đỏ khoảng trống tích hợp “Không có công thức / điểm sửa tay”) — cần xác nhận đường ghi điểm “HR成績CSV一括登録 (đăng ký điểm hàng loạt bằng CSV)” có thuộc đợt không. | O35: 2 | P35: =IF(OR(COUNTIF('Run Log'!$B:$B,A35)<>O35,COUNTIF('Run Log'!$A:$A,"RUN-TC-RS-FUNC-035-auto-on")<>1,COUNTIFS('Run Log'!$A:$A,"RUN-TC-RS-FUNC-035-auto-on",'Run Log'!$B:$B,A35,'Run Log'!$C:$C,"auto-on")<>1,COUNTIF('Run Log'!$A:$A,"RUN-TC-RS-FUNC-035-auto-off")<>1,COUNTIFS('Run Log'!$A:$A,"RUN-TC-RS-FUNC-035-auto-off",'Run Log'!$B:$B,A35,'Run Log'!$C:$C,"auto-off")<>1),"INCOMPLETE",IF(COUNTIFS('Run Log'!$B:$B,A35,'Run Log'!$D:$D,"PASS")=O35,"PASS",IF(COUNTIFS('Run Log'!$B:$B,A35,'Run Log'!$D:$D,"FAIL")>0,"FAIL",IF(COUNTIFS('Run Log'!$B:$B,A35,'Run Log'!$D:$D,"BLOCKED")>0,"BLOCKED",IF(COUNTIFS('Run Log'!$B:$B,A35,'Run Log'!$D:$D,"SKIPPED")>0,"SKIPPED","NOT RUN")))))
A36: TC-RS-FUNC-036 | B36: Danh sách nhóm tham chiếu theo thiết lập tổng hợp hiện hữu | C36: A. Functional | D36: - Điều kiện: Trường A/2026 có thiết lập tổng hợp X（評点集計） (khối, lớp chủ nhiệm bật; lớp học tắt), nhóm tổng hợp thứ hạng “Toán I khối 1+2”, nhóm tổ hợp “Tổ hợp Toán”, nhóm môn học “Nhóm môn Toán”. Mở form thêm quy tắc của mục số nguyên (M=100) với điều kiện Trung bình（平均点） và ngưỡng Công thức（計算式） dùng trung bình. - Dữ liệu test: thiết lập tổng hợp X（評点集計）, thiết lập tổng hợp X đã bật thêm Lớp học（授業）, nhóm tổng hợp thứ hạng “Toán I khối 1+2”, nhóm tổ hợp “Tổ hợp Toán”, nhóm môn học “Nhóm môn Toán”; mục số nguyên (M=100); tài khoản giáo viên có quyền sửa mục, tài khoản có quyền chạy hàng loạt | E36: Cao | F36: CONFIRMED | G36: UNASSESSED | H36: tiêu chí nghiệm thu “Đúng phạm vi tham chiếu” (AC-G12 «Đúng phạm vi tham chiếu») | I36: A. Functional | J36: test-cases.vi.md | K36: 1. Ở nguồn của điều kiện: chọn Thời kỳ tổng hợp（集計対象時期）, chọn Thiết lập tổng hợp thứ hạng（順位集計設定） X, rồi mở danh sách Đối tượng tổng hợp（集計対象）. Ghi lại các lựa chọn. 2. Bật thêm Lớp học（授業） trong công tắc tổng hợp hiện hữu (thành thiết lập tổng hợp X đã bật thêm Lớp học（授業）), chạy lại tổng hợp X; mở lại danh sách ở bước 1. 3. Tắt cả ba công tắc khối/lớp chủ nhiệm/lớp học; mở lại danh sách. Chọn nhóm tổng hợp thứ hạng “Toán I khối 1+2”, lưu, mở lại form. 4. Ở trường/năm không có nhóm tổng hợp/tổ hợp/nhóm môn nào được cấu hình và chỉ bật khối: mở danh sách. 5. Ở nguồn của công thức: lặp thứ tự chọn Thiết lập tổng hợp thứ hạng → Đối tượng tổng hợp, chọn nhóm khác với nguồn điều kiện; lưu, mở lại. | Lượt chạy | Phạm vi thực hiện và đối chiếu | | --- | --- | | Run: switch-sequence | Bước 1–3 cùng X theo thứ tự | | Run: grade-only | Bước 4 với fixture chỉ khối | | Run: formula-source | Bước 5, chuẩn bị nguồn điều kiện trước | | L36: 1. Trong ba loại cơ bản chỉ có Khối（学年） và Lớp chủ nhiệm（ホームルーム）; không có Lớp học（授業）. Có nhóm tổng hợp thứ hạng “Toán I khối 1+2”, nhóm tổ hợp “Tổ hợp Toán”, nhóm môn học “Nhóm môn Toán”, hiển thị bằng tên đã đặt. 2. Có thêm lựa chọn Lớp học（授業） trong cùng X; không phải tạo cấu hình tổng hợp mới để có loại này. 3. Không còn khối/lớp chủ nhiệm/lớp học; nhóm tổng hợp, tổ hợp, nhóm môn vẫn chọn được. Mở lại hiện đúng tên nhóm tổng hợp thứ hạng “Toán I khối 1+2” (đã lưu theo ID). 4. Chỉ có Khối（学年）; không hiện cố định đủ sáu loại, không có lựa chọn rỗng mang tên loại chưa cấu hình. 5. Nguồn điều kiện và nguồn công thức mở lại đúng lựa chọn riêng của từng phần. Form không có công tắc bật/tắt tổng hợp riêng của điểm đỏ, không có trường thứ hạng, tên hiển thị hay biểu đồ lấy từ màn công khai. | O36: 3 | P36: =IF(OR(COUNTIF('Run Log'!$B:$B,A36)<>O36,COUNTIF('Run Log'!$A:$A,"RUN-TC-RS-FUNC-036-switch-sequence")<>1,COUNTIFS('Run Log'!$A:$A,"RUN-TC-RS-FUNC-036-switch-sequence",'Run Log'!$B:$B,A36,'Run Log'!$C:$C,"switch-sequence")<>1,COUNTIF('Run Log'!$A:$A,"RUN-TC-RS-FUNC-036-grade-only")<>1,COUNTIFS('Run Log'!$A:$A,"RUN-TC-RS-FUNC-036-grade-only",'Run Log'!$B:$B,A36,'Run Log'!$C:$C,"grade-only")<>1,COUNTIF('Run Log'!$A:$A,"RUN-TC-RS-FUNC-036-formula-source")<>1,COUNTIFS('Run Log'!$A:$A,"RUN-TC-RS-FUNC-036-formula-source",'Run Log'!$B:$B,A36,'Run Log'!$C:$C,"formula-source")<>1),"INCOMPLETE",IF(COUNTIFS('Run Log'!$B:$B,A36,'Run Log'!$D:$D,"PASS")=O36,"PASS",IF(COUNTIFS('Run Log'!$B:$B,A36,'Run Log'!$D:$D,"FAIL")>0,"FAIL",IF(COUNTIFS('Run Log'!$B:$B,A36,'Run Log'!$D:$D,"BLOCKED")>0,"BLOCKED",IF(COUNTIFS('Run Log'!$B:$B,A36,'Run Log'!$D:$D,"SKIPPED")>0,"SKIPPED","NOT RUN")))))
A37: TC-RS-FUNC-037 | B37: Công khai: cùng mục dùng hiệu ứng đỏ khác nhau ở hai cấu hình công khai | C37: A. Functional | D37: - Điều kiện: Hai cấu hình Thiết lập công khai thành tích（成績公開設定） X và Y cùng chứa mục số nguyên (M=100); S01 Đỏ (29), không phải điểm dự kiến; lịch công khai của cả hai đang mở cho S01. - Dữ liệu test: hai cấu hình công khai cùng một mục, cấu hình công khai có mục điểm thường và mục điểm đơn vị; mục số nguyên (M=100), mục điểm đơn vị (đơn vị U1 có M riêng 40); học sinh S01 (điểm 29); tài khoản học sinh S01, tài khoản phụ trách đầu ra (trích xuất, công khai, phiếu điểm) | E37: Cao | F37: CONFIRMED | G37: UNASSESSED | H37: tiêu chí nghiệm thu “Cấu hình công khai và ẩn điểm” (AC-G32 «Cấu hình công khai và ẩn điểm») | I37: A. Functional | J37: test-cases.vi.md | K37: 1. Ở X chọn hiệu ứng đỏ Ngoặc（括弧） cho mục số nguyên (M=100), lưu; ở Y chọn `*` phía trước（前に「*」） cho cùng mục, lưu. 2. Mở lại X và Y. 3. Đăng nhập S01, xem Xác nhận thành tích（成績確認） theo từng cấu hình; gọi API và xuất PDF tương ứng nếu có. 4. Sao chép X thành X' (theo chức năng sao chép cấu hình hiện có); mở X'. 5. Ở X, mục số nguyên (M=100) (điểm thường（通常）) chọn Ngoặc; mục điểm đơn vị (đơn vị U1 có M riêng 40) (điểm đơn vị（単元）) chọn `*` phía sau; lưu, mở lại. 6. Ở Y, đổi sang `*` phía sau và giả lập lỗi lưu; mở lại Y. | Lượt chạy | Phạm vi thực hiện và đối chiếu | | --- | --- | | Run: web | Bước 1–3 xem X/Y trên web | | Run: api | Bước 1–3 đọc API X/Y | | Run: pdf | Bước 1–3 PDF X/Y | | Run: copy | Bước 4 sau setup X | | Run: item-types | Bước 5 | | Run: save-failure | Bước 6 sau setup Y | | L37: 1–2. X giữ Ngoặc, Y giữ `*` phía trước; lưu cấu hình này không đổi cấu hình kia. 3. Theo X: `(29)`; theo Y: `*29`. Web, API và PDF của cùng cấu hình cho cùng cách hiển thị. 4. X' giữ Ngoặc cho mục số nguyên (M=100); không sao chép kết quả xét của học sinh. 5. Mỗi phân loại thường/đơn vị mở lại đúng lựa chọn của mình; không trộn. 6. Có thông báo lỗi; Y vẫn là `*` phía trước (cấu hình cũ được giữ). ## 2. Business Rules (BR) | O37: 6 | P37: =IF(OR(COUNTIF('Run Log'!$B:$B,A37)<>O37,COUNTIF('Run Log'!$A:$A,"RUN-TC-RS-FUNC-037-web")<>1,COUNTIFS('Run Log'!$A:$A,"RUN-TC-RS-FUNC-037-web",'Run Log'!$B:$B,A37,'Run Log'!$C:$C,"web")<>1,COUNTIF('Run Log'!$A:$A,"RUN-TC-RS-FUNC-037-api")<>1,COUNTIFS('Run Log'!$A:$A,"RUN-TC-RS-FUNC-037-api",'Run Log'!$B:$B,A37,'Run Log'!$C:$C,"api")<>1,COUNTIF('Run Log'!$A:$A,"RUN-TC-RS-FUNC-037-pdf")<>1,COUNTIFS('Run Log'!$A:$A,"RUN-TC-RS-FUNC-037-pdf",'Run Log'!$B:$B,A37,'Run Log'!$C:$C,"pdf")<>1,COUNTIF('Run Log'!$A:$A,"RUN-TC-RS-FUNC-037-copy")<>1,COUNTIFS('Run Log'!$A:$A,"RUN-TC-RS-FUNC-037-copy",'Run Log'!$B:$B,A37,'Run Log'!$C:$C,"copy")<>1,COUNTIF('Run Log'!$A:$A,"RUN-TC-RS-FUNC-037-item-types")<>1,COUNTIFS('Run Log'!$A:$A,"RUN-TC-RS-FUNC-037-item-types",'Run Log'!$B:$B,A37,'Run Log'!$C:$C,"item-types")<>1,COUNTIF('Run Log'!$A:$A,"RUN-TC-RS-FUNC-037-save-failure")<>1,COUNTIFS('Run Log'!$A:$A,"RUN-TC-RS-FUNC-037-save-failure",'Run Log'!$B:$B,A37,'Run Log'!$C:$C,"save-failure")<>1),"INCOMPLETE",IF(COUNTIFS('Run Log'!$B:$B,A37,'Run Log'!$D:$D,"PASS")=O37,"PASS",IF(COUNTIFS('Run Log'!$B:$B,A37,'Run Log'!$D:$D,"FAIL")>0,"FAIL",IF(COUNTIFS('Run Log'!$B:$B,A37,'Run Log'!$D:$D,"BLOCKED")>0,"BLOCKED",IF(COUNTIFS('Run Log'!$B:$B,A37,'Run Log'!$D:$D,"SKIPPED")>0,"SKIPPED","NOT RUN")))))
A38: TC-RS-BR-001 | B38: Chọn quy tắc khớp đầu tiên theo ưu tiên, không lấy ngưỡng nghiêm hơn | C38: C. Business Rules | D38: - Điều kiện: mục số nguyên (M=100) có cặp quy tắc cùng áp dụng (dưới 20 và dưới 30) (ưu tiên 1: `<20`, ưu tiên 2: `<30`). - Dữ liệu test: mục số nguyên (M=100); cặp quy tắc cùng áp dụng (dưới 20 và dưới 30); S02 được sửa thành 25 | E38: Cao | F38: CONFIRMED | G38: UNASSESSED | H38: tiêu chí nghiệm thu “Chọn quy tắc khớp đầu tiên” (AC-G06 «Chọn quy tắc khớp đầu tiên») | I38: C. Business Rules | J38: test-cases.vi.md | K38: 1. Đăng ký S02=25. 2. Đổi thứ tự (ưu tiên 1 là `<30`), bấm chạy lại (đăng ký lại điểm hoặc nút cam). 3. Xem kết quả sau mỗi lần xét. | Lượt chạy | Phạm vi thực hiện và đối chiếu | | --- | --- | | Run: priority20 | Thứ tự ban đầu | | Run: priority30 | Đổi thứ tự rồi xét lại | | L38: 1. Lần 1: chọn quy tắc `<20` → Không đỏ. 2. Lần 2 (sau chạy lại): chọn quy tắc `<30` → Đỏ. | O38: 2 | P38: =IF(OR(COUNTIF('Run Log'!$B:$B,A38)<>O38,COUNTIF('Run Log'!$A:$A,"RUN-TC-RS-BR-001-priority20")<>1,COUNTIFS('Run Log'!$A:$A,"RUN-TC-RS-BR-001-priority20",'Run Log'!$B:$B,A38,'Run Log'!$C:$C,"priority20")<>1,COUNTIF('Run Log'!$A:$A,"RUN-TC-RS-BR-001-priority30")<>1,COUNTIFS('Run Log'!$A:$A,"RUN-TC-RS-BR-001-priority30",'Run Log'!$B:$B,A38,'Run Log'!$C:$C,"priority30")<>1),"INCOMPLETE",IF(COUNTIFS('Run Log'!$B:$B,A38,'Run Log'!$D:$D,"PASS")=O38,"PASS",IF(COUNTIFS('Run Log'!$B:$B,A38,'Run Log'!$D:$D,"FAIL")>0,"FAIL",IF(COUNTIFS('Run Log'!$B:$B,A38,'Run Log'!$D:$D,"BLOCKED")>0,"BLOCKED",IF(COUNTIFS('Run Log'!$B:$B,A38,'Run Log'!$D:$D,"SKIPPED")>0,"SKIPPED","NOT RUN")))))
A39: TC-RS-BR-002 | B39: Không quy tắc nào khớp khi đủ dữ liệu → Không áp dụng | C39: C. Business Rules | D39: - Điều kiện: mục số nguyên (M=100) chỉ có quy tắc có bộ lọc kết hợp (khối 1 hoặc 2, nhóm Nâng cao) (khối 1/2 và nhóm Nâng cao). S07 thuộc khối 2 nhưng không thuộc nhóm Nâng cao. - Dữ liệu test: mục số nguyên (M=100); quy tắc có bộ lọc kết hợp (khối 1 hoặc 2, nhóm Nâng cao), học sinh S07 (điểm 35, cờ Chưa dự thi（未受験）) | E39: Cao | F39: CONFIRMED | G39: UNASSESSED | H39: tiêu chí nghiệm thu “Chọn quy tắc khớp đầu tiên” (AC-G06 «Chọn quy tắc khớp đầu tiên»); tiêu chí nghiệm thu “Trạng thái sau lần chạy” (AC-G20 «Trạng thái sau lần chạy») | I39: C. Business Rules | J39: test-cases.vi.md | K39: 1. Đăng ký S07=20. 2. Xem kết quả ở ba đầu ra. | Lượt chạy | Phạm vi thực hiện và đối chiếu | | --- | --- | | Run: Base | Toàn bộ thủ tục theo đúng thứ tự; các đối chứng cùng fixture được kiểm trong cùng lượt, không bỏ bước | | L39: S07 ở trạng thái Không áp dụng: không có dấu/lọc đỏ; không được coi là "đạt một ngưỡng". | O39: 1 | P39: =IF(OR(COUNTIF('Run Log'!$B:$B,A39)<>O39,COUNTIF('Run Log'!$A:$A,"RUN-TC-RS-BR-002-Base")<>1,COUNTIFS('Run Log'!$A:$A,"RUN-TC-RS-BR-002-Base",'Run Log'!$B:$B,A39,'Run Log'!$C:$C,"Base")<>1),"INCOMPLETE",IF(COUNTIFS('Run Log'!$B:$B,A39,'Run Log'!$D:$D,"PASS")=O39,"PASS",IF(COUNTIFS('Run Log'!$B:$B,A39,'Run Log'!$D:$D,"FAIL")>0,"FAIL",IF(COUNTIFS('Run Log'!$B:$B,A39,'Run Log'!$D:$D,"BLOCKED")>0,"BLOCKED",IF(COUNTIFS('Run Log'!$B:$B,A39,'Run Log'!$D:$D,"SKIPPED")>0,"SKIPPED","NOT RUN")))))
A40: TC-RS-BR-003 | B40: Ưu tiên 1 khớp nhưng thiếu dữ liệu → Chưa xét được, không chuyển xuống ưu tiên 2 | C40: C. Business Rules | D40: - Điều kiện: Hai cấu hình thử: (A) ưu tiên 1 = quy tắc công thức 100 ÷ trung bình (100 ÷ A, Toàn bộ) với nguồn nhóm có trung bình 0 (`A=0`); ưu tiên 2 = quy tắc “Cố định 30” (dưới 30). (B) ưu tiên 1 = quy tắc có điều kiện `A≥60` với nguồn nguồn chưa có kết quả tổng hợp (không có tổng hợp); ưu tiên 2 = quy tắc “Cố định 30” (dưới 30). (C) ưu tiên 1 = quy tắc có bộ lọc Môn（教科・科目）= Ngữ văn và điều kiện `A≥60` (nguồn nguồn chưa có kết quả tổng hợp); ưu tiên 2 = quy tắc “Cố định 30” (dưới 30); ô đang xét là Toán. - Dữ liệu test: quy tắc công thức 100 ÷ trung bình, quy tắc “Cố định 30” (dưới 30), nhóm có trung bình 0, nguồn chưa có kết quả tổng hợp, học sinh S01 (điểm 29) | E40: Cao | F40: CONFIRMED | G40: UNASSESSED | H40: tiêu chí nghiệm thu “Chọn quy tắc khớp đầu tiên” (AC-G06 «Chọn quy tắc khớp đầu tiên») | I40: C. Business Rules | J40: test-cases.vi.md | K40: Với từng cấu hình (A), (B), (C): đăng ký S01=29, xem kết quả. | Lượt chạy | Phạm vi thực hiện và đối chiếu | | --- | --- | | Run: divide-zero | Fixture A chia 0 | | Run: missing-average | Fixture B thiếu trung bình | | Run: filter-miss | Fixture C không khớp lọc | | L40: (A) Quy tắc 1 được chọn, chia 0 → Chưa xét được; không dùng ưu tiên 2. (B) Không xác định được điều kiện trung bình → Chưa xét được; không coi thiếu dữ liệu là "không khớp" để xuống ưu tiên 2. (C) Bộ lọc môn đã đủ chứng minh quy tắc 1 không áp dụng → được bỏ qua mà không cần nguồn; ưu tiên 2 áp dụng → Đỏ. | O40: 3 | P40: =IF(OR(COUNTIF('Run Log'!$B:$B,A40)<>O40,COUNTIF('Run Log'!$A:$A,"RUN-TC-RS-BR-003-divide-zero")<>1,COUNTIFS('Run Log'!$A:$A,"RUN-TC-RS-BR-003-divide-zero",'Run Log'!$B:$B,A40,'Run Log'!$C:$C,"divide-zero")<>1,COUNTIF('Run Log'!$A:$A,"RUN-TC-RS-BR-003-missing-average")<>1,COUNTIFS('Run Log'!$A:$A,"RUN-TC-RS-BR-003-missing-average",'Run Log'!$B:$B,A40,'Run Log'!$C:$C,"missing-average")<>1,COUNTIF('Run Log'!$A:$A,"RUN-TC-RS-BR-003-filter-miss")<>1,COUNTIFS('Run Log'!$A:$A,"RUN-TC-RS-BR-003-filter-miss",'Run Log'!$B:$B,A40,'Run Log'!$C:$C,"filter-miss")<>1),"INCOMPLETE",IF(COUNTIFS('Run Log'!$B:$B,A40,'Run Log'!$D:$D,"PASS")=O40,"PASS",IF(COUNTIFS('Run Log'!$B:$B,A40,'Run Log'!$D:$D,"FAIL")>0,"FAIL",IF(COUNTIFS('Run Log'!$B:$B,A40,'Run Log'!$D:$D,"BLOCKED")>0,"BLOCKED",IF(COUNTIFS('Run Log'!$B:$B,A40,'Run Log'!$D:$D,"SKIPPED")>0,"SKIPPED","NOT RUN")))))
A41: TC-RS-BR-004 | B41: Kết hợp bộ lọc: HOẶC trong cùng loại, VÀ giữa các loại | C41: C. Business Rules | D41: - Điều kiện: mục số nguyên (M=100) chỉ có quy tắc có bộ lọc kết hợp (khối 1 hoặc 2, nhóm Nâng cao). Bốn học sinh: P1 khối 1 + Nâng cao; P2 khối 2 + Nâng cao; P3 khối 3 + Nâng cao; P4 khối 1, không Nâng cao. Mỗi người điểm 20. - Dữ liệu test: mục số nguyên (M=100); quy tắc có bộ lọc kết hợp (khối 1 hoặc 2, nhóm Nâng cao) | E41: Cao | F41: CONFIRMED | G41: UNASSESSED | H41: tiêu chí nghiệm thu “Đối tượng áp dụng và nhu cầu nguồn” (AC-G05 «Đối tượng áp dụng và nhu cầu nguồn») | I41: C. Business Rules | J41: test-cases.vi.md | K41: 1. Đăng ký điểm 20 cho P1–P4. 2. Xem kết quả. | Lượt chạy | Phạm vi thực hiện và đối chiếu | | --- | --- | | Run: Base | Toàn bộ thủ tục theo đúng thứ tự; các đối chứng cùng fixture được kiểm trong cùng lượt, không bỏ bước | | L41: P1, P2: Đỏ. P3, P4: Không áp dụng. | O41: 1 | P41: =IF(OR(COUNTIF('Run Log'!$B:$B,A41)<>O41,COUNTIF('Run Log'!$A:$A,"RUN-TC-RS-BR-004-Base")<>1,COUNTIFS('Run Log'!$A:$A,"RUN-TC-RS-BR-004-Base",'Run Log'!$B:$B,A41,'Run Log'!$C:$C,"Base")<>1),"INCOMPLETE",IF(COUNTIFS('Run Log'!$B:$B,A41,'Run Log'!$D:$D,"PASS")=O41,"PASS",IF(COUNTIFS('Run Log'!$B:$B,A41,'Run Log'!$D:$D,"FAIL")>0,"FAIL",IF(COUNTIFS('Run Log'!$B:$B,A41,'Run Log'!$D:$D,"BLOCKED")>0,"BLOCKED",IF(COUNTIFS('Run Log'!$B:$B,A41,'Run Log'!$D:$D,"SKIPPED")>0,"SKIPPED","NOT RUN")))))
A42: TC-RS-BR-041 | B42: Điều kiện trung bình cùng nguồn kết hợp AND | C42: C. Business Rules | D42: - Điều kiện: mỗi biến thể chỉ thay một nhóm điều kiện, cùng rule và cùng đối tượng áp dụng; ngưỡng cố định `T=70`, dấu `<`, P1 có `S=60` và thuộc phạm vi áp dụng. - Dữ liệu test: (A) điều kiện cùng nguồn `A≥50` AND `A<70`; mỗi P9–P16 là một lượt độc lập, reset/configure nguồn theo đúng fixture TD-SRC-17…24, không dùng chung một snapshot cho các giá trị khác nhau. (R) dùng snapshot TD-SRC-11/12/13; (A+R) dùng identity/snapshot riêng TD-SRC-14/15/16. Đây là fixture cần provision/quan sát, chưa phải dữ liệu đã có. (Bộ lọc) TD-GRP-04 có ba identity với reader/snapshot riêng nhưng cùng `A=60`, `R=60%`, `S=60`, rule `A≥50 AND R≥50%`, `T=70`, dấu `<`; positive khớp khối 1 và Nâng cao, hai negative chỉ sai khối hoặc chỉ sai nhóm. Phải ghi identity và giá trị reader từng lượt, không thay A/R khi đổi bộ lọc. Trạng thái dùng riêng TD-SRC-26…29: P17 có A=NaN, P19 có A=Infinity, P18-A-EMPTY có A thiếu/null và S=25, P18-S-EMPTY có A=60 và S không có điểm. P17/P18-A/P19 dùng rule ưu tiên thấp hơn `T=30`, `S=25` để phát hiện fallback. Không gộp thiếu A với thiếu điểm S và không tái sử dụng fixture giữa các lượt. | E42: Cao | F42: CONFIRMED | G42: BLOCKED | H42: tiêu chí nghiệm thu “Đối tượng áp dụng và nhu cầu nguồn” (AC-G05 «Đối tượng áp dụng và nhu cầu nguồn») | I42: C. Business Rules | J42: test-cases.vi.md | K42: 1. Lưu rule A+A. Với từng variant A-P9…A-P16, reset fixture, chọn đúng TD-SRC tương ứng, ghi identity nhóm/snapshot và xác nhận reader trả đúng A trước khi xét. 2. Lưu và chạy riêng RR-60/RR-49.9/RR-70 theo TD-SRC-11…13 và AR-60-60/AR-40-60/AR-60-40 theo TD-SRC-14…16; không dùng snapshot của variant trước. 3. Chạy riêng FILTER-POS, FILTER-GRADE-NEG và FILTER-GROUP-NEG với TD-GRP-04; mỗi lượt chỉ một predicate lọc âm tính. 4. Chạy P17-A-NAN, P19-A-INFINITY, P18-A-EMPTY và P18-S-EMPTY trên TD-SRC-26…29/fixture nguồn riêng; ghi trạng thái reader và kiểm tra không fallback. 5. Mở lại từng rule và kiểm tra các điều kiện vẫn thuộc cùng rule, đúng source và không bị đổi thành OR. | Lượt chạy | Phạm vi thực hiện và đối chiếu | | --- | --- | | Run: A-P9 | Nhánh A-P9 trong thủ tục và Expected của case; thực hiện các bước chuẩn bị chung trước nhánh | | Run: A-P10 | Nhánh A-P10 trong thủ tục và Expected của case; thực hiện các bước chuẩn bị chung trước nhánh | | Run: A-P11 | Nhánh A-P11 trong thủ tục và Expected của case; thực hiện các bước chuẩn bị chung trước nhánh | | Run: A-P12 | Nhánh A-P12 trong thủ tục và Expected của case; thực hiện các bước chuẩn bị chung trước nhánh | | Run: A-P13 | Nhánh A-P13 trong thủ tục và Expected của case; thực hiện các bước chuẩn bị chung trước nhánh | | Run: A-P14 | Nhánh A-P14 trong thủ tục và Expected của case; thực hiện các bước chuẩn bị chung trước nhánh | | Run: A-P15 | Nhánh A-P15 trong thủ tục và Expected của case; thực hiện các bước chuẩn bị chung trước nhánh | | Run: A-P16 | Nhánh A-P16 trong thủ tục và Expected của case; thực hiện các bước chuẩn bị chung trước nhánh | | Run: RR-60 | Nhánh RR-60 trong thủ tục và Expected của case; thực hiện các bước chuẩn bị chung trước nhánh | | Run: RR-49.9 | Nhánh RR-49.9 trong thủ tục và Expected của case; thực hiện các bước chuẩn bị chung trước nhánh | | Run: RR-70 | Nhánh RR-70 trong thủ tục và Expected của case; thực hiện các bước chuẩn bị chung trước nhánh | | Run: AR-60-60 | Nhánh AR-60-60 trong thủ tục và Expected của case; thực hiện các bước chuẩn bị chung trước nhánh | | Run: AR-40-60 | Nhánh AR-40-60 trong thủ tục và Expected của case; thực hiện các bước chuẩn bị chung trước nhánh | | Run: AR-60-40 | Nhánh AR-60-40 trong thủ tục và Expected của case; thực hiện các bước chuẩn bị chung trước nhánh | | Run: FILTER-POS | Nhánh FILTER-POS trong thủ tục và Expected của case; thực hiện các bước chuẩn bị chung trước nhánh | | Run: FILTER-GRADE-NEG | Nhánh FILTER-GRADE-NEG trong thủ tục và Expected của case; thực hiện các bước chuẩn bị chung trước nhánh | | Run: FILTER-GROUP-NEG | Nhánh FILTER-GROUP-NEG trong thủ tục và Expected của case; thực hiện các bước chuẩn bị chung trước nhánh | | Run: P17-A-NAN | Nhánh P17-A-NAN trong thủ tục và Expected của case; thực hiện các bước chuẩn bị chung trước nhánh | | Run: P19-A-INFINITY | Nhánh P19-A-INFINITY trong thủ tục và Expected của case; thực hiện các bước chuẩn bị chung trước nhánh | | Run: P18-A-EMPTY | Nhánh P18-A-EMPTY trong thủ tục và Expected của case; thực hiện các bước chuẩn bị chung trước nhánh | | Run: P18-S-EMPTY | Nhánh P18-S-EMPTY trong thủ tục và Expected của case; thực hiện các bước chuẩn bị chung trước nhánh | | Run: reopen-summary | Bước 5 sau từng cấu hình ở bước 1–4, giữ source và phép AND khi mở lại; positive A+A đã nằm ở A-P10/P11/P14/P15, không tạo lượt AA-POS không có fixture riêng | | L42: 1. Biến thể A: P9/P12/P13/P16 không thỏa; P10/P11/P14/P15 thỏa `50≤A<70`; với `T=70`, chỉ học sinh positive có `S=60` bị Đỏ. Mỗi kết quả chỉ hợp lệ khi source identity/reader evidence khớp TD-SRC tương ứng. 2. Biến thể R: `R=60%` → thỏa, P1 Đỏ; `R=49.9%` và `R=70%` → Không áp dụng; không tự tính lại R nếu chưa có source fixture quan sát được. 3. Biến thể A+R: `A=60,R=60%` → thỏa, P1 Đỏ; `A=40,R=60%` và `A=60,R=40%` → Không áp dụng. P1 chỉ được xét khi **cả** điều kiện đúng. 4. Với cả ba lượt đã xác nhận reader `A=60`, `R=60%`, `S=60`: FILTER-POS khớp tất cả điều kiện nên Đỏ (`60<70`); FILTER-GRADE-NEG chỉ sai khối và FILTER-GROUP-NEG chỉ sai nhóm nên đều Không áp dụng, không có dấu đỏ. OR chỉ áp dụng trong cùng loại (Khối 1 hoặc 2); nhóm Nâng cao là điều kiện loại khác nên phải AND. 5. P17-A-NAN, P19-A-INFINITY và P18-A-EMPTY đều Chưa xét được, không xuống rule thấp hơn dù `S=25<T=30`, và không giữ kết quả đỏ cũ. P18-S-EMPTY có A hợp lệ nhưng điểm học sinh trống nên Không có điểm. Bằng chứng phải cho thấy source A, S và trạng thái kết quả riêng; không thay Chưa xét được bằng Không áp dụng. Không diễn giải A+R thành OR, không ghép hai rule riêng bằng AND. Nếu không dựng được giá trị qua reader/UI, biến thể tương ứng BLOCKED/NEEDS_EVIDENCE nhưng giữ oracle trên. | O42: 22 | P42: =IF(OR(COUNTIF('Run Log'!$B:$B,A42)<>O42,COUNTIF('Run Log'!$A:$A,"RUN-TC-RS-BR-041-A-P9")<>1,COUNTIFS('Run Log'!$A:$A,"RUN-TC-RS-BR-041-A-P9",'Run Log'!$B:$B,A42,'Run Log'!$C:$C,"A-P9")<>1,COUNTIF('Run Log'!$A:$A,"RUN-TC-RS-BR-041-A-P10")<>1,COUNTIFS('Run Log'!$A:$A,"RUN-TC-RS-BR-041-A-P10",'Run Log'!$B:$B,A42,'Run Log'!$C:$C,"A-P10")<>1,COUNTIF('Run Log'!$A:$A,"RUN-TC-RS-BR-041-A-P11")<>1,COUNTIFS('Run Log'!$A:$A,"RUN-TC-RS-BR-041-A-P11",'Run Log'!$B:$B,A42,'Run Log'!$C:$C,"A-P11")<>1,COUNTIF('Run Log'!$A:$A,"RUN-TC-RS-BR-041-A-P12")<>1,COUNTIFS('Run Log'!$A:$A,"RUN-TC-RS-BR-041-A-P12",'Run Log'!$B:$B,A42,'Run Log'!$C:$C,"A-P12")<>1,COUNTIF('Run Log'!$A:$A,"RUN-TC-RS-BR-041-A-P13")<>1,COUNTIFS('Run Log'!$A:$A,"RUN-TC-RS-BR-041-A-P13",'Run Log'!$B:$B,A42,'Run Log'!$C:$C,"A-P13")<>1,COUNTIF('Run Log'!$A:$A,"RUN-TC-RS-BR-041-A-P14")<>1,COUNTIFS('Run Log'!$A:$A,"RUN-TC-RS-BR-041-A-P14",'Run Log'!$B:$B,A42,'Run Log'!$C:$C,"A-P14")<>1,COUNTIF('Run Log'!$A:$A,"RUN-TC-RS-BR-041-A-P15")<>1,COUNTIFS('Run Log'!$A:$A,"RUN-TC-RS-BR-041-A-P15",'Run Log'!$B:$B,A42,'Run Log'!$C:$C,"A-P15")<>1,COUNTIF('Run Log'!$A:$A,"RUN-TC-RS-BR-041-A-P16")<>1,COUNTIFS('Run Log'!$A:$A,"RUN-TC-RS-BR-041-A-P16",'Run Log'!$B:$B,A42,'Run Log'!$C:$C,"A-P16")<>1,COUNTIF('Run Log'!$A:$A,"RUN-TC-RS-BR-041-RR-60")<>1,COUNTIFS('Run Log'!$A:$A,"RUN-TC-RS-BR-041-RR-60",'Run Log'!$B:$B,A42,'Run Log'!$C:$C,"RR-60")<>1,COUNTIF('Run Log'!$A:$A,"RUN-TC-RS-BR-041-RR-49.9")<>1,COUNTIFS('Run Log'!$A:$A,"RUN-TC-RS-BR-041-RR-49.9",'Run Log'!$B:$B,A42,'Run Log'!$C:$C,"RR-49.9")<>1,COUNTIF('Run Log'!$A:$A,"RUN-TC-RS-BR-041-RR-70")<>1,COUNTIFS('Run Log'!$A:$A,"RUN-TC-RS-BR-041-RR-70",'Run Log'!$B:$B,A42,'Run Log'!$C:$C,"RR-70")<>1,COUNTIF('Run Log'!$A:$A,"RUN-TC-RS-BR-041-AR-60-60")<>1,COUNTIFS('Run Log'!$A:$A,"RUN-TC-RS-BR-041-AR-60-60",'Run Log'!$B:$B,A42,'Run Log'!$C:$C,"AR-60-60")<>1,COUNTIF('Run Log'!$A:$A,"RUN-TC-RS-BR-041-AR-40-60")<>1,COUNTIFS('Run Log'!$A:$A,"RUN-TC-RS-BR-041-AR-40-60",'Run Log'!$B:$B,A42,'Run Log'!$C:$C,"AR-40-60")<>1,COUNTIF('Run Log'!$A:$A,"RUN-TC-RS-BR-041-AR-60-40")<>1,COUNTIFS('Run Log'!$A:$A,"RUN-TC-RS-BR-041-AR-60-40",'Run Log'!$B:$B,A42,'Run Log'!$C:$C,"AR-60-40")<>1,COUNTIF('Run Log'!$A:$A,"RUN-TC-RS-BR-041-FILTER-POS")<>1,COUNTIFS('Run Log'!$A:$A,"RUN-TC-RS-BR-041-FILTER-POS",'Run Log'!$B:$B,A42,'Run Log'!$C:$C,"FILTER-POS")<>1,COUNTIF('Run Log'!$A:$A,"RUN-TC-RS-BR-041-FILTER-GRADE-NEG")<>1,COUNTIFS('Run Log'!$A:$A,"RUN-TC-RS-BR-041-FILTER-GRADE-NEG",'Run Log'!$B:$B,A42,'Run Log'!$C:$C,"FILTER-GRADE-NEG")<>1,COUNTIF('Run Log'!$A:$A,"RUN-TC-RS-BR-041-FILTER-GROUP-NEG")<>1,COUNTIFS('Run Log'!$A:$A,"RUN-TC-RS-BR-041-FILTER-GROUP-NEG",'Run Log'!$B:$B,A42,'Run Log'!$C:$C,"FILTER-GROUP-NEG")<>1,COUNTIF('Run Log'!$A:$A,"RUN-TC-RS-BR-041-P17-A-NAN")<>1,COUNTIFS('Run Log'!$A:$A,"RUN-TC-RS-BR-041-P17-A-NAN",'Run Log'!$B:$B,A42,'Run Log'!$C:$C,"P17-A-NAN")<>1,COUNTIF('Run Log'!$A:$A,"RUN-TC-RS-BR-041-P19-A-INFINITY")<>1,COUNTIFS('Run Log'!$A:$A,"RUN-TC-RS-BR-041-P19-A-INFINITY",'Run Log'!$B:$B,A42,'Run Log'!$C:$C,"P19-A-INFINITY")<>1,COUNTIF('Run Log'!$A:$A,"RUN-TC-RS-BR-041-P18-A-EMPTY")<>1,COUNTIFS('Run Log'!$A:$A,"RUN-TC-RS-BR-041-P18-A-EMPTY",'Run Log'!$B:$B,A42,'Run Log'!$C:$C,"P18-A-EMPTY")<>1,COUNTIF('Run Log'!$A:$A,"RUN-TC-RS-BR-041-P18-S-EMPTY")<>1,COUNTIFS('Run Log'!$A:$A,"RUN-TC-RS-BR-041-P18-S-EMPTY",'Run Log'!$B:$B,A42,'Run Log'!$C:$C,"P18-S-EMPTY")<>1,COUNTIF('Run Log'!$A:$A,"RUN-TC-RS-BR-041-reopen-summary")<>1,COUNTIFS('Run Log'!$A:$A,"RUN-TC-RS-BR-041-reopen-summary",'Run Log'!$B:$B,A42,'Run Log'!$C:$C,"reopen-summary")<>1),"INCOMPLETE",IF(COUNTIFS('Run Log'!$B:$B,A42,'Run Log'!$D:$D,"PASS")=O42,"PASS",IF(COUNTIFS('Run Log'!$B:$B,A42,'Run Log'!$D:$D,"FAIL")>0,"FAIL",IF(COUNTIFS('Run Log'!$B:$B,A42,'Run Log'!$D:$D,"BLOCKED")>0,"BLOCKED",IF(COUNTIFS('Run Log'!$B:$B,A42,'Run Log'!$D:$D,"SKIPPED")>0,"SKIPPED","NOT RUN")))))
A43: TC-RS-BR-005 | B43: Toàn bộ đối tượng（全員が対象） không vượt phạm vi mục, trường, năm | C43: C. Business Rules | D43: - Điều kiện: mục số nguyên (M=100) có quy tắc “Cố định 30” (dưới 30) (Toàn bộ). Trường B (trường B (trường khác)) có học sinh điểm 10 ở mục tương tự. Mục mục số thập phân (M=100) (không có quy tắc) có S09=29.5. - Dữ liệu test: mục số nguyên (M=100), mục số thập phân (M=100); quy tắc “Cố định 30” (dưới 30), trường B (trường khác), học sinh S09 (mục số thập phân 29.5) | E43: Cao | F43: CONFIRMED | G43: UNASSESSED | H43: tiêu chí nghiệm thu “Đối tượng áp dụng và nhu cầu nguồn” (AC-G05 «Đối tượng áp dụng và nhu cầu nguồn») | I43: C. Business Rules | J43: test-cases.vi.md | K43: 1. Chạy xét hàng loạt cho trường A. 2. Xem kết quả S09 ở mục số thập phân (M=100) và dữ liệu trường B. | Lượt chạy | Phạm vi thực hiện và đối chiếu | | --- | --- | | Run: Base | Toàn bộ thủ tục theo đúng thứ tự; các đối chứng cùng fixture được kiểm trong cùng lượt, không bỏ bước | | L43: Chỉ ô của mục số nguyên (M=100) trong trường A năm 2026 được xét. S09 ở mục số thập phân (M=100) và học sinh trường B không bị ảnh hưởng. | O43: 1 | P43: =IF(OR(COUNTIF('Run Log'!$B:$B,A43)<>O43,COUNTIF('Run Log'!$A:$A,"RUN-TC-RS-BR-005-Base")<>1,COUNTIFS('Run Log'!$A:$A,"RUN-TC-RS-BR-005-Base",'Run Log'!$B:$B,A43,'Run Log'!$C:$C,"Base")<>1),"INCOMPLETE",IF(COUNTIFS('Run Log'!$B:$B,A43,'Run Log'!$D:$D,"PASS")=O43,"PASS",IF(COUNTIFS('Run Log'!$B:$B,A43,'Run Log'!$D:$D,"FAIL")>0,"FAIL",IF(COUNTIFS('Run Log'!$B:$B,A43,'Run Log'!$D:$D,"BLOCKED")>0,"BLOCKED",IF(COUNTIFS('Run Log'!$B:$B,A43,'Run Log'!$D:$D,"SKIPPED")>0,"SKIPPED","NOT RUN")))))
A44: TC-RS-BR-006 | B44: Nhóm tham chiếu tách khỏi đối tượng áp dụng và danh sách đang lọc ở đầu ra | C44: C. Business Rules | D44: - Điều kiện: Quy tắc chỉ áp dụng cho lớp G-A (bộ lọc lớp), công thức `A×0.5`, nguồn có nhóm tham chiếu là một nhóm tổng hợp chứa cả G-A và G-B, `A=50` (G-A riêng có trung bình 40). Đã xét: `T=25`. - Dữ liệu test: Nguồn theo nhóm tổng hợp chứa G-A và G-B (không dùng nhóm theo khối vì G-A thuộc khối 1, G-B thuộc khối 2); các lớp học phần G-A, G-B, G-C | E44: Cao | F44: CONFIRMED | G44: UNASSESSED | H44: tiêu chí nghiệm thu “Đúng phạm vi tham chiếu” (AC-G12 «Đúng phạm vi tham chiếu») | I44: C. Business Rules | J44: test-cases.vi.md | K44: 1. Xem kết quả của học sinh G-A điểm 24 (Đỏ) và 26 (Không đỏ). 2. Chạy trích xuất chỉ lọc lớp G-A. 3. Chạy lại xét. | Lượt chạy | Phạm vi thực hiện và đối chiếu | | --- | --- | | Run: Base | Toàn bộ thủ tục theo đúng thứ tự; các đối chứng cùng fixture được kiểm trong cùng lượt, không bỏ bước | | L44: Kết quả vẫn dùng `T=25` (từ `A=50` của cả nhóm). Lọc lớp ở đầu ra hoặc đối tượng chỉ G-A không làm trung bình thành 40 (`T=20`). | O44: 1 | P44: =IF(OR(COUNTIF('Run Log'!$B:$B,A44)<>O44,COUNTIF('Run Log'!$A:$A,"RUN-TC-RS-BR-006-Base")<>1,COUNTIFS('Run Log'!$A:$A,"RUN-TC-RS-BR-006-Base",'Run Log'!$B:$B,A44,'Run Log'!$C:$C,"Base")<>1),"INCOMPLETE",IF(COUNTIFS('Run Log'!$B:$B,A44,'Run Log'!$D:$D,"PASS")=O44,"PASS",IF(COUNTIFS('Run Log'!$B:$B,A44,'Run Log'!$D:$D,"FAIL")>0,"FAIL",IF(COUNTIFS('Run Log'!$B:$B,A44,'Run Log'!$D:$D,"BLOCKED")>0,"BLOCKED",IF(COUNTIFS('Run Log'!$B:$B,A44,'Run Log'!$D:$D,"SKIPPED")>0,"SKIPPED","NOT RUN")))))
A45: TC-RS-BR-007 | B45: Nguồn: bản đã chốt được ưu tiên hơn tổng hợp mới hơn | C45: C. Business Rules | D45: - Điều kiện: Có bản tổng hợp đã chốt (trung bình 49.99) (chốt, `A=49.99`) và bản tổng hợp mới nhất chưa chốt (trung bình 62) (mới hơn, `A=62`) cùng phạm vi. mục số nguyên (M=100) có cặp quy tắc phân nhánh theo trung bình 60. Dummy data (dữ liệu giả cho bản tổng hợp đã chốt). - Dữ liệu test: mục số nguyên (M=100); bản tổng hợp đã chốt (trung bình 49.99), bản tổng hợp mới nhất chưa chốt (trung bình 62), cặp quy tắc phân nhánh theo trung bình 60; học sinh điểm 24 và 26 | E45: Cao | F45: CONFIRMED | G45: UNASSESSED | H45: tiêu chí nghiệm thu “Ưu tiên bản chốt và xử lý thiếu nguồn” (AC-G13 «Ưu tiên bản chốt và xử lý thiếu nguồn»); tiêu chí nghiệm thu “Phạm vi từng đợt” (AC-G40 «Phạm vi từng đợt») | I45: C. Business Rules | J45: test-cases.vi.md | K45: 1. Chạy nút cam. 2. Xem kết quả. | Lượt chạy | Phạm vi thực hiện và đối chiếu | | --- | --- | | Run: Base | Toàn bộ thủ tục theo đúng thứ tự; các đối chứng cùng fixture được kiểm trong cùng lượt, không bỏ bước | | L45: Dùng `A=49.99` → nhánh ưu tiên 2 (`A<60`), `T=24.995` → điểm 24 Đỏ, điểm 26 Không đỏ. Không dùng `A=62` (sẽ vào nhánh `A≥60`, `T=30`, điểm 26 Đỏ). | O45: 1 | P45: =IF(OR(COUNTIF('Run Log'!$B:$B,A45)<>O45,COUNTIF('Run Log'!$A:$A,"RUN-TC-RS-BR-007-Base")<>1,COUNTIFS('Run Log'!$A:$A,"RUN-TC-RS-BR-007-Base",'Run Log'!$B:$B,A45,'Run Log'!$C:$C,"Base")<>1),"INCOMPLETE",IF(COUNTIFS('Run Log'!$B:$B,A45,'Run Log'!$D:$D,"PASS")=O45,"PASS",IF(COUNTIFS('Run Log'!$B:$B,A45,'Run Log'!$D:$D,"FAIL")>0,"FAIL",IF(COUNTIFS('Run Log'!$B:$B,A45,'Run Log'!$D:$D,"BLOCKED")>0,"BLOCKED",IF(COUNTIFS('Run Log'!$B:$B,A45,'Run Log'!$D:$D,"SKIPPED")>0,"SKIPPED","NOT RUN")))))
A46: TC-RS-BR-008 | B46: Nguồn: chưa có bản chốt → dùng tổng hợp hoàn tất mới nhất cùng phạm vi | C46: C. Business Rules | D46: - Điều kiện: Chỉ có bản tổng hợp mới nhất chưa chốt (trung bình 62) (`A=62`), không có bản chốt; có thêm một tổng hợp cũ hơn `A=55` và một tổng hợp khác kỳ mới hơn `A=40`. - Dữ liệu test: bản tổng hợp mới nhất chưa chốt (trung bình 62), cặp quy tắc phân nhánh theo trung bình 60 | E46: Cao | F46: CONFIRMED | G46: UNASSESSED | H46: tiêu chí nghiệm thu “Ưu tiên bản chốt và xử lý thiếu nguồn” (AC-G13 «Ưu tiên bản chốt và xử lý thiếu nguồn») | I46: C. Business Rules | J46: test-cases.vi.md | K46: 1. Chạy nút cam. 2. Xem kết quả học sinh điểm 26 và 29. 3. Bắt đầu một lượt tổng hợp mới cùng phạm vi sau bản tổng hợp mới nhất chưa chốt (trung bình 62) nhưng chưa hoàn tất (đang chạy hoặc thất bại); chạy lại nút cam. | Lượt chạy | Phạm vi thực hiện và đối chiếu | | --- | --- | | Run: completed | Bản mới nhất hoàn tất | | Run: running | Bản mới đang chạy | | Run: failed | Bản mới thất bại | | L46: 1–2. Dùng `A=62` (mới nhất, cùng kỳ) → nhánh `A≥60`, `T=30` → 26 và 29 Đỏ. Không dùng bản cũ hơn hoặc bản khác kỳ. 3. Vẫn dùng `A=62` của bản hoàn tất mới nhất; không đọc lượt tổng hợp chưa hoàn tất. | O46: 3 | P46: =IF(OR(COUNTIF('Run Log'!$B:$B,A46)<>O46,COUNTIF('Run Log'!$A:$A,"RUN-TC-RS-BR-008-completed")<>1,COUNTIFS('Run Log'!$A:$A,"RUN-TC-RS-BR-008-completed",'Run Log'!$B:$B,A46,'Run Log'!$C:$C,"completed")<>1,COUNTIF('Run Log'!$A:$A,"RUN-TC-RS-BR-008-running")<>1,COUNTIFS('Run Log'!$A:$A,"RUN-TC-RS-BR-008-running",'Run Log'!$B:$B,A46,'Run Log'!$C:$C,"running")<>1,COUNTIF('Run Log'!$A:$A,"RUN-TC-RS-BR-008-failed")<>1,COUNTIFS('Run Log'!$A:$A,"RUN-TC-RS-BR-008-failed",'Run Log'!$B:$B,A46,'Run Log'!$C:$C,"failed")<>1),"INCOMPLETE",IF(COUNTIFS('Run Log'!$B:$B,A46,'Run Log'!$D:$D,"PASS")=O46,"PASS",IF(COUNTIFS('Run Log'!$B:$B,A46,'Run Log'!$D:$D,"FAIL")>0,"FAIL",IF(COUNTIFS('Run Log'!$B:$B,A46,'Run Log'!$D:$D,"BLOCKED")>0,"BLOCKED",IF(COUNTIFS('Run Log'!$B:$B,A46,'Run Log'!$D:$D,"SKIPPED")>0,"SKIPPED","NOT RUN")))))
A47: TC-RS-BR-009 | B47: Nguồn: bản đã chốt thiếu dữ liệu → Chưa xét được, không chuyển sang bản thường | C47: C. Business Rules | D47: - Điều kiện: Có bản đã chốt thiếu dữ liệu của ô (chốt, thiếu dòng cho môn/mục) và bản tổng hợp mới nhất chưa chốt (trung bình 62) (thường, đầy đủ). cặp quy tắc phân nhánh theo trung bình 60. Ô trước đó Đỏ. - Dữ liệu test: bản đã chốt thiếu dữ liệu của ô, bản tổng hợp mới nhất chưa chốt (trung bình 62), cặp quy tắc phân nhánh theo trung bình 60 | E47: Cao | F47: CONFIRMED | G47: UNASSESSED | H47: tiêu chí nghiệm thu “Ưu tiên bản chốt và xử lý thiếu nguồn” (AC-G13 «Ưu tiên bản chốt và xử lý thiếu nguồn»); tiêu chí nghiệm thu “Phạm vi từng đợt” (AC-G40 «Phạm vi từng đợt») | I47: C. Business Rules | J47: test-cases.vi.md | K47: 1. Chạy nút cam. 2. Xem kết quả và ba đầu ra. | Lượt chạy | Phạm vi thực hiện và đối chiếu | | --- | --- | | Run: Base | Toàn bộ thủ tục theo đúng thứ tự; các đối chứng cùng fixture được kiểm trong cùng lượt, không bỏ bước | | L47: Chưa xét được; ngừng dùng dấu/lọc đỏ cũ; điểm giữ nguyên. Không dùng bản tổng hợp mới nhất chưa chốt (trung bình 62) hay bản khác kỳ. | O47: 1 | P47: =IF(OR(COUNTIF('Run Log'!$B:$B,A47)<>O47,COUNTIF('Run Log'!$A:$A,"RUN-TC-RS-BR-009-Base")<>1,COUNTIFS('Run Log'!$A:$A,"RUN-TC-RS-BR-009-Base",'Run Log'!$B:$B,A47,'Run Log'!$C:$C,"Base")<>1),"INCOMPLETE",IF(COUNTIFS('Run Log'!$B:$B,A47,'Run Log'!$D:$D,"PASS")=O47,"PASS",IF(COUNTIFS('Run Log'!$B:$B,A47,'Run Log'!$D:$D,"FAIL")>0,"FAIL",IF(COUNTIFS('Run Log'!$B:$B,A47,'Run Log'!$D:$D,"BLOCKED")>0,"BLOCKED",IF(COUNTIFS('Run Log'!$B:$B,A47,'Run Log'!$D:$D,"SKIPPED")>0,"SKIPPED","NOT RUN")))))
A48: TC-RS-BR-010 | B48: Chưa có kết quả tổng hợp → Chưa xét được, không thay bằng 0 hay nhóm khác | C48: C. Business Rules | D48: - Điều kiện: Công thức `A×0.5` với nguồn nguồn chưa có kết quả tổng hợp (chưa tổng hợp). Ô trước đó Đỏ. - Dữ liệu test: nguồn chưa có kết quả tổng hợp | E48: Cao | F48: CONFIRMED | G48: UNASSESSED | H48: tiêu chí nghiệm thu “Ưu tiên bản chốt và xử lý thiếu nguồn” (AC-G13 «Ưu tiên bản chốt và xử lý thiếu nguồn») | I48: C. Business Rules | J48: test-cases.vi.md | K48: 1. Chạy nút cam. 2. Xem kết quả. | Lượt chạy | Phạm vi thực hiện và đối chiếu | | --- | --- | | Run: Base | Toàn bộ thủ tục theo đúng thứ tự; các đối chứng cùng fixture được kiểm trong cùng lượt, không bỏ bước | | L48: Chưa xét được; `A` không bị coi là 0 (nếu coi 0 thì `T=0`, mọi điểm dương Không đỏ); không dùng nhóm khác; ngừng dấu đỏ cũ. | O48: 1 | P48: =IF(OR(COUNTIF('Run Log'!$B:$B,A48)<>O48,COUNTIF('Run Log'!$A:$A,"RUN-TC-RS-BR-010-Base")<>1,COUNTIFS('Run Log'!$A:$A,"RUN-TC-RS-BR-010-Base",'Run Log'!$B:$B,A48,'Run Log'!$C:$C,"Base")<>1),"INCOMPLETE",IF(COUNTIFS('Run Log'!$B:$B,A48,'Run Log'!$D:$D,"PASS")=O48,"PASS",IF(COUNTIFS('Run Log'!$B:$B,A48,'Run Log'!$D:$D,"FAIL")>0,"FAIL",IF(COUNTIFS('Run Log'!$B:$B,A48,'Run Log'!$D:$D,"BLOCKED")>0,"BLOCKED",IF(COUNTIFS('Run Log'!$B:$B,A48,'Run Log'!$D:$D,"SKIPPED")>0,"SKIPPED","NOT RUN")))))
A49: TC-RS-BR-011 | B49: Nguồn chỉ cần khi quy tắc đọc trung bình/tỷ lệ nhóm | C49: C. Business Rules | D49: - Điều kiện: Không có kết quả tổng hợp nào (nguồn chưa có kết quả tổng hợp). - Dữ liệu test: quy tắc “Cố định 30” (dưới 30), quy tắc tỷ lệ 30%, nguồn chưa có kết quả tổng hợp, học sinh S01 (điểm 29) | E49: Cao | F49: CONFIRMED | G49: UNASSESSED | H49: tiêu chí nghiệm thu “Đối tượng áp dụng và nhu cầu nguồn” (AC-G05 «Đối tượng áp dụng và nhu cầu nguồn») | I49: C. Business Rules | J49: test-cases.vi.md | K49: 1. Chỉ có quy tắc “Cố định 30” (dưới 30) (Toàn bộ, không điều kiện trung bình): đăng ký S01=29. 2. Chỉ có quy tắc tỷ lệ 30%: đăng ký S01=29. 3. Chỉ có quy tắc "cố định 30 `<`, điều kiện `A≥60`": đăng ký S01=29. | Lượt chạy | Phạm vi thực hiện và đối chiếu | | --- | --- | | Run: fixed | Ngưỡng cố định | | Run: ratio | Ngưỡng tỷ lệ | | Run: average-condition | Điều kiện trung bình | | L49: 1. Đỏ (không cần nguồn). 2. Đỏ (`M=100`, `T=30`; không cần nguồn). 3. Chưa xét được; không bỏ điều kiện để áp 30 cho mọi học sinh. | O49: 3 | P49: =IF(OR(COUNTIF('Run Log'!$B:$B,A49)<>O49,COUNTIF('Run Log'!$A:$A,"RUN-TC-RS-BR-011-fixed")<>1,COUNTIFS('Run Log'!$A:$A,"RUN-TC-RS-BR-011-fixed",'Run Log'!$B:$B,A49,'Run Log'!$C:$C,"fixed")<>1,COUNTIF('Run Log'!$A:$A,"RUN-TC-RS-BR-011-ratio")<>1,COUNTIFS('Run Log'!$A:$A,"RUN-TC-RS-BR-011-ratio",'Run Log'!$B:$B,A49,'Run Log'!$C:$C,"ratio")<>1,COUNTIF('Run Log'!$A:$A,"RUN-TC-RS-BR-011-average-condition")<>1,COUNTIFS('Run Log'!$A:$A,"RUN-TC-RS-BR-011-average-condition",'Run Log'!$B:$B,A49,'Run Log'!$C:$C,"average-condition")<>1),"INCOMPLETE",IF(COUNTIFS('Run Log'!$B:$B,A49,'Run Log'!$D:$D,"PASS")=O49,"PASS",IF(COUNTIFS('Run Log'!$B:$B,A49,'Run Log'!$D:$D,"FAIL")>0,"FAIL",IF(COUNTIFS('Run Log'!$B:$B,A49,'Run Log'!$D:$D,"BLOCKED")>0,"BLOCKED",IF(COUNTIFS('Run Log'!$B:$B,A49,'Run Log'!$D:$D,"SKIPPED")>0,"SKIPPED","NOT RUN")))))
A50: TC-RS-BR-012 | B50: Điểm được xét là điểm cuối đã lưu (dự kiến, sửa tay, sau giới hạn miền điểm) | C50: C. Business Rules | D50: - Điều kiện: mục số nguyên (M=100) có quy tắc “Cố định 30” (dưới 30) và (cho biến thể c) mục số nguyên có thêm tính tự động có quy tắc tính tự động cho kết quả vượt 100. - Dữ liệu test: mục số nguyên (M=100), mục số nguyên có thêm tính tự động; học sinh S06 (điểm dự kiến 24), học sinh S08 (sửa tay 28 thành 35), quy tắc “Cố định 30” (dưới 30) | E50: Cao | F50: CONFIRMED | G50: UNASSESSED | H50: tiêu chí nghiệm thu “Dùng điểm cuối cùng” (AC-G19 «Dùng điểm cuối cùng») | I50: C. Business Rules | J50: test-cases.vi.md | K50: (a) S06 = 24 là Điểm dự kiến（見込点）: đăng ký. (b) S08: nhập 28, lưu; sửa tay thành 35, lưu. (c) Tạo dữ liệu mà phép tính cho 120 nhưng điểm lưu hợp lệ là 100; áp quy tắc cố định 100 `<` và 100 `≤`. | Lượt chạy | Phạm vi thực hiện và đối chiếu | | --- | --- | | Run: projected | Điểm dự kiến 24 | | Run: manual | Chuỗi sửa tay 28 thành 35 | | Run: clamp-lt | Điểm sau chặn 100 với nhỏ hơn | | Run: clamp-le | Điểm sau chặn 100 với nhỏ hơn hoặc bằng | | L50: (a) Đỏ. (b) Sau lần lưu thứ hai: xét 35 → Không đỏ. (c) Xét `S=100`: `<100` Không đỏ; `≤100` Đỏ. | O50: 4 | P50: =IF(OR(COUNTIF('Run Log'!$B:$B,A50)<>O50,COUNTIF('Run Log'!$A:$A,"RUN-TC-RS-BR-012-projected")<>1,COUNTIFS('Run Log'!$A:$A,"RUN-TC-RS-BR-012-projected",'Run Log'!$B:$B,A50,'Run Log'!$C:$C,"projected")<>1,COUNTIF('Run Log'!$A:$A,"RUN-TC-RS-BR-012-manual")<>1,COUNTIFS('Run Log'!$A:$A,"RUN-TC-RS-BR-012-manual",'Run Log'!$B:$B,A50,'Run Log'!$C:$C,"manual")<>1,COUNTIF('Run Log'!$A:$A,"RUN-TC-RS-BR-012-clamp-lt")<>1,COUNTIFS('Run Log'!$A:$A,"RUN-TC-RS-BR-012-clamp-lt",'Run Log'!$B:$B,A50,'Run Log'!$C:$C,"clamp-lt")<>1,COUNTIF('Run Log'!$A:$A,"RUN-TC-RS-BR-012-clamp-le")<>1,COUNTIFS('Run Log'!$A:$A,"RUN-TC-RS-BR-012-clamp-le",'Run Log'!$B:$B,A50,'Run Log'!$C:$C,"clamp-le")<>1),"INCOMPLETE",IF(COUNTIFS('Run Log'!$B:$B,A50,'Run Log'!$D:$D,"PASS")=O50,"PASS",IF(COUNTIFS('Run Log'!$B:$B,A50,'Run Log'!$D:$D,"FAIL")>0,"FAIL",IF(COUNTIFS('Run Log'!$B:$B,A50,'Run Log'!$D:$D,"BLOCKED")>0,"BLOCKED",IF(COUNTIFS('Run Log'!$B:$B,A50,'Run Log'!$D:$D,"SKIPPED")>0,"SKIPPED","NOT RUN")))))
A51: TC-RS-BR-013 | B51: Cờ Chưa dự thi（未受験） không loại điểm số khỏi xét | C51: C. Business Rules | D51: - Điều kiện: quy tắc “Cố định 30” (dưới 30) (`<30`). - Dữ liệu test: quy tắc “Cố định 30” (dưới 30); học sinh S07 (điểm 35, cờ Chưa dự thi（未受験）) (35, cờ Chưa dự thi) và biến thể S07 = 25 cùng cờ; học sinh S09 (mục số thập phân 29.5) (mục số thập phân (M=100) = 29.5) được thiết lập loại khỏi xếp hạng; mục số thập phân (M=100) có quy tắc “Cố định 30” (dưới 30) | E51: Cao | F51: CONFIRMED | G51: UNASSESSED | H51: tiêu chí nghiệm thu “Dùng điểm cuối cùng” (AC-G19 «Dùng điểm cuối cùng») | I51: C. Business Rules | J51: test-cases.vi.md | K51: 1. Đăng ký S07=35 kèm cờ Chưa dự thi（未受験）. 2. Sửa S07=25, giữ cờ. 3. Đăng ký điểm 29.5 cho S09 (học sinh bị loại khỏi xếp hạng); chạy nút xanh rồi nút cam. | Lượt chạy | Phạm vi thực hiện và đối chiếu | | --- | --- | | Run: notexam35 | Cờ chưa dự thi với điểm 35 | | Run: notexam25 | Cờ chưa dự thi với điểm 25 | | Run: ranking-excluded | Loại khỏi xếp hạng với điểm 29.5 | | L51: 1. Được xét → Không đỏ. 2. Được xét → Đỏ. 3. S09 được xét → Đỏ (29.5 `<30`); việc bị loại khỏi xếp hạng không loại ô khỏi xét đỏ. | O51: 3 | P51: =IF(OR(COUNTIF('Run Log'!$B:$B,A51)<>O51,COUNTIF('Run Log'!$A:$A,"RUN-TC-RS-BR-013-notexam35")<>1,COUNTIFS('Run Log'!$A:$A,"RUN-TC-RS-BR-013-notexam35",'Run Log'!$B:$B,A51,'Run Log'!$C:$C,"notexam35")<>1,COUNTIF('Run Log'!$A:$A,"RUN-TC-RS-BR-013-notexam25")<>1,COUNTIFS('Run Log'!$A:$A,"RUN-TC-RS-BR-013-notexam25",'Run Log'!$B:$B,A51,'Run Log'!$C:$C,"notexam25")<>1,COUNTIF('Run Log'!$A:$A,"RUN-TC-RS-BR-013-ranking-excluded")<>1,COUNTIFS('Run Log'!$A:$A,"RUN-TC-RS-BR-013-ranking-excluded",'Run Log'!$B:$B,A51,'Run Log'!$C:$C,"ranking-excluded")<>1),"INCOMPLETE",IF(COUNTIFS('Run Log'!$B:$B,A51,'Run Log'!$D:$D,"PASS")=O51,"PASS",IF(COUNTIFS('Run Log'!$B:$B,A51,'Run Log'!$D:$D,"FAIL")>0,"FAIL",IF(COUNTIFS('Run Log'!$B:$B,A51,'Run Log'!$D:$D,"BLOCKED")>0,"BLOCKED",IF(COUNTIFS('Run Log'!$B:$B,A51,'Run Log'!$D:$D,"SKIPPED")>0,"SKIPPED","NOT RUN")))))
A52: TC-RS-BR-014 | B52: Ô trống không bị coi là 0 (trạng thái Không có điểm) | C52: C. Business Rules | D52: - Điều kiện: quy tắc “Cố định 30” (dưới 30) (`<30`) và quy tắc cố định 30 với Nhỏ hơn hoặc bằng（以下） biến thể cố định 0 `≤`. - Dữ liệu test: quy tắc “Cố định 30” (dưới 30), quy tắc cố định 30 với Nhỏ hơn hoặc bằng（以下）; học sinh S05 (ô trống) (trống), học sinh S04 (điểm 0) (0) | E52: Cao | F52: CONFIRMED | G52: UNASSESSED | H52: tiêu chí nghiệm thu “Dùng điểm cuối cùng” (AC-G19 «Dùng điểm cuối cùng») | I52: C. Business Rules | J52: test-cases.vi.md | K52: 1. Với quy tắc “Cố định 30” (dưới 30): đăng ký S04=0, để S05 trống. 2. Đổi thành quy tắc cố định 0 `≤`, chạy lại. | Lượt chạy | Phạm vi thực hiện và đối chiếu | | --- | --- | | Run: fixed30-lt | Ngưỡng 30 nhỏ hơn, kiểm cả trống và 0 | | Run: fixed0-le | Ngưỡng 0 nhỏ hơn hoặc bằng, kiểm cả trống và 0 | | L52: 1. S04 Đỏ (0 hợp lệ là số); S05 Không có điểm, không dấu đỏ. 2. S04 Đỏ (`0≤0`); S05 vẫn Không có điểm (không thành Đỏ như thể là 0). | O52: 2 | P52: =IF(OR(COUNTIF('Run Log'!$B:$B,A52)<>O52,COUNTIF('Run Log'!$A:$A,"RUN-TC-RS-BR-014-fixed30-lt")<>1,COUNTIFS('Run Log'!$A:$A,"RUN-TC-RS-BR-014-fixed30-lt",'Run Log'!$B:$B,A52,'Run Log'!$C:$C,"fixed30-lt")<>1,COUNTIF('Run Log'!$A:$A,"RUN-TC-RS-BR-014-fixed0-le")<>1,COUNTIFS('Run Log'!$A:$A,"RUN-TC-RS-BR-014-fixed0-le",'Run Log'!$B:$B,A52,'Run Log'!$C:$C,"fixed0-le")<>1),"INCOMPLETE",IF(COUNTIFS('Run Log'!$B:$B,A52,'Run Log'!$D:$D,"PASS")=O52,"PASS",IF(COUNTIFS('Run Log'!$B:$B,A52,'Run Log'!$D:$D,"FAIL")>0,"FAIL",IF(COUNTIFS('Run Log'!$B:$B,A52,'Run Log'!$D:$D,"BLOCKED")>0,"BLOCKED",IF(COUNTIFS('Run Log'!$B:$B,A52,'Run Log'!$D:$D,"SKIPPED")>0,"SKIPPED","NOT RUN")))))
A53: TC-RS-BR-015 | B53: Lưu cấu hình không xét; kết quả trước giữ tới lần chạy lại | C53: C. Business Rules | D53: - Điều kiện: quy tắc “Cố định 30” (dưới 30); S03 sửa thành 32 và đã xét → Không đỏ. - Dữ liệu test: quy tắc “Cố định 30” (dưới 30) | E53: Cao | F53: CONFIRMED | G53: UNASSESSED | H53: tiêu chí nghiệm thu “Giữ kết quả trước khi chạy lại” (AC-G21 «Giữ kết quả trước khi chạy lại và xóa rule cuối») | I53: C. Business Rules | J53: test-cases.vi.md | K53: 1. Đổi ngưỡng thành 35 `<`, lưu. 2. Xem ba đầu ra. 3. Đổi thứ tự quy tắc/đổi nguồn (nếu có), lưu, xem lại. 4. Chỉ đổi dấu (`<35` → `≤35`), lưu, xem lại. Nếu công thức thuộc đợt phát hành: chỉ đổi công thức của một quy tắc công thức, lưu, xem lại. 5. Chạy lại (đăng ký lại điểm S03 hoặc nút cam), xem ba đầu ra. | Lượt chạy | Phạm vi thực hiện và đối chiếu | | --- | --- | | Run: Base | Toàn bộ thủ tục theo đúng thứ tự; các đối chứng cùng fixture được kiểm trong cùng lượt, không bỏ bước | | L53: 1. Sau lưu: không báo "đã cập nhật điểm đỏ học sinh"; có hướng dẫn chạy lại. 2–4. S03 vẫn Không đỏ theo kết quả trước; hiệu ứng hiển thị trước đó giữ nguyên. 5. Sau chạy lại thành công: S03 Đỏ. | O53: 1 | P53: =IF(OR(COUNTIF('Run Log'!$B:$B,A53)<>O53,COUNTIF('Run Log'!$A:$A,"RUN-TC-RS-BR-015-Base")<>1,COUNTIFS('Run Log'!$A:$A,"RUN-TC-RS-BR-015-Base",'Run Log'!$B:$B,A53,'Run Log'!$C:$C,"Base")<>1),"INCOMPLETE",IF(COUNTIFS('Run Log'!$B:$B,A53,'Run Log'!$D:$D,"PASS")=O53,"PASS",IF(COUNTIFS('Run Log'!$B:$B,A53,'Run Log'!$D:$D,"FAIL")>0,"FAIL",IF(COUNTIFS('Run Log'!$B:$B,A53,'Run Log'!$D:$D,"BLOCKED")>0,"BLOCKED",IF(COUNTIFS('Run Log'!$B:$B,A53,'Run Log'!$D:$D,"SKIPPED")>0,"SKIPPED","NOT RUN")))))
A54: TC-RS-BR-016 | B54: Sửa điểm 29 → 40 được lưu và xét trong cùng lượt | C54: C. Business Rules | D54: - Điều kiện: quy tắc “Cố định 30” (dưới 30); S01=29 Đỏ. - Dữ liệu test: quy tắc “Cố định 30” (dưới 30); học sinh S01 (điểm 29) | E54: Cao | F54: CONFIRMED | G54: UNASSESSED | H54: tiêu chí nghiệm thu “Lưu thành công và thông báo an toàn” (AC-G26 «Lưu thành công và thông báo an toàn») | I54: C. Business Rules | J54: test-cases.vi.md | K54: 1. Sửa S01 thành 40, lưu thành công. 2. Xem ba đầu ra ngay sau đó. | Lượt chạy | Phạm vi thực hiện và đối chiếu | | --- | --- | | Run: Base | Toàn bộ thủ tục theo đúng thứ tự; các đối chứng cùng fixture được kiểm trong cùng lượt, không bỏ bước | | L54: S01 Không đỏ; không cần bật một chế độ thủ công/tự động riêng. | O54: 1 | P54: =IF(OR(COUNTIF('Run Log'!$B:$B,A54)<>O54,COUNTIF('Run Log'!$A:$A,"RUN-TC-RS-BR-016-Base")<>1,COUNTIFS('Run Log'!$A:$A,"RUN-TC-RS-BR-016-Base",'Run Log'!$B:$B,A54,'Run Log'!$C:$C,"Base")<>1),"INCOMPLETE",IF(COUNTIFS('Run Log'!$B:$B,A54,'Run Log'!$D:$D,"PASS")=O54,"PASS",IF(COUNTIFS('Run Log'!$B:$B,A54,'Run Log'!$D:$D,"FAIL")>0,"FAIL",IF(COUNTIFS('Run Log'!$B:$B,A54,'Run Log'!$D:$D,"BLOCKED")>0,"BLOCKED",IF(COUNTIFS('Run Log'!$B:$B,A54,'Run Log'!$D:$D,"SKIPPED")>0,"SKIPPED","NOT RUN")))))
A55: TC-RS-BR-017 | B55: Chạy lại không tạo được ngưỡng hợp lệ → Chưa xét được, ngừng kết quả cũ, giữ điểm | C55: C. Business Rules | D55: - Điều kiện: Ô S01=29 Đỏ theo công thức `A×0.5` (nguồn bản tổng hợp mới nhất chưa chốt (trung bình 62)). - Dữ liệu test: mục có M không hợp lệ, quy tắc công thức 100 ÷ trung bình, bản tổng hợp mới nhất chưa chốt (trung bình 62); học sinh S01 (điểm 29), nguồn chưa có kết quả tổng hợp | E55: Cao | F55: CONFIRMED | G55: UNASSESSED | H55: tiêu chí nghiệm thu “Trạng thái sau lần chạy” (AC-G20 «Trạng thái sau lần chạy») | I55: C. Business Rules | J55: test-cases.vi.md | K55: 1. Từ baseline độc lập, xác nhận S01=29 đang Đỏ; tạo biến thể (a) bằng cách đổi nguồn sang nguồn chưa có kết quả tổng hợp (không có tổng hợp), lưu, chạy lại. 2. Khôi phục/rebuild baseline S01=29 Đỏ; tạo biến thể (b) bằng quy tắc tỷ lệ với M không hợp lệ (mục có M không hợp lệ), rồi chạy lại. 3. Khôi phục/rebuild baseline S01=29 Đỏ; tạo biến thể (c) bằng quy tắc công thức 100 ÷ trung bình với `A=0`, rồi chạy lại. 4. Sau mỗi biến thể: xem ba đầu ra và điểm S01. | Lượt chạy | Phạm vi thực hiện và đối chiếu | | --- | --- | | Run: invalid-M | Nhánh invalid-M trong thủ tục và Expected của case; thực hiện các bước chuẩn bị chung trước nhánh | | Run: missing-source | Nhánh missing-source trong thủ tục và Expected của case; thực hiện các bước chuẩn bị chung trước nhánh | | Run: invalid-formula | Nhánh invalid-formula trong thủ tục và Expected của case; thực hiện các bước chuẩn bị chung trước nhánh | | L55: Mỗi biến thể: trạng thái Chưa xét được; dấu/lọc đỏ cũ ngừng ở cả ba đầu ra; điểm S01 vẫn 29; không đi xuống quy tắc thấp hơn; không bật lại ngưỡng cũ `red_score`. | O55: 3 | P55: =IF(OR(COUNTIF('Run Log'!$B:$B,A55)<>O55,COUNTIF('Run Log'!$A:$A,"RUN-TC-RS-BR-017-invalid-M")<>1,COUNTIFS('Run Log'!$A:$A,"RUN-TC-RS-BR-017-invalid-M",'Run Log'!$B:$B,A55,'Run Log'!$C:$C,"invalid-M")<>1,COUNTIF('Run Log'!$A:$A,"RUN-TC-RS-BR-017-missing-source")<>1,COUNTIFS('Run Log'!$A:$A,"RUN-TC-RS-BR-017-missing-source",'Run Log'!$B:$B,A55,'Run Log'!$C:$C,"missing-source")<>1,COUNTIF('Run Log'!$A:$A,"RUN-TC-RS-BR-017-invalid-formula")<>1,COUNTIFS('Run Log'!$A:$A,"RUN-TC-RS-BR-017-invalid-formula",'Run Log'!$B:$B,A55,'Run Log'!$C:$C,"invalid-formula")<>1),"INCOMPLETE",IF(COUNTIFS('Run Log'!$B:$B,A55,'Run Log'!$D:$D,"PASS")=O55,"PASS",IF(COUNTIFS('Run Log'!$B:$B,A55,'Run Log'!$D:$D,"FAIL")>0,"FAIL",IF(COUNTIFS('Run Log'!$B:$B,A55,'Run Log'!$D:$D,"BLOCKED")>0,"BLOCKED",IF(COUNTIFS('Run Log'!$B:$B,A55,'Run Log'!$D:$D,"SKIPPED")>0,"SKIPPED","NOT RUN")))))
A56: TC-RS-BR-018 | B56: Đổi phạm vi làm ô không còn quy tắc áp dụng: giữ khi chưa chạy; chạy lại → Không áp dụng | C56: C. Business Rules | D56: - Điều kiện: Quy tắc lọc lớp G-A; S01 (G-A) = 29 Đỏ. - Dữ liệu test: học sinh S01 (điểm 29) | E56: Cao | F56: CONFIRMED | G56: UNASSESSED | H56: tiêu chí nghiệm thu “Giữ kết quả trước khi chạy lại” (AC-G21 «Giữ kết quả trước khi chạy lại và xóa rule cuối») | I56: C. Business Rules | J56: test-cases.vi.md | K56: 1. Đổi bộ lọc sang lớp G-B, lưu. Xem đầu ra. 2. Chạy lại. Xem đầu ra. | Lượt chạy | Phạm vi thực hiện và đối chiếu | | --- | --- | | Run: Base | Toàn bộ thủ tục theo đúng thứ tự; các đối chứng cùng fixture được kiểm trong cùng lượt, không bỏ bước | | L56: 1. S01 vẫn Đỏ (kết quả trước). 2. S01 Không áp dụng; ngừng dấu/lọc đỏ cũ; điểm giữ nguyên. | O56: 1 | P56: =IF(OR(COUNTIF('Run Log'!$B:$B,A56)<>O56,COUNTIF('Run Log'!$A:$A,"RUN-TC-RS-BR-018-Base")<>1,COUNTIFS('Run Log'!$A:$A,"RUN-TC-RS-BR-018-Base",'Run Log'!$B:$B,A56,'Run Log'!$C:$C,"Base")<>1),"INCOMPLETE",IF(COUNTIFS('Run Log'!$B:$B,A56,'Run Log'!$D:$D,"PASS")=O56,"PASS",IF(COUNTIFS('Run Log'!$B:$B,A56,'Run Log'!$D:$D,"FAIL")>0,"FAIL",IF(COUNTIFS('Run Log'!$B:$B,A56,'Run Log'!$D:$D,"BLOCKED")>0,"BLOCKED",IF(COUNTIFS('Run Log'!$B:$B,A56,'Run Log'!$D:$D,"SKIPPED")>0,"SKIPPED","NOT RUN")))))
A57: TC-RS-BR-019 | B57: Xóa quy tắc cuối: giữ kết quả tới lần chạy lại; chạy lại → Không áp dụng | C57: C. Business Rules | D57: - Điều kiện: mục số nguyên (M=100) chỉ có quy tắc “Cố định 30” (dưới 30); S01=29 Đỏ. Trích xuất cấu hình trích xuất: lọc, ký hiệu “*” phía trước, tô màu, công khai `*` trước, phiếu cấu hình phiếu điểm: ký tự “※” phía trước đã cấu hình. - Dữ liệu test: mục số nguyên (M=100), quy tắc “Cố định 30” (dưới 30); học sinh S01 (điểm 29), cấu hình trích xuất: lọc, ký hiệu “*” phía trước, tô màu, cấu hình công khai: “*” phía trước, cấu hình phiếu điểm: ký tự “※” phía trước | E57: Cao | F57: CONFIRMED | G57: UNASSESSED | H57: tiêu chí nghiệm thu “Giữ kết quả trước khi chạy lại” (AC-G21 «Giữ kết quả trước khi chạy lại và xóa rule cuối») | I57: C. Business Rules | J57: test-cases.vi.md | K57: 1. Xóa quy tắc “Cố định 30” (dưới 30) (quy tắc cuối). 2. Xem ba đầu ra. 3. Chạy lại bằng đăng ký điểm lớp G-A hoặc chạy hàng loạt. 4. Xem ba đầu ra và cấu hình trình bày đầu ra. | Lượt chạy | Phạm vi thực hiện và đối chiếu | | --- | --- | | Run: registration | Chạy lại bằng đăng ký điểm | | Run: batch | Chạy lại bằng nút cam, reset baseline trước lượt này | | L57: 1–2. Danh sách rỗng nhưng S01 vẫn hiện dấu đỏ/thỏa lọc ở ba đầu ra. 3–4. Lần chạy xét cả mục đã hết quy tắc: S01 Không áp dụng, ngừng dấu/lọc; điểm giữ nguyên. Cấu hình trình bày đỏ đã lưu ở đầu ra không bị xóa như tác dụng phụ. | O57: 2 | P57: =IF(OR(COUNTIF('Run Log'!$B:$B,A57)<>O57,COUNTIF('Run Log'!$A:$A,"RUN-TC-RS-BR-019-registration")<>1,COUNTIFS('Run Log'!$A:$A,"RUN-TC-RS-BR-019-registration",'Run Log'!$B:$B,A57,'Run Log'!$C:$C,"registration")<>1,COUNTIF('Run Log'!$A:$A,"RUN-TC-RS-BR-019-batch")<>1,COUNTIFS('Run Log'!$A:$A,"RUN-TC-RS-BR-019-batch",'Run Log'!$B:$B,A57,'Run Log'!$C:$C,"batch")<>1),"INCOMPLETE",IF(COUNTIFS('Run Log'!$B:$B,A57,'Run Log'!$D:$D,"PASS")=O57,"PASS",IF(COUNTIFS('Run Log'!$B:$B,A57,'Run Log'!$D:$D,"FAIL")>0,"FAIL",IF(COUNTIFS('Run Log'!$B:$B,A57,'Run Log'!$D:$D,"BLOCKED")>0,"BLOCKED",IF(COUNTIFS('Run Log'!$B:$B,A57,'Run Log'!$D:$D,"SKIPPED")>0,"SKIPPED","NOT RUN")))))
A58: TC-RS-BR-020 | B58: Xóa điểm thành trống → Không có điểm, bỏ dấu đỏ cũ | C58: C. Business Rules | D58: - Điều kiện: S01=29 Đỏ. - Dữ liệu test: học sinh S01 (điểm 29), cấu hình trích xuất: lọc, ký hiệu “*” phía trước, tô màu | E58: Cao | F58: CONFIRMED | G58: UNASSESSED | H58: tiêu chí nghiệm thu “Dùng điểm cuối cùng” (AC-G19 «Dùng điểm cuối cùng») | I58: C. Business Rules | J58: test-cases.vi.md | K58: 1. Xóa điểm S01 thành trống, lưu. 2. Xem ba đầu ra, chạy trích xuất có lọc đỏ. | Lượt chạy | Phạm vi thực hiện và đối chiếu | | --- | --- | | Run: Base | Toàn bộ thủ tục theo đúng thứ tự; các đối chứng cùng fixture được kiểm trong cùng lượt, không bỏ bước | | L58: S01 Không có điểm; không còn dấu đỏ; không thỏa lọc đỏ nhờ ô này. Không cần chờ chạy lại. | O58: 1 | P58: =IF(OR(COUNTIF('Run Log'!$B:$B,A58)<>O58,COUNTIF('Run Log'!$A:$A,"RUN-TC-RS-BR-020-Base")<>1,COUNTIFS('Run Log'!$A:$A,"RUN-TC-RS-BR-020-Base",'Run Log'!$B:$B,A58,'Run Log'!$C:$C,"Base")<>1),"INCOMPLETE",IF(COUNTIFS('Run Log'!$B:$B,A58,'Run Log'!$D:$D,"PASS")=O58,"PASS",IF(COUNTIFS('Run Log'!$B:$B,A58,'Run Log'!$D:$D,"FAIL")>0,"FAIL",IF(COUNTIFS('Run Log'!$B:$B,A58,'Run Log'!$D:$D,"BLOCKED")>0,"BLOCKED",IF(COUNTIFS('Run Log'!$B:$B,A58,'Run Log'!$D:$D,"SKIPPED")>0,"SKIPPED","NOT RUN")))))
A59: TC-RS-BR-021 | B59: Tổng hợp lại hoặc đổi nhóm tham chiếu không tự xét lại | C59: C. Business Rules | D59: - Điều kiện: Công thức `A×0.5`, `A=50` → `T=25`; học sinh điểm 24 Đỏ. - Dữ liệu test: bản tổng hợp mới nhất chưa chốt (trung bình 62) | E59: Cao | F59: CONFIRMED | G59: UNASSESSED | H59: tiêu chí nghiệm thu “Thứ tự đánh giá tương đối” (AC-G25 «Thứ tự đánh giá tương đối») | I59: C. Business Rules | J59: test-cases.vi.md | K59: 1. Sửa điểm nhóm để trung bình mới là 40, bấm Thực hiện tổng hợp（集計実行）. 2. Xem kết quả học sinh 24. 3. Bấm Thực hiện tính toán tự động（自動算出実行）, xem lại. | Lượt chạy | Phạm vi thực hiện và đối chiếu | | --- | --- | | Run: Base | Toàn bộ thủ tục theo đúng thứ tự; các đối chứng cùng fixture được kiểm trong cùng lượt, không bỏ bước | | L59: 1–2. Vẫn Đỏ theo kết quả trước (không tự xét lại). 3. `A=40` → `T=20` → 24 Không đỏ. | O59: 1 | P59: =IF(OR(COUNTIF('Run Log'!$B:$B,A59)<>O59,COUNTIF('Run Log'!$A:$A,"RUN-TC-RS-BR-021-Base")<>1,COUNTIFS('Run Log'!$A:$A,"RUN-TC-RS-BR-021-Base",'Run Log'!$B:$B,A59,'Run Log'!$C:$C,"Base")<>1),"INCOMPLETE",IF(COUNTIFS('Run Log'!$B:$B,A59,'Run Log'!$D:$D,"PASS")=O59,"PASS",IF(COUNTIFS('Run Log'!$B:$B,A59,'Run Log'!$D:$D,"FAIL")>0,"FAIL",IF(COUNTIFS('Run Log'!$B:$B,A59,'Run Log'!$D:$D,"BLOCKED")>0,"BLOCKED",IF(COUNTIFS('Run Log'!$B:$B,A59,'Run Log'!$D:$D,"SKIPPED")>0,"SKIPPED","NOT RUN")))))
A60: TC-RS-BR-022 | B60: Đổi M ở Thiết lập điểm tối đa（満点設定） hoặc Giá trị tối đa（最大値） không tự xét lại | C60: C. Business Rules | D60: - Điều kiện: mục số nguyên (M=100) có quy tắc tỷ lệ 30% (30%); S03 = 31, `M=100` → `T=30` → Không đỏ. - Dữ liệu test: mục số nguyên (M=100); quy tắc tỷ lệ 30% | E60: Cao | F60: CONFIRMED | G60: UNASSESSED | H60: tiêu chí nghiệm thu “Trigger khi đổi điểm tối đa/đơn vị” (AC-G24 «Trigger khi đổi điểm tối đa/đơn vị») | I60: C. Business Rules | J60: test-cases.vi.md | K60: 1. Sửa Giá trị tối đa（最大値） của mục số nguyên (M=100) ở Thiết lập ô nhập（入力欄設定） thành 200, lưu. Xem kết quả. 2. Lưu một định nghĩa lựa chọn ở Thiết lập điểm tối đa（満点設定） (`/admin/grade_report_setting/manage/detail/option/register/change_max_score`) (chưa gán cho lớp). Xem kết quả. 3. Đăng ký lại điểm S03. Xem kết quả. | Lượt chạy | Phạm vi thực hiện và đối chiếu | | --- | --- | | Run: Base | Toàn bộ thủ tục theo đúng thứ tự; các đối chứng cùng fixture được kiểm trong cùng lượt, không bỏ bước | | L60: 1–2. S03 vẫn Không đỏ (kết quả trước). 3. `M=200` → `T=60` → S03=31 Đỏ. | O60: 1 | P60: =IF(OR(COUNTIF('Run Log'!$B:$B,A60)<>O60,COUNTIF('Run Log'!$A:$A,"RUN-TC-RS-BR-022-Base")<>1,COUNTIFS('Run Log'!$A:$A,"RUN-TC-RS-BR-022-Base",'Run Log'!$B:$B,A60,'Run Log'!$C:$C,"Base")<>1),"INCOMPLETE",IF(COUNTIFS('Run Log'!$B:$B,A60,'Run Log'!$D:$D,"PASS")=O60,"PASS",IF(COUNTIFS('Run Log'!$B:$B,A60,'Run Log'!$D:$D,"FAIL")>0,"FAIL",IF(COUNTIFS('Run Log'!$B:$B,A60,'Run Log'!$D:$D,"BLOCKED")>0,"BLOCKED",IF(COUNTIFS('Run Log'!$B:$B,A60,'Run Log'!$D:$D,"SKIPPED")>0,"SKIPPED","NOT RUN")))))
A61: TC-RS-BR-023 | B61: Nút xanh Thực hiện tổng hợp（集計実行） không xét điểm đỏ | C61: C. Business Rules | D61: - Điều kiện: quy tắc “Cố định 30” (dưới 30) vừa đổi từ 30 thành 35 và lưu; S03=32 Không đỏ (kết quả trước). - Dữ liệu test: quy tắc “Cố định 30” (dưới 30) | E61: Cao | F61: CONFIRMED | G61: UNASSESSED | H61: tiêu chí nghiệm thu “Thứ tự đánh giá tương đối” (AC-G25 «Thứ tự đánh giá tương đối») | I61: C. Business Rules | J61: test-cases.vi.md | K61: 1. Bấm Thực hiện tổng hợp（集計実行）, chờ hoàn tất. 2. Xem kết quả S03. | Lượt chạy | Phạm vi thực hiện và đối chiếu | | --- | --- | | Run: Base | Toàn bộ thủ tục theo đúng thứ tự; các đối chứng cùng fixture được kiểm trong cùng lượt, không bỏ bước | | L61: S03 vẫn Không đỏ. | O61: 1 | P61: =IF(OR(COUNTIF('Run Log'!$B:$B,A61)<>O61,COUNTIF('Run Log'!$A:$A,"RUN-TC-RS-BR-023-Base")<>1,COUNTIFS('Run Log'!$A:$A,"RUN-TC-RS-BR-023-Base",'Run Log'!$B:$B,A61,'Run Log'!$C:$C,"Base")<>1),"INCOMPLETE",IF(COUNTIFS('Run Log'!$B:$B,A61,'Run Log'!$D:$D,"PASS")=O61,"PASS",IF(COUNTIFS('Run Log'!$B:$B,A61,'Run Log'!$D:$D,"FAIL")>0,"FAIL",IF(COUNTIFS('Run Log'!$B:$B,A61,'Run Log'!$D:$D,"BLOCKED")>0,"BLOCKED",IF(COUNTIFS('Run Log'!$B:$B,A61,'Run Log'!$D:$D,"SKIPPED")>0,"SKIPPED","NOT RUN")))))
A62: TC-RS-BR-024 | B62: Xem, xuất, công khai, in lại không kích hoạt xét | C62: C. Business Rules | D62: - Điều kiện: Như case “Lưu cấu hình không xét; kết quả trước giữ tới lần chạy lại” bước 1 (đã lưu `<35`, chưa chạy lại; S03=32 Không đỏ). - Dữ liệu test: cấu hình trích xuất: lọc, ký hiệu “*” phía trước, tô màu, cấu hình công khai: “*” phía trước, cấu hình phiếu điểm: ký tự “※” phía trước | E62: Cao | F62: CONFIRMED | G62: UNASSESSED | H62: tiêu chí nghiệm thu “Xem/xuất không tự xét” (AC-G28 «Xem/xuất không tự xét») | I62: C. Business Rules | J62: test-cases.vi.md | K62: 1. Chạy trích xuất, xuất Excel. 2. Mở màn công khai học sinh, tải PDF công khai. 3. Xuất PDF phiếu. | Lượt chạy | Phạm vi thực hiện và đối chiếu | | --- | --- | | Run: extract | Trích xuất màn | | Run: excel | File Excel | | Run: publish-web | Màn công khai | | Run: publish-pdf | PDF công khai | | Run: report | Phiếu điểm | | L62: S03 vẫn Không đỏ ở mọi đầu ra; không có lượt xét mới (thời điểm kết quả không đổi); không có lượt tổng hợp mới (lượt/thời điểm tổng hợp mới nhất không đổi). | O62: 5 | P62: =IF(OR(COUNTIF('Run Log'!$B:$B,A62)<>O62,COUNTIF('Run Log'!$A:$A,"RUN-TC-RS-BR-024-extract")<>1,COUNTIFS('Run Log'!$A:$A,"RUN-TC-RS-BR-024-extract",'Run Log'!$B:$B,A62,'Run Log'!$C:$C,"extract")<>1,COUNTIF('Run Log'!$A:$A,"RUN-TC-RS-BR-024-excel")<>1,COUNTIFS('Run Log'!$A:$A,"RUN-TC-RS-BR-024-excel",'Run Log'!$B:$B,A62,'Run Log'!$C:$C,"excel")<>1,COUNTIF('Run Log'!$A:$A,"RUN-TC-RS-BR-024-publish-web")<>1,COUNTIFS('Run Log'!$A:$A,"RUN-TC-RS-BR-024-publish-web",'Run Log'!$B:$B,A62,'Run Log'!$C:$C,"publish-web")<>1,COUNTIF('Run Log'!$A:$A,"RUN-TC-RS-BR-024-publish-pdf")<>1,COUNTIFS('Run Log'!$A:$A,"RUN-TC-RS-BR-024-publish-pdf",'Run Log'!$B:$B,A62,'Run Log'!$C:$C,"publish-pdf")<>1,COUNTIF('Run Log'!$A:$A,"RUN-TC-RS-BR-024-report")<>1,COUNTIFS('Run Log'!$A:$A,"RUN-TC-RS-BR-024-report",'Run Log'!$B:$B,A62,'Run Log'!$C:$C,"report")<>1),"INCOMPLETE",IF(COUNTIFS('Run Log'!$B:$B,A62,'Run Log'!$D:$D,"PASS")=O62,"PASS",IF(COUNTIFS('Run Log'!$B:$B,A62,'Run Log'!$D:$D,"FAIL")>0,"FAIL",IF(COUNTIFS('Run Log'!$B:$B,A62,'Run Log'!$D:$D,"BLOCKED")>0,"BLOCKED",IF(COUNTIFS('Run Log'!$B:$B,A62,'Run Log'!$D:$D,"SKIPPED")>0,"SKIPPED","NOT RUN")))))
A63: TC-RS-BR-025 | B63: Đầu ra không bị chặn vì chưa có hoặc chưa xét được kết quả đỏ | C63: C. Business Rules | D63: - Điều kiện: Một số ô Chưa từng xét, một số Chưa xét được. - Dữ liệu test: cấu hình trích xuất: lọc, ký hiệu “*” phía trước, tô màu, cấu hình công khai: “*” phía trước, cấu hình phiếu điểm: ký tự “※” phía trước | E63: Cao | F63: CONFIRMED | G63: UNASSESSED | H63: tiêu chí nghiệm thu “Xem/xuất không tự xét” (AC-G28 «Xem/xuất không tự xét») | I63: C. Business Rules | J63: test-cases.vi.md | K63: 1. Chạy trích xuất và xuất Excel. 2. Công khai cho học sinh, xem màn học sinh. 3. Xuất PDF phiếu. | Lượt chạy | Phạm vi thực hiện và đối chiếu | | --- | --- | | Run: extract | Trích xuất | | Run: excel | Excel | | Run: publish | Công khai | | Run: report | Phiếu điểm | | L63: Mọi thao tác hoàn tất bình thường; ô chưa có kết quả không có dấu đỏ và hiển thị theo thiết lập hiện hữu. Quyền, lịch công khai, điều kiện ẩn hiện có vẫn giữ. | O63: 4 | P63: =IF(OR(COUNTIF('Run Log'!$B:$B,A63)<>O63,COUNTIF('Run Log'!$A:$A,"RUN-TC-RS-BR-025-extract")<>1,COUNTIFS('Run Log'!$A:$A,"RUN-TC-RS-BR-025-extract",'Run Log'!$B:$B,A63,'Run Log'!$C:$C,"extract")<>1,COUNTIF('Run Log'!$A:$A,"RUN-TC-RS-BR-025-excel")<>1,COUNTIFS('Run Log'!$A:$A,"RUN-TC-RS-BR-025-excel",'Run Log'!$B:$B,A63,'Run Log'!$C:$C,"excel")<>1,COUNTIF('Run Log'!$A:$A,"RUN-TC-RS-BR-025-publish")<>1,COUNTIFS('Run Log'!$A:$A,"RUN-TC-RS-BR-025-publish",'Run Log'!$B:$B,A63,'Run Log'!$C:$C,"publish")<>1,COUNTIF('Run Log'!$A:$A,"RUN-TC-RS-BR-025-report")<>1,COUNTIFS('Run Log'!$A:$A,"RUN-TC-RS-BR-025-report",'Run Log'!$B:$B,A63,'Run Log'!$C:$C,"report")<>1),"INCOMPLETE",IF(COUNTIFS('Run Log'!$B:$B,A63,'Run Log'!$D:$D,"PASS")=O63,"PASS",IF(COUNTIFS('Run Log'!$B:$B,A63,'Run Log'!$D:$D,"FAIL")>0,"FAIL",IF(COUNTIFS('Run Log'!$B:$B,A63,'Run Log'!$D:$D,"BLOCKED")>0,"BLOCKED",IF(COUNTIFS('Run Log'!$B:$B,A63,'Run Log'!$D:$D,"SKIPPED")>0,"SKIPPED","NOT RUN")))))
A64: TC-RS-BR-027 | B64: Chạy lại nhiều lần cho cùng kết quả, không nhân đôi dấu | C64: C. Business Rules | D64: - Điều kiện: quy tắc “Cố định 30” (dưới 30); S01=29 Đỏ; trích xuất cấu hình trích xuất chỉ ký hiệu (“※” trước, “!” sau) (`※`, `!`). - Dữ liệu test: quy tắc “Cố định 30” (dưới 30); học sinh S01 (điểm 29), cấu hình trích xuất chỉ ký hiệu (“※” trước, “!” sau) | E64: Cao | F64: CONFIRMED | G64: UNASSESSED | H64: tiêu chí nghiệm thu “Kết quả chung và thứ tự cập nhật” (AC-G22 «Kết quả chung và thứ tự cập nhật») | I64: C. Business Rules | J64: test-cases.vi.md | K64: 1. Chạy nút cam 3 lần liên tiếp (chờ mỗi lần hoàn tất). 2. Xem trích xuất; SELECT số kết quả hiện hành của ô S01 (khi có schema). | Lượt chạy | Phạm vi thực hiện và đối chiếu | | --- | --- | | Run: Base | Toàn bộ thủ tục theo đúng thứ tự; các đối chứng cùng fixture được kiểm trong cùng lượt, không bỏ bước | | L64: Ô S01 hiện `※29!` (không `※※29!!`); chỉ một kết quả hiện hành cho ô. | O64: 1 | P64: =IF(OR(COUNTIF('Run Log'!$B:$B,A64)<>O64,COUNTIF('Run Log'!$A:$A,"RUN-TC-RS-BR-027-Base")<>1,COUNTIFS('Run Log'!$A:$A,"RUN-TC-RS-BR-027-Base",'Run Log'!$B:$B,A64,'Run Log'!$C:$C,"Base")<>1),"INCOMPLETE",IF(COUNTIFS('Run Log'!$B:$B,A64,'Run Log'!$D:$D,"PASS")=O64,"PASS",IF(COUNTIFS('Run Log'!$B:$B,A64,'Run Log'!$D:$D,"FAIL")>0,"FAIL",IF(COUNTIFS('Run Log'!$B:$B,A64,'Run Log'!$D:$D,"BLOCKED")>0,"BLOCKED",IF(COUNTIFS('Run Log'!$B:$B,A64,'Run Log'!$D:$D,"SKIPPED")>0,"SKIPPED","NOT RUN")))))
A65: TC-RS-BR-028 | B65: Nhóm tham chiếu có lớp khác M không gây lỗi dừng xử lý | C65: C. Business Rules | D65: - Điều kiện: nhóm tham chiếu gồm G-A có `M=20` và G-B có `M=100`; rule dùng `R (tỷ lệ nhóm)` với điều kiện `R≥65%`; P1 thuộc phạm vi được xét ở G-B (`M=100`). - Dữ liệu test: G-A có `10/20`, G-B có `80/100`; fixture nguồn đã chuẩn bị/quan sát phải ghi rõ giá trị `R` thực sự được reader sử dụng. Với nguồn tổng điểm/tổng M, fixture này cho `R=75%`; P1 có `S=60`, ngưỡng cố định `T=70` hợp lệ với `M=100`. | E65: Cao | F65: CONFIRMED | G65: UNASSESSED | H65: tiêu chí nghiệm thu “Kế thừa tỷ lệ nhóm” (AC-G15 «Kế thừa tỷ lệ nhóm») | I65: C. Business Rules | J65: test-cases.vi.md | K65: 1. Lưu quy tắc theo tỷ lệ điểm của nhóm từ 65% với nguồn là nhóm trên; ghi source snapshot/reader và xác nhận `R=75%` đã được chuẩn bị. 2. Chạy nút xanh rồi nút cam cho phạm vi. 3. Xem màn kết quả xử lý và kết quả P1. | Lượt chạy | Phạm vi thực hiện và đối chiếu | | --- | --- | | Run: Base | Toàn bộ thủ tục theo đúng thứ tự; các đối chứng cùng fixture được kiểm trong cùng lượt, không bỏ bước | | L65: 1. Lưu được; không bị chặn vì nhóm có lớp khác M. 2–3. Xử lý hoàn tất, không lỗi dừng do khác M. Ghi lại trong evidence nguồn/bản snapshot và `R` thực sự được reader dùng; nếu reader dùng nguồn tổng điểm/tổng M thì fixture này cho `R=(10+80)/(20+100)×100=75%`, khớp `≥65%`, `T=70` và P1 Đỏ. Không dùng phép tính trong case để áp đặt một cách tổng hợp mới; không dùng trung bình tỷ lệ cá nhân làm oracle thay cho nguồn hiện hữu. | O65: 1 | P65: =IF(OR(COUNTIF('Run Log'!$B:$B,A65)<>O65,COUNTIF('Run Log'!$A:$A,"RUN-TC-RS-BR-028-Base")<>1,COUNTIFS('Run Log'!$A:$A,"RUN-TC-RS-BR-028-Base",'Run Log'!$B:$B,A65,'Run Log'!$C:$C,"Base")<>1),"INCOMPLETE",IF(COUNTIFS('Run Log'!$B:$B,A65,'Run Log'!$D:$D,"PASS")=O65,"PASS",IF(COUNTIFS('Run Log'!$B:$B,A65,'Run Log'!$D:$D,"FAIL")>0,"FAIL",IF(COUNTIFS('Run Log'!$B:$B,A65,'Run Log'!$D:$D,"BLOCKED")>0,"BLOCKED",IF(COUNTIFS('Run Log'!$B:$B,A65,'Run Log'!$D:$D,"SKIPPED")>0,"SKIPPED","NOT RUN")))))
A66: TC-RS-BR-029 | B66: Mục lựa chọn không được xét, nhưng bộ lọc theo lựa chọn vẫn dùng để chọn đối tượng | C66: C. Business Rules | D66: - Điều kiện: mục kiểu lựa chọn A/B/C (A/B/C) có giá trị cho S01 = B, S02 = A. - Dữ liệu test: mục số nguyên (M=100); mục kiểu lựa chọn A/B/C, quy tắc “Cố định 30” (dưới 30) | E66: Cao | F66: CONFIRMED | G66: UNASSESSED | H66: tiêu chí nghiệm thu “Kiểu điểm được hỗ trợ” (AC-G02 «Kiểu điểm được hỗ trợ») | I66: C. Business Rules | J66: test-cases.vi.md | K66: 1. Tạo quy tắc cho mục số nguyên (M=100) với bộ lọc theo lựa chọn（選択肢型） mục kiểu lựa chọn A/B/C = B, cố định 30 `<`. 2. Đăng ký S01=29, S02=29. | Lượt chạy | Phạm vi thực hiện và đối chiếu | | --- | --- | | Run: Base | Toàn bộ thủ tục theo đúng thứ tự; các đối chứng cùng fixture được kiểm trong cùng lượt, không bỏ bước | | L66: S01 Đỏ (thuộc đối tượng); S02 Không áp dụng. Không có ô nào của mục kiểu lựa chọn A/B/C được xét đỏ. | O66: 1 | P66: =IF(OR(COUNTIF('Run Log'!$B:$B,A66)<>O66,COUNTIF('Run Log'!$A:$A,"RUN-TC-RS-BR-029-Base")<>1,COUNTIFS('Run Log'!$A:$A,"RUN-TC-RS-BR-029-Base",'Run Log'!$B:$B,A66,'Run Log'!$C:$C,"Base")<>1),"INCOMPLETE",IF(COUNTIFS('Run Log'!$B:$B,A66,'Run Log'!$D:$D,"PASS")=O66,"PASS",IF(COUNTIFS('Run Log'!$B:$B,A66,'Run Log'!$D:$D,"FAIL")>0,"FAIL",IF(COUNTIFS('Run Log'!$B:$B,A66,'Run Log'!$D:$D,"BLOCKED")>0,"BLOCKED",IF(COUNTIFS('Run Log'!$B:$B,A66,'Run Log'!$D:$D,"SKIPPED")>0,"SKIPPED","NOT RUN")))))
A67: TC-RS-BR-030 | B67: Ô điểm đơn vị được xét riêng theo từng đơn vị | C67: C. Business Rules | D67: - Điều kiện: mục điểm đơn vị (đơn vị U1 có M riêng 40) có quy tắc “Cố định 30” (dưới 30) (`<30`). S06 (G-B): U1 = 25, U2 = 35. - Dữ liệu test: quy tắc “Cố định 30” (dưới 30); mục điểm đơn vị (đơn vị U1 có M riêng 40) | E67: Cao | F67: CONFIRMED | G67: UNASSESSED | H67: tiêu chí nghiệm thu “Kiểu điểm được hỗ trợ” (AC-G02 «Kiểu điểm được hỗ trợ»); tiêu chí nghiệm thu “Nhận diện ô điểm” (AC-G03 «Nhận diện ô điểm») | I67: C. Business Rules | J67: test-cases.vi.md | K67: 1. Đăng ký điểm U1, U2 của S06. 2. Xem ba đầu ra ở phạm vi đơn vị. | Lượt chạy | Phạm vi thực hiện và đối chiếu | | --- | --- | | Run: Base | Toàn bộ thủ tục theo đúng thứ tự; các đối chứng cùng fixture được kiểm trong cùng lượt, không bỏ bước | | L67: U1 Đỏ, U2 Không đỏ; dấu chỉ ở ô U1. Hai đơn vị không bị gộp thành một ô. | O67: 1 | P67: =IF(OR(COUNTIF('Run Log'!$B:$B,A67)<>O67,COUNTIF('Run Log'!$A:$A,"RUN-TC-RS-BR-030-Base")<>1,COUNTIFS('Run Log'!$A:$A,"RUN-TC-RS-BR-030-Base",'Run Log'!$B:$B,A67,'Run Log'!$C:$C,"Base")<>1),"INCOMPLETE",IF(COUNTIFS('Run Log'!$B:$B,A67,'Run Log'!$D:$D,"PASS")=O67,"PASS",IF(COUNTIFS('Run Log'!$B:$B,A67,'Run Log'!$D:$D,"FAIL")>0,"FAIL",IF(COUNTIFS('Run Log'!$B:$B,A67,'Run Log'!$D:$D,"BLOCKED")>0,"BLOCKED",IF(COUNTIFS('Run Log'!$B:$B,A67,'Run Log'!$D:$D,"SKIPPED")>0,"SKIPPED","NOT RUN")))))
A68: TC-RS-BR-031 | B68: Giáo viên có quyền sửa mục cấu hình được quy tắc đỏ | C68: C. Business Rules | D68: - Điều kiện: Đăng nhập tài khoản giáo viên có quyền sửa mục (giáo viên thường, không phải nhân viên nội bộ). - Dữ liệu test: tài khoản giáo viên có quyền sửa mục, mục số nguyên (M=100) | E68: Cao | F68: CONFIRMED | G68: UNASSESSED | H68: tiêu chí nghiệm thu “Quyền thao tác và phạm vi dữ liệu” (AC-G01 «Quyền thao tác và phạm vi dữ liệu») | I68: C. Business Rules | J68: test-cases.vi.md | K68: Thêm, sửa điều kiện, sửa ngưỡng, đổi thứ tự, xóa một quy tắc của mục số nguyên (M=100). | Lượt chạy | Phạm vi thực hiện và đối chiếu | | --- | --- | | Run: add | Thử thêm | | Run: condition | Thử sửa điều kiện | | Run: threshold | Thử sửa ngưỡng | | Run: reorder | Thử đổi thứ tự | | Run: delete | Thử xóa | | L68: Mọi thao tác thành công. | O68: 5 | P68: =IF(OR(COUNTIF('Run Log'!$B:$B,A68)<>O68,COUNTIF('Run Log'!$A:$A,"RUN-TC-RS-BR-031-add")<>1,COUNTIFS('Run Log'!$A:$A,"RUN-TC-RS-BR-031-add",'Run Log'!$B:$B,A68,'Run Log'!$C:$C,"add")<>1,COUNTIF('Run Log'!$A:$A,"RUN-TC-RS-BR-031-condition")<>1,COUNTIFS('Run Log'!$A:$A,"RUN-TC-RS-BR-031-condition",'Run Log'!$B:$B,A68,'Run Log'!$C:$C,"condition")<>1,COUNTIF('Run Log'!$A:$A,"RUN-TC-RS-BR-031-threshold")<>1,COUNTIFS('Run Log'!$A:$A,"RUN-TC-RS-BR-031-threshold",'Run Log'!$B:$B,A68,'Run Log'!$C:$C,"threshold")<>1,COUNTIF('Run Log'!$A:$A,"RUN-TC-RS-BR-031-reorder")<>1,COUNTIFS('Run Log'!$A:$A,"RUN-TC-RS-BR-031-reorder",'Run Log'!$B:$B,A68,'Run Log'!$C:$C,"reorder")<>1,COUNTIF('Run Log'!$A:$A,"RUN-TC-RS-BR-031-delete")<>1,COUNTIFS('Run Log'!$A:$A,"RUN-TC-RS-BR-031-delete",'Run Log'!$B:$B,A68,'Run Log'!$C:$C,"delete")<>1),"INCOMPLETE",IF(COUNTIFS('Run Log'!$B:$B,A68,'Run Log'!$D:$D,"PASS")=O68,"PASS",IF(COUNTIFS('Run Log'!$B:$B,A68,'Run Log'!$D:$D,"FAIL")>0,"FAIL",IF(COUNTIFS('Run Log'!$B:$B,A68,'Run Log'!$D:$D,"BLOCKED")>0,"BLOCKED",IF(COUNTIFS('Run Log'!$B:$B,A68,'Run Log'!$D:$D,"SKIPPED")>0,"SKIPPED","NOT RUN")))))
A69: TC-RS-BR-032 | B69: Vào được màn nhưng không có quyền sửa mục → không sửa được quy tắc của mục đó | C69: C. Business Rules | D69: - Điều kiện: Đăng nhập tài khoản giáo viên không có quyền sửa mục. mục chỉ dành nội bộ có một quy tắc. - Dữ liệu test: tài khoản giáo viên không có quyền sửa mục, mục chỉ dành nội bộ | E69: Cao | F69: CONFIRMED | G69: UNASSESSED | H69: tiêu chí nghiệm thu “Quyền thao tác và phạm vi dữ liệu” (AC-G01 «Quyền thao tác và phạm vi dữ liệu») | I69: C. Business Rules | J69: test-cases.vi.md | K69: 1. Mở Thiết lập ô nhập（入力欄設定）. 2. Thử mở và sửa quy tắc của mục chỉ dành nội bộ. | Lượt chạy | Phạm vi thực hiện và đối chiếu | | --- | --- | | Run: Base | Toàn bộ thủ tục theo đúng thứ tự; các đối chứng cùng fixture được kiểm trong cùng lượt, không bỏ bước | | L69: Không có thao tác sửa/thêm/xóa cho mục chỉ dành nội bộ trên màn, hoặc lưu bị từ chối. Quy tắc không đổi. | O69: 1 | P69: =IF(OR(COUNTIF('Run Log'!$B:$B,A69)<>O69,COUNTIF('Run Log'!$A:$A,"RUN-TC-RS-BR-032-Base")<>1,COUNTIFS('Run Log'!$A:$A,"RUN-TC-RS-BR-032-Base",'Run Log'!$B:$B,A69,'Run Log'!$C:$C,"Base")<>1),"INCOMPLETE",IF(COUNTIFS('Run Log'!$B:$B,A69,'Run Log'!$D:$D,"PASS")=O69,"PASS",IF(COUNTIFS('Run Log'!$B:$B,A69,'Run Log'!$D:$D,"FAIL")>0,"FAIL",IF(COUNTIFS('Run Log'!$B:$B,A69,'Run Log'!$D:$D,"BLOCKED")>0,"BLOCKED",IF(COUNTIFS('Run Log'!$B:$B,A69,'Run Log'!$D:$D,"SKIPPED")>0,"SKIPPED","NOT RUN")))))
A70: TC-RS-BR-033 | B70: Quyền sửa mục không tự cấp quyền chạy hàng loạt | C70: C. Business Rules | D70: - Điều kiện: Đăng nhập tài khoản sửa được mục nhưng không có quyền chạy hàng loạt. - Dữ liệu test: tài khoản sửa được mục nhưng không có quyền chạy hàng loạt | E70: Cao | F70: CONFIRMED | G70: UNASSESSED | H70: tiêu chí nghiệm thu “Quyền thao tác và phạm vi dữ liệu” (AC-G01 «Quyền thao tác và phạm vi dữ liệu») | I70: C. Business Rules | J70: test-cases.vi.md | K70: 1. Sửa một quy tắc (thành công). 2. Mở Tổng hợp thành tích（成績集計）, thử chạy tính toán hàng loạt. | Lượt chạy | Phạm vi thực hiện và đối chiếu | | --- | --- | | Run: Base | Toàn bộ thủ tục theo đúng thứ tự; các đối chứng cùng fixture được kiểm trong cùng lượt, không bỏ bước | | L70: Không chạy được hàng loạt (thao tác không có hoặc bị từ chối theo quyền hiện hành). | O70: 1 | P70: =IF(OR(COUNTIF('Run Log'!$B:$B,A70)<>O70,COUNTIF('Run Log'!$A:$A,"RUN-TC-RS-BR-033-Base")<>1,COUNTIFS('Run Log'!$A:$A,"RUN-TC-RS-BR-033-Base",'Run Log'!$B:$B,A70,'Run Log'!$C:$C,"Base")<>1),"INCOMPLETE",IF(COUNTIFS('Run Log'!$B:$B,A70,'Run Log'!$D:$D,"PASS")=O70,"PASS",IF(COUNTIFS('Run Log'!$B:$B,A70,'Run Log'!$D:$D,"FAIL")>0,"FAIL",IF(COUNTIFS('Run Log'!$B:$B,A70,'Run Log'!$D:$D,"BLOCKED")>0,"BLOCKED",IF(COUNTIFS('Run Log'!$B:$B,A70,'Run Log'!$D:$D,"SKIPPED")>0,"SKIPPED","NOT RUN")))))
A71: TC-RS-BR-034 | B71: Bật tự tổng hợp khi đăng ký: hệ thống không chặn; quy tắc độc lập với trung bình vẫn xét | C71: C. Business Rules | D71: - Điều kiện: Tự tổng hợp khi đăng ký = Thực hiện（実行する）. mục số nguyên (M=100) có quy tắc “Cố định 30” (dưới 30); mục số thập phân (M=100) có công thức `A×0.5`. - Dữ liệu test: mục số nguyên (M=100), mục số thập phân (M=100); quy tắc “Cố định 30” (dưới 30), học sinh S01 (điểm 29), học sinh S09 (mục số thập phân 29.5) | E71: Cao | F71: CONFIRMED | G71: UNASSESSED | H71: tiêu chí nghiệm thu “Bao phủ đường đăng ký và chạy lại” (AC-G23 «Bao phủ đường đăng ký và chạy lại») | I71: C. Business Rules | J71: test-cases.vi.md | K71: 1. Lưu quy tắc công thức (không bị chặn vì tự tổng hợp đang bật). 2. Đặt tự tổng hợp = Không thực hiện（実行しない）, đăng ký S01=29. | Lượt chạy | Phạm vi thực hiện và đối chiếu | | --- | --- | | Run: Base | Toàn bộ thủ tục theo đúng thứ tự; các đối chứng cùng fixture được kiểm trong cùng lượt, không bỏ bước | | L71: 1. Lưu được; không có ràng buộc hệ thống buộc tắt. 2. S01 vẫn được xét khi đăng ký → Đỏ. | O71: 1 | P71: =IF(OR(COUNTIF('Run Log'!$B:$B,A71)<>O71,COUNTIF('Run Log'!$A:$A,"RUN-TC-RS-BR-034-Base")<>1,COUNTIFS('Run Log'!$A:$A,"RUN-TC-RS-BR-034-Base",'Run Log'!$B:$B,A71,'Run Log'!$C:$C,"Base")<>1),"INCOMPLETE",IF(COUNTIFS('Run Log'!$B:$B,A71,'Run Log'!$D:$D,"PASS")=O71,"PASS",IF(COUNTIFS('Run Log'!$B:$B,A71,'Run Log'!$D:$D,"FAIL")>0,"FAIL",IF(COUNTIFS('Run Log'!$B:$B,A71,'Run Log'!$D:$D,"BLOCKED")>0,"BLOCKED",IF(COUNTIFS('Run Log'!$B:$B,A71,'Run Log'!$D:$D,"SKIPPED")>0,"SKIPPED","NOT RUN")))))
A72: TC-RS-BR-035 | B72: Bộ lọc nhóm tổng hợp khác loại phải kết hợp VÀ | C72: C. Business Rules | D72: - Điều kiện: Hai loại nhóm tổng hợp: K1 = Nhóm thành tích（成績グループ） có mục Nâng cao; K2 = một loại nhóm tổng hợp khác có mục X. P5 chỉ thuộc Nâng cao; P6 chỉ thuộc X; P7 thuộc cả Nâng cao và X; P8 không thuộc cả hai. Cả bốn học khối 1. - Dữ liệu test: quy tắc lọc theo nhóm tổng hợp thuộc hai loại nhóm; S = 20 cho P5–P8 | E72: Cao | F72: CONFIRMED | G72: UNASSESSED | H72: tiêu chí nghiệm thu “Đối tượng áp dụng và nhu cầu nguồn” (AC-G05 «Đối tượng áp dụng và nhu cầu nguồn») | I72: C. Business Rules | J72: test-cases.vi.md | K72: 1. Đăng ký điểm 20 cho P5–P8. 2. Xem kết quả. 3. Mở lại quy tắc. | Lượt chạy | Phạm vi thực hiện và đối chiếu | | --- | --- | | Run: Base | Toàn bộ thủ tục theo đúng thứ tự; các đối chứng cùng fixture được kiểm trong cùng lượt, không bỏ bước | | L72: 1–2. Chỉ P7 thỏa cả hai loại nhóm và được xét → Đỏ. P5, P6, P8: Không áp dụng. 3. Mỗi giá trị vẫn gắn đúng loại nhóm của nó. | O72: 1 | P72: =IF(OR(COUNTIF('Run Log'!$B:$B,A72)<>O72,COUNTIF('Run Log'!$A:$A,"RUN-TC-RS-BR-035-Base")<>1,COUNTIFS('Run Log'!$A:$A,"RUN-TC-RS-BR-035-Base",'Run Log'!$B:$B,A72,'Run Log'!$C:$C,"Base")<>1),"INCOMPLETE",IF(COUNTIFS('Run Log'!$B:$B,A72,'Run Log'!$D:$D,"PASS")=O72,"PASS",IF(COUNTIFS('Run Log'!$B:$B,A72,'Run Log'!$D:$D,"FAIL")>0,"FAIL",IF(COUNTIFS('Run Log'!$B:$B,A72,'Run Log'!$D:$D,"BLOCKED")>0,"BLOCKED",IF(COUNTIFS('Run Log'!$B:$B,A72,'Run Log'!$D:$D,"SKIPPED")>0,"SKIPPED","NOT RUN")))))
A73: TC-RS-BR-036 | B73: Cùng lượt đăng ký: ô thiếu nguồn chưa xét được, ô ngưỡng cố định vẫn được xét | C73: C. Business Rules | D73: - Điều kiện: Trên mục số nguyên (M=100): ưu tiên 1 = quy tắc công thức hai dòng (trung bình ÷ 2 × 0.8) (dùng trung bình, nguồn nguồn chưa có kết quả tổng hợp), ưu tiên 2 = quy tắc “Cố định 30” (dưới 30). Trên mục số thập phân (M=100): chỉ quy tắc “Cố định 30” (dưới 30). Lớp G-A có S01. - Dữ liệu test: mục số nguyên (M=100); mục số thập phân (M=100); quy tắc công thức hai dòng (trung bình ÷ 2 × 0.8); quy tắc “Cố định 30” (dưới 30); nguồn chưa có kết quả tổng hợp; các lớp học phần G-A, G-B, G-C; học sinh S01 (điểm 29); S01 mục số thập phân (M=100) = 29.5 | E73: Cao | F73: CONFIRMED | G73: UNASSESSED | H73: tiêu chí nghiệm thu “Bao phủ đường đăng ký và chạy lại” (AC-G23 «Bao phủ đường đăng ký và chạy lại») | I73: C. Business Rules | J73: test-cases.vi.md | K73: 1. Trong cùng một lượt đăng ký điểm của lớp G-A, lưu S01: mục số nguyên (M=100) = 29, mục số thập phân (M=100) = 29.5. 2. Xem kết quả hai ô và thông báo. | Lượt chạy | Phạm vi thực hiện và đối chiếu | | --- | --- | | Run: Base | Toàn bộ thủ tục theo đúng thứ tự; các đối chứng cùng fixture được kiểm trong cùng lượt, không bỏ bước | | L73: 1. Lượt lưu không dừng hay báo lỗi chung vì ô mục số nguyên (M=100) thiếu nguồn. 2. Ô mục số nguyên (M=100): Chưa xét được; không dùng ưu tiên 2 (quy tắc “Cố định 30” (dưới 30)) thay thế, nên không Đỏ. 3. Ô mục số thập phân (M=100): Đỏ (29.5 `<30`). | O73: 1 | P73: =IF(OR(COUNTIF('Run Log'!$B:$B,A73)<>O73,COUNTIF('Run Log'!$A:$A,"RUN-TC-RS-BR-036-Base")<>1,COUNTIFS('Run Log'!$A:$A,"RUN-TC-RS-BR-036-Base",'Run Log'!$B:$B,A73,'Run Log'!$C:$C,"Base")<>1),"INCOMPLETE",IF(COUNTIFS('Run Log'!$B:$B,A73,'Run Log'!$D:$D,"PASS")=O73,"PASS",IF(COUNTIFS('Run Log'!$B:$B,A73,'Run Log'!$D:$D,"FAIL")>0,"FAIL",IF(COUNTIFS('Run Log'!$B:$B,A73,'Run Log'!$D:$D,"BLOCKED")>0,"BLOCKED",IF(COUNTIFS('Run Log'!$B:$B,A73,'Run Log'!$D:$D,"SKIPPED")>0,"SKIPPED","NOT RUN")))))
A74: TC-RS-BR-037 | B74: Xóa hoặc thôi dùng điểm đơn vị thì ngừng kết quả đỏ cũ của ô đó | C74: C. Business Rules | D74: - Điều kiện: mục điểm đơn vị (đơn vị U1 có M riêng 40) có quy tắc “Cố định 30” (dưới 30). S06 (G-B): U1 = 25, U2 = 35 đã đăng ký; U1 đang Đỏ, U2 Không đỏ (như case “Ô điểm đơn vị được xét riêng theo từng đơn vị”). - Dữ liệu test: mục điểm đơn vị (đơn vị U1 có M riêng 40); quy tắc “Cố định 30” (dưới 30); các lớp học phần G-A, G-B, G-C; học sinh S06 (điểm dự kiến 24) | E74: Cao | F74: CONFIRMED | G74: UNASSESSED | H74: tiêu chí nghiệm thu “Trigger khi đổi điểm tối đa/đơn vị” (AC-G24 «Trigger khi đổi điểm tối đa/đơn vị») | I74: C. Business Rules | J74: test-cases.vi.md | K74: 1. Xác nhận U1 Đỏ ở ba đầu ra. 2. Biến thể (a): xóa điểm U1 của S06 thành trống rồi lưu. 3. Khôi phục/rebuild fixture U1 Đỏ, U2 Không đỏ; biến thể (b): thôi dùng đơn vị U1 cho lớp G-B theo thao tác hiện có (nếu màn hỗ trợ), rồi đăng ký lại hoặc chạy nút cam cho G-B. 4. Xem ba đầu ra và bộ lọc đỏ của trích xuất. | Lượt chạy | Phạm vi thực hiện và đối chiếu | | --- | --- | | Run: delete-unit | Nhánh delete-unit trong thủ tục và Expected của case; thực hiện các bước chuẩn bị chung trước nhánh | | Run: disable-unit | Nhánh disable-unit trong thủ tục và Expected của case; thực hiện các bước chuẩn bị chung trước nhánh | | L74: 1. Mỗi biến thể dùng fixture độc lập. Sau (a) hoặc (b), ô U1 của S06 trong fixture tương ứng không còn dấu đỏ ở ba đầu ra; bộ lọc đỏ không giữ S06 chỉ vì U1 cũ. 2. U2 giữ kết quả Không đỏ; không bị gộp hay xét lại sai. | O74: 2 | P74: =IF(OR(COUNTIF('Run Log'!$B:$B,A74)<>O74,COUNTIF('Run Log'!$A:$A,"RUN-TC-RS-BR-037-delete-unit")<>1,COUNTIFS('Run Log'!$A:$A,"RUN-TC-RS-BR-037-delete-unit",'Run Log'!$B:$B,A74,'Run Log'!$C:$C,"delete-unit")<>1,COUNTIF('Run Log'!$A:$A,"RUN-TC-RS-BR-037-disable-unit")<>1,COUNTIFS('Run Log'!$A:$A,"RUN-TC-RS-BR-037-disable-unit",'Run Log'!$B:$B,A74,'Run Log'!$C:$C,"disable-unit")<>1),"INCOMPLETE",IF(COUNTIFS('Run Log'!$B:$B,A74,'Run Log'!$D:$D,"PASS")=O74,"PASS",IF(COUNTIFS('Run Log'!$B:$B,A74,'Run Log'!$D:$D,"FAIL")>0,"FAIL",IF(COUNTIFS('Run Log'!$B:$B,A74,'Run Log'!$D:$D,"BLOCKED")>0,"BLOCKED",IF(COUNTIFS('Run Log'!$B:$B,A74,'Run Log'!$D:$D,"SKIPPED")>0,"SKIPPED","NOT RUN")))))
A75: TC-RS-BR-038 | B75: Nhóm lớp học（授業）: dùng kết quả tổng hợp của đúng lớp chứa ô đang xét | C75: C. Business Rules | D75: - Điều kiện: thiết lập tổng hợp X đã bật thêm Lớp học（授業） (X đã bật lớp học và đã tổng hợp). S11 học cả G-A và G-D; trong X trung bình lớp G-A = 40, G-D = 70. Quy tắc trên mục số nguyên (M=100): Toàn bộ đối tượng, ngưỡng Công thức（計算式） `A×0.5`, `<`; nguồn công thức = X / Lớp học（授業）. - Dữ liệu test: thiết lập tổng hợp X đã bật thêm Lớp học（授業）, học sinh S11 học hai lớp Toán I (G-A, G-D); mục số nguyên (M=100); S11 có điểm 25 ở cả G-A và G-D | E75: Cao | F75: CONFIRMED | G75: UNASSESSED | H75: tiêu chí nghiệm thu “Đúng phạm vi tham chiếu” (AC-G12 «Đúng phạm vi tham chiếu») | I75: C. Business Rules | J75: test-cases.vi.md | K75: 1. Chạy nút cam cho G-A và G-D. 2. Xem kết quả hai ô của S11 trên trích xuất. | Lượt chạy | Phạm vi thực hiện và đối chiếu | | --- | --- | | Run: Base | Toàn bộ thủ tục theo đúng thứ tự; các đối chứng cùng fixture được kiểm trong cùng lượt, không bỏ bước | | L75: - Ô ở G-A: `T=40×0.5=20` → 25 Không đỏ. - Ô ở G-D: `T=70×0.5=35` → 25 Đỏ. - Không ô nào dùng kết quả của lớp kia, của khối/lớp chủ nhiệm, hay trung bình chung của môn. | O75: 1 | P75: =IF(OR(COUNTIF('Run Log'!$B:$B,A75)<>O75,COUNTIF('Run Log'!$A:$A,"RUN-TC-RS-BR-038-Base")<>1,COUNTIFS('Run Log'!$A:$A,"RUN-TC-RS-BR-038-Base",'Run Log'!$B:$B,A75,'Run Log'!$C:$C,"Base")<>1),"INCOMPLETE",IF(COUNTIFS('Run Log'!$B:$B,A75,'Run Log'!$D:$D,"PASS")=O75,"PASS",IF(COUNTIFS('Run Log'!$B:$B,A75,'Run Log'!$D:$D,"FAIL")>0,"FAIL",IF(COUNTIFS('Run Log'!$B:$B,A75,'Run Log'!$D:$D,"BLOCKED")>0,"BLOCKED",IF(COUNTIFS('Run Log'!$B:$B,A75,'Run Log'!$D:$D,"SKIPPED")>0,"SKIPPED","NOT RUN")))))
A76: TC-RS-BR-039 | B76: Nhóm môn học（科目グループ）: dùng cấu hình riêng của môn hoặc default đã lưu; thiếu/sai thì Chưa xét được | C76: C. Business Rules | D76: - Điều kiện: nhóm môn học “Nhóm môn Toán” có cấu hình riêng cho Toán I（数学Ⅰ） và default. Quy tắc trên mục số nguyên (M=100) dùng nguồn công thức = X / nhóm môn học “Nhóm môn Toán”, ngưỡng `A×0.5`, `<`. - Dữ liệu test: nhóm môn học “Nhóm môn Toán”; mục số nguyên (M=100); S01 = 25 | E76: Cao | F76: CONFIRMED | G76: UNASSESSED | H76: tiêu chí nghiệm thu “Đúng phạm vi tham chiếu” (AC-G12 «Đúng phạm vi tham chiếu»); tiêu chí nghiệm thu “Ưu tiên bản chốt và xử lý thiếu nguồn” (AC-G13 «Ưu tiên bản chốt và xử lý thiếu nguồn») | I76: C. Business Rules | J76: test-cases.vi.md | K76: 1. Chạy nút cam; xem S01 và nhóm được dùng. 2. Xóa cấu hình riêng của Toán I (để môn rơi về default); chạy lại; xem. 3. Làm default thiếu hoặc trỏ tới cấu hình không hợp lệ (biến thể (b) của nhóm môn học “Nhóm môn Toán”); chạy lại; xem trạng thái và thông báo. | Lượt chạy | Phạm vi thực hiện và đối chiếu | | --- | --- | | Run: private | Nguồn riêng | | Run: default | Nguồn mặc định | | Run: default-missing | Nguồn mặc định thiếu | | Run: default-invalid | Nguồn mặc định không hợp lệ | | L76: 1. Dùng kết quả của nhóm theo cấu hình riêng của Toán I. 2. Dùng kết quả của nhóm theo default đã lưu. 3. S01 Chưa xét được; không thay bằng nhóm khác, bằng 0 hay bằng kết quả trước; thông báo/tiến độ tách phần chưa xét được. | O76: 4 | P76: =IF(OR(COUNTIF('Run Log'!$B:$B,A76)<>O76,COUNTIF('Run Log'!$A:$A,"RUN-TC-RS-BR-039-private")<>1,COUNTIFS('Run Log'!$A:$A,"RUN-TC-RS-BR-039-private",'Run Log'!$B:$B,A76,'Run Log'!$C:$C,"private")<>1,COUNTIF('Run Log'!$A:$A,"RUN-TC-RS-BR-039-default")<>1,COUNTIFS('Run Log'!$A:$A,"RUN-TC-RS-BR-039-default",'Run Log'!$B:$B,A76,'Run Log'!$C:$C,"default")<>1,COUNTIF('Run Log'!$A:$A,"RUN-TC-RS-BR-039-default-missing")<>1,COUNTIFS('Run Log'!$A:$A,"RUN-TC-RS-BR-039-default-missing",'Run Log'!$B:$B,A76,'Run Log'!$C:$C,"default-missing")<>1,COUNTIF('Run Log'!$A:$A,"RUN-TC-RS-BR-039-default-invalid")<>1,COUNTIFS('Run Log'!$A:$A,"RUN-TC-RS-BR-039-default-invalid",'Run Log'!$B:$B,A76,'Run Log'!$C:$C,"default-invalid")<>1),"INCOMPLETE",IF(COUNTIFS('Run Log'!$B:$B,A76,'Run Log'!$D:$D,"PASS")=O76,"PASS",IF(COUNTIFS('Run Log'!$B:$B,A76,'Run Log'!$D:$D,"FAIL")>0,"FAIL",IF(COUNTIFS('Run Log'!$B:$B,A76,'Run Log'!$D:$D,"BLOCKED")>0,"BLOCKED",IF(COUNTIFS('Run Log'!$B:$B,A76,'Run Log'!$D:$D,"SKIPPED")>0,"SKIPPED","NOT RUN")))))
A77: TC-RS-BR-040 | B77: Loại nhóm được bật nhưng chưa có kết quả, hoặc tham chiếu đã lưu không còn hợp lệ → Chưa xét được, không tự đổi nhóm | C77: C. Business Rules | D77: - Điều kiện: Quy tắc trên mục số nguyên (M=100) có điều kiện Trung bình `A≥50`, cố định 30 `<`; S01 = 29, đang Đỏ theo nguồn X / Lớp học（授業） đã tổng hợp. - Dữ liệu test: thiết lập tổng hợp X đã bật thêm Lớp học（授業）, nhóm tổng hợp thứ hạng “Toán I khối 1+2”; mục số nguyên (M=100); học sinh S01 (điểm 29) | E77: Cao | F77: CONFIRMED | G77: UNASSESSED | H77: tiêu chí nghiệm thu “Ưu tiên bản chốt và xử lý thiếu nguồn” (AC-G13 «Ưu tiên bản chốt và xử lý thiếu nguồn»); tiêu chí nghiệm thu “Giữ kết quả trước khi chạy lại” (AC-G21 «Giữ kết quả trước khi chạy lại và xóa rule cuối») | I77: C. Business Rules | J77: test-cases.vi.md | K77: 1. (a) Tạo quy tắc mới dùng nhóm tổng hợp nhóm tổng hợp thứ hạng “Toán I khối 1+2” nhưng X chưa chạy tổng hợp cho nhóm này; chạy nút cam; xem S01. 2. (b) Quy tắc đang dùng X / Lớp học: tắt công tắc Lớp học（授業） của trường/năm; mở danh sách quy tắc và xem S01 (chưa chạy). 3. Chạy nút cam; xem S01. 4. (c) Xóa nhóm nhóm tổng hợp thứ hạng “Toán I khối 1+2” đang được quy tắc khác tham chiếu; chạy nút cam; xem ô dùng quy tắc đó. | Lượt chạy | Phạm vi thực hiện và đối chiếu | | --- | --- | | Run: missing-source | Nguồn mới thiếu | | Run: disabled-group | Nhóm bị tắt | | Run: deleted-group | Nhóm bị xóa | | L77: 1. S01 Chưa xét được (thiếu nguồn); lựa chọn nhóm tồn tại không có nghĩa đã có dữ liệu. 2. Chỉ đổi cấu hình: S01 vẫn giữ kết quả Đỏ trước (không bị xóa ngay). 3. S01 Chưa xét được; không tự chuyển sang khối/lớp chủ nhiệm hoặc nhóm khác, không dùng quy tắc ưu tiên thấp hơn, không dùng kết quả cũ làm hiện hành. 4. Ô chịu ảnh hưởng Chưa xét được; không âm thầm đổi loại/ID nhóm đã lưu. ## 3. Validation (VAL) | O77: 3 | P77: =IF(OR(COUNTIF('Run Log'!$B:$B,A77)<>O77,COUNTIF('Run Log'!$A:$A,"RUN-TC-RS-BR-040-missing-source")<>1,COUNTIFS('Run Log'!$A:$A,"RUN-TC-RS-BR-040-missing-source",'Run Log'!$B:$B,A77,'Run Log'!$C:$C,"missing-source")<>1,COUNTIF('Run Log'!$A:$A,"RUN-TC-RS-BR-040-disabled-group")<>1,COUNTIFS('Run Log'!$A:$A,"RUN-TC-RS-BR-040-disabled-group",'Run Log'!$B:$B,A77,'Run Log'!$C:$C,"disabled-group")<>1,COUNTIF('Run Log'!$A:$A,"RUN-TC-RS-BR-040-deleted-group")<>1,COUNTIFS('Run Log'!$A:$A,"RUN-TC-RS-BR-040-deleted-group",'Run Log'!$B:$B,A77,'Run Log'!$C:$C,"deleted-group")<>1),"INCOMPLETE",IF(COUNTIFS('Run Log'!$B:$B,A77,'Run Log'!$D:$D,"PASS")=O77,"PASS",IF(COUNTIFS('Run Log'!$B:$B,A77,'Run Log'!$D:$D,"FAIL")>0,"FAIL",IF(COUNTIFS('Run Log'!$B:$B,A77,'Run Log'!$D:$D,"BLOCKED")>0,"BLOCKED",IF(COUNTIFS('Run Log'!$B:$B,A77,'Run Log'!$D:$D,"SKIPPED")>0,"SKIPPED","NOT RUN")))))
A78: TC-RS-VAL-001 | B78: Điểm cố định: biên −1 / 0 / 100 / 101 với M=100 | C78: B. Validation | D78: - Điều kiện: mục số nguyên (M=100) (M=100 cho mọi đối tượng), Toàn bộ đối tượng. - Dữ liệu test: mục số nguyên (M=100); N = −1, 0, 100, 101 | E78: TBD | F78: CONFIRMED | G78: UNASSESSED | H78: tiêu chí nghiệm thu “Điểm cố định” (AC-G08 «Điểm cố định») | I78: B. Validation | J78: test-cases.vi.md | K78: Lần lượt nhập Điểm cố định（固定点数）= −1, 0, 100, 101 và bấm Cập nhật（更新する）. | Lượt chạy | Phạm vi thực hiện và đối chiếu | | --- | --- | | Run: negative | N=-1 | | Run: zero | N=0 | | Run: maximum | N=100 | | Run: above | N=101 | | L78: −1: không lưu được, có lỗi. 0: lưu được. 100: lưu được. 101: không lưu được, có lỗi vượt M. Khi lỗi, cấu hình đã lưu trước đó không đổi. | O78: 4 | P78: =IF(OR(COUNTIF('Run Log'!$B:$B,A78)<>O78,COUNTIF('Run Log'!$A:$A,"RUN-TC-RS-VAL-001-negative")<>1,COUNTIFS('Run Log'!$A:$A,"RUN-TC-RS-VAL-001-negative",'Run Log'!$B:$B,A78,'Run Log'!$C:$C,"negative")<>1,COUNTIF('Run Log'!$A:$A,"RUN-TC-RS-VAL-001-zero")<>1,COUNTIFS('Run Log'!$A:$A,"RUN-TC-RS-VAL-001-zero",'Run Log'!$B:$B,A78,'Run Log'!$C:$C,"zero")<>1,COUNTIF('Run Log'!$A:$A,"RUN-TC-RS-VAL-001-maximum")<>1,COUNTIFS('Run Log'!$A:$A,"RUN-TC-RS-VAL-001-maximum",'Run Log'!$B:$B,A78,'Run Log'!$C:$C,"maximum")<>1,COUNTIF('Run Log'!$A:$A,"RUN-TC-RS-VAL-001-above")<>1,COUNTIFS('Run Log'!$A:$A,"RUN-TC-RS-VAL-001-above",'Run Log'!$B:$B,A78,'Run Log'!$C:$C,"above")<>1),"INCOMPLETE",IF(COUNTIFS('Run Log'!$B:$B,A78,'Run Log'!$D:$D,"PASS")=O78,"PASS",IF(COUNTIFS('Run Log'!$B:$B,A78,'Run Log'!$D:$D,"FAIL")>0,"FAIL",IF(COUNTIFS('Run Log'!$B:$B,A78,'Run Log'!$D:$D,"BLOCKED")>0,"BLOCKED",IF(COUNTIFS('Run Log'!$B:$B,A78,'Run Log'!$D:$D,"SKIPPED")>0,"SKIPPED","NOT RUN")))))
A79: TC-RS-VAL-002 | B79: Điểm cố định phải ≤ M của mọi đối tượng (M=20 và M=100) | C79: B. Validation | D79: - Điều kiện: mục có M khác nhau theo lớp (G-A M=20, G-B M=100) (G-A M=20, G-B M=100). - Dữ liệu test: mục có M khác nhau theo lớp (G-A M=20, G-B M=100); N = 30, 20 | E79: TBD | F79: CONFIRMED | G79: UNASSESSED | H79: tiêu chí nghiệm thu “Điểm cố định” (AC-G08 «Điểm cố định») | I79: B. Validation | J79: test-cases.vi.md | K79: 1. Toàn bộ đối tượng, N=30, Lưu. 2. Toàn bộ đối tượng, N=20, Lưu. 3. Lọc chỉ lớp G-B, N=30, Lưu. | Lượt chạy | Phạm vi thực hiện và đối chiếu | | --- | --- | | Run: all30 | Toàn bộ N=30 | | Run: all20 | Toàn bộ N=20 | | Run: gb30 | Chỉ G-B N=30 | | L79: 1. Không lưu được (G-A M=20). 2. Lưu được. 3. Lưu được. | O79: 3 | P79: =IF(OR(COUNTIF('Run Log'!$B:$B,A79)<>O79,COUNTIF('Run Log'!$A:$A,"RUN-TC-RS-VAL-002-all30")<>1,COUNTIFS('Run Log'!$A:$A,"RUN-TC-RS-VAL-002-all30",'Run Log'!$B:$B,A79,'Run Log'!$C:$C,"all30")<>1,COUNTIF('Run Log'!$A:$A,"RUN-TC-RS-VAL-002-all20")<>1,COUNTIFS('Run Log'!$A:$A,"RUN-TC-RS-VAL-002-all20",'Run Log'!$B:$B,A79,'Run Log'!$C:$C,"all20")<>1,COUNTIF('Run Log'!$A:$A,"RUN-TC-RS-VAL-002-gb30")<>1,COUNTIFS('Run Log'!$A:$A,"RUN-TC-RS-VAL-002-gb30",'Run Log'!$B:$B,A79,'Run Log'!$C:$C,"gb30")<>1),"INCOMPLETE",IF(COUNTIFS('Run Log'!$B:$B,A79,'Run Log'!$D:$D,"PASS")=O79,"PASS",IF(COUNTIFS('Run Log'!$B:$B,A79,'Run Log'!$D:$D,"FAIL")>0,"FAIL",IF(COUNTIFS('Run Log'!$B:$B,A79,'Run Log'!$D:$D,"BLOCKED")>0,"BLOCKED",IF(COUNTIFS('Run Log'!$B:$B,A79,'Run Log'!$D:$D,"SKIPPED")>0,"SKIPPED","NOT RUN")))))
A80: TC-RS-VAL-003 | B80: Mở rộng phạm vi sau khi lưu: kiểm lại ngưỡng cố định với M của đối tượng mới | C80: B. Validation | D80: - Điều kiện: mục có M khác nhau theo lớp (G-A M=20, G-B M=100); quy tắc lọc chỉ G-B, cố định 30 đã lưu. - Dữ liệu test: mục có M khác nhau theo lớp (G-A M=20, G-B M=100) | E80: TBD | F80: CONFIRMED | G80: UNASSESSED | H80: tiêu chí nghiệm thu “Điểm cố định” (AC-G08 «Điểm cố định») | I80: B. Validation | J80: test-cases.vi.md | K80: Sửa bộ lọc thành G-A hoặc G-B (giữ N=30), bấm Lưu. | Lượt chạy | Phạm vi thực hiện và đối chiếu | | --- | --- | | Run: Base | Toàn bộ thủ tục theo đúng thứ tự; các đối chứng cùng fixture được kiểm trong cùng lượt, không bỏ bước | | L80: Không lưu được vì G-A có M=20; cấu hình cũ (chỉ G-B) giữ nguyên. | O80: 1 | P80: =IF(OR(COUNTIF('Run Log'!$B:$B,A80)<>O80,COUNTIF('Run Log'!$A:$A,"RUN-TC-RS-VAL-003-Base")<>1,COUNTIFS('Run Log'!$A:$A,"RUN-TC-RS-VAL-003-Base",'Run Log'!$B:$B,A80,'Run Log'!$C:$C,"Base")<>1),"INCOMPLETE",IF(COUNTIFS('Run Log'!$B:$B,A80,'Run Log'!$D:$D,"PASS")=O80,"PASS",IF(COUNTIFS('Run Log'!$B:$B,A80,'Run Log'!$D:$D,"FAIL")>0,"FAIL",IF(COUNTIFS('Run Log'!$B:$B,A80,'Run Log'!$D:$D,"BLOCKED")>0,"BLOCKED",IF(COUNTIFS('Run Log'!$B:$B,A80,'Run Log'!$D:$D,"SKIPPED")>0,"SKIPPED","NOT RUN")))))
A81: TC-RS-VAL-004 | B81: Ngưỡng cố định/tỷ lệ trống hoặc không phải số | C81: B. Validation | D81: - Điều kiện: Màn cấu hình mục số nguyên (M=100). - Dữ liệu test: mục số nguyên (M=100); Giá trị: trống, `abc`, `3O` (chữ O), `３０` (số toàn khổ) | E81: TBD | F81: CONFIRMED | G81: UNASSESSED | H81: tiêu chí nghiệm thu “Giữ chính xác giá trị” (AC-G11 «Giữ chính xác giá trị») | I81: B. Validation | J81: test-cases.vi.md | K81: Với loại Điểm cố định（固定点数） rồi Tỷ lệ điểm tối đa（得点率）: nhập từng giá trị, bấm Lưu. | Lượt chạy | Phạm vi thực hiện và đối chiếu | | --- | --- | | Run: fixed-empty | Cố định với trống | | Run: fixed-abc | Cố định với abc | | Run: fixed-3O | Cố định với 3O | | Run: fixed-fullwidth | Cố định với chữ số toàn chiều rộng, phần TBD giữ BLOCKED | | Run: ratio-empty | Tỷ lệ với trống | | Run: ratio-abc | Tỷ lệ với abc | | Run: ratio-3O | Tỷ lệ với 3O | | Run: ratio-fullwidth | Tỷ lệ với chữ số toàn chiều rộng, phần TBD giữ BLOCKED | | L81: Trống, `abc`, `3O`: không lưu được, có lỗi. `３０`: xử lý theo quy ước nhập số hiện hành của BLEND (TBD — có thể chuẩn hóa thành 30 hoặc báo lỗi). | O81: 8 | P81: =IF(OR(COUNTIF('Run Log'!$B:$B,A81)<>O81,COUNTIF('Run Log'!$A:$A,"RUN-TC-RS-VAL-004-fixed-empty")<>1,COUNTIFS('Run Log'!$A:$A,"RUN-TC-RS-VAL-004-fixed-empty",'Run Log'!$B:$B,A81,'Run Log'!$C:$C,"fixed-empty")<>1,COUNTIF('Run Log'!$A:$A,"RUN-TC-RS-VAL-004-fixed-abc")<>1,COUNTIFS('Run Log'!$A:$A,"RUN-TC-RS-VAL-004-fixed-abc",'Run Log'!$B:$B,A81,'Run Log'!$C:$C,"fixed-abc")<>1,COUNTIF('Run Log'!$A:$A,"RUN-TC-RS-VAL-004-fixed-3O")<>1,COUNTIFS('Run Log'!$A:$A,"RUN-TC-RS-VAL-004-fixed-3O",'Run Log'!$B:$B,A81,'Run Log'!$C:$C,"fixed-3O")<>1,COUNTIF('Run Log'!$A:$A,"RUN-TC-RS-VAL-004-fixed-fullwidth")<>1,COUNTIFS('Run Log'!$A:$A,"RUN-TC-RS-VAL-004-fixed-fullwidth",'Run Log'!$B:$B,A81,'Run Log'!$C:$C,"fixed-fullwidth")<>1,COUNTIF('Run Log'!$A:$A,"RUN-TC-RS-VAL-004-ratio-empty")<>1,COUNTIFS('Run Log'!$A:$A,"RUN-TC-RS-VAL-004-ratio-empty",'Run Log'!$B:$B,A81,'Run Log'!$C:$C,"ratio-empty")<>1,COUNTIF('Run Log'!$A:$A,"RUN-TC-RS-VAL-004-ratio-abc")<>1,COUNTIFS('Run Log'!$A:$A,"RUN-TC-RS-VAL-004-ratio-abc",'Run Log'!$B:$B,A81,'Run Log'!$C:$C,"ratio-abc")<>1,COUNTIF('Run Log'!$A:$A,"RUN-TC-RS-VAL-004-ratio-3O")<>1,COUNTIFS('Run Log'!$A:$A,"RUN-TC-RS-VAL-004-ratio-3O",'Run Log'!$B:$B,A81,'Run Log'!$C:$C,"ratio-3O")<>1,COUNTIF('Run Log'!$A:$A,"RUN-TC-RS-VAL-004-ratio-fullwidth")<>1,COUNTIFS('Run Log'!$A:$A,"RUN-TC-RS-VAL-004-ratio-fullwidth",'Run Log'!$B:$B,A81,'Run Log'!$C:$C,"ratio-fullwidth")<>1),"INCOMPLETE",IF(COUNTIFS('Run Log'!$B:$B,A81,'Run Log'!$D:$D,"PASS")=O81,"PASS",IF(COUNTIFS('Run Log'!$B:$B,A81,'Run Log'!$D:$D,"FAIL")>0,"FAIL",IF(COUNTIFS('Run Log'!$B:$B,A81,'Run Log'!$D:$D,"BLOCKED")>0,"BLOCKED",IF(COUNTIFS('Run Log'!$B:$B,A81,'Run Log'!$D:$D,"SKIPPED")>0,"SKIPPED","NOT RUN")))))
A82: TC-RS-VAL-005 | B82: Điểm cố định thập phân | C82: B. Validation | D82: - Điều kiện: mục số thập phân (M=100) (thập phân). - Dữ liệu test: mục số thập phân (M=100); N = 29.5, 29.55, 29.555, 29.5555 | E82: TBD | F82: PROPOSED | G82: UNASSESSED | H82: tiêu chí nghiệm thu “Giữ chính xác giá trị” (AC-G11 «Giữ chính xác giá trị») | I82: B. Validation | J82: test-cases.vi.md | K82: Nhập từng giá trị, Lưu, mở lại. | Lượt chạy | Phạm vi thực hiện và đối chiếu | | --- | --- | | Run: d1 | 29.5 | | Run: d2 | 29.55 | | Run: d3 | 29.555 | | Run: d4 | 29.5555 | | L82: Đề xuất (thiết kế DB v2 mục 4.2 “Xử lý phần lẻ và miền lưu trữ”): 29.5, 29.55, 29.555 lưu và mở lại đúng; 29.5555 bị từ chối, không tự cắt/làm tròn. Tối thiểu (CONFIRMED, đặc tả v2 mục 6.8 “Yêu cầu độ chính xác”): không được âm thầm làm tròn/cắt giá trị mà không báo. | O82: 4 | P82: =IF(OR(COUNTIF('Run Log'!$B:$B,A82)<>O82,COUNTIF('Run Log'!$A:$A,"RUN-TC-RS-VAL-005-d1")<>1,COUNTIFS('Run Log'!$A:$A,"RUN-TC-RS-VAL-005-d1",'Run Log'!$B:$B,A82,'Run Log'!$C:$C,"d1")<>1,COUNTIF('Run Log'!$A:$A,"RUN-TC-RS-VAL-005-d2")<>1,COUNTIFS('Run Log'!$A:$A,"RUN-TC-RS-VAL-005-d2",'Run Log'!$B:$B,A82,'Run Log'!$C:$C,"d2")<>1,COUNTIF('Run Log'!$A:$A,"RUN-TC-RS-VAL-005-d3")<>1,COUNTIFS('Run Log'!$A:$A,"RUN-TC-RS-VAL-005-d3",'Run Log'!$B:$B,A82,'Run Log'!$C:$C,"d3")<>1,COUNTIF('Run Log'!$A:$A,"RUN-TC-RS-VAL-005-d4")<>1,COUNTIFS('Run Log'!$A:$A,"RUN-TC-RS-VAL-005-d4",'Run Log'!$B:$B,A82,'Run Log'!$C:$C,"d4")<>1),"INCOMPLETE",IF(COUNTIFS('Run Log'!$B:$B,A82,'Run Log'!$D:$D,"PASS")=O82,"PASS",IF(COUNTIFS('Run Log'!$B:$B,A82,'Run Log'!$D:$D,"FAIL")>0,"FAIL",IF(COUNTIFS('Run Log'!$B:$B,A82,'Run Log'!$D:$D,"BLOCKED")>0,"BLOCKED",IF(COUNTIFS('Run Log'!$B:$B,A82,'Run Log'!$D:$D,"SKIPPED")>0,"SKIPPED","NOT RUN")))))
A83: TC-RS-VAL-006 | B83: Tỷ lệ N: biên −1 / 0 / 100 / 101 | C83: B. Validation | D83: - Điều kiện: mục số nguyên (M=100), loại Tỷ lệ điểm tối đa（得点率）. - Dữ liệu test: mục số nguyên (M=100); N = −1, 0, 100, 101; biến thể thập phân 30.5, 30.5555 | E83: Cao | F83: CONFIRMED | G83: UNASSESSED | H83: tiêu chí nghiệm thu “Tỷ lệ điểm tối đa” (AC-G10 «Tỷ lệ điểm tối đa») | I83: B. Validation | J83: test-cases.vi.md | K83: Nhập từng giá trị, Lưu. | Lượt chạy | Phạm vi thực hiện và đối chiếu | | --- | --- | | Run: negative | -1 | | Run: zero | 0 | | Run: hundred | 100 | | Run: above | 101 | | Run: decimal | 30.5 | | Run: long-decimal | 30.5555 | | L83: −1 và 101: không lưu được. 0 và 100: lưu được. 30.5 lưu được, 30.5555 bị từ chối (PROPOSED, thiết kế DB v2 mục 4.2 “Xử lý phần lẻ và miền lưu trữ”). | O83: 6 | P83: =IF(OR(COUNTIF('Run Log'!$B:$B,A83)<>O83,COUNTIF('Run Log'!$A:$A,"RUN-TC-RS-VAL-006-negative")<>1,COUNTIFS('Run Log'!$A:$A,"RUN-TC-RS-VAL-006-negative",'Run Log'!$B:$B,A83,'Run Log'!$C:$C,"negative")<>1,COUNTIF('Run Log'!$A:$A,"RUN-TC-RS-VAL-006-zero")<>1,COUNTIFS('Run Log'!$A:$A,"RUN-TC-RS-VAL-006-zero",'Run Log'!$B:$B,A83,'Run Log'!$C:$C,"zero")<>1,COUNTIF('Run Log'!$A:$A,"RUN-TC-RS-VAL-006-hundred")<>1,COUNTIFS('Run Log'!$A:$A,"RUN-TC-RS-VAL-006-hundred",'Run Log'!$B:$B,A83,'Run Log'!$C:$C,"hundred")<>1,COUNTIF('Run Log'!$A:$A,"RUN-TC-RS-VAL-006-above")<>1,COUNTIFS('Run Log'!$A:$A,"RUN-TC-RS-VAL-006-above",'Run Log'!$B:$B,A83,'Run Log'!$C:$C,"above")<>1,COUNTIF('Run Log'!$A:$A,"RUN-TC-RS-VAL-006-decimal")<>1,COUNTIFS('Run Log'!$A:$A,"RUN-TC-RS-VAL-006-decimal",'Run Log'!$B:$B,A83,'Run Log'!$C:$C,"decimal")<>1,COUNTIF('Run Log'!$A:$A,"RUN-TC-RS-VAL-006-long-decimal")<>1,COUNTIFS('Run Log'!$A:$A,"RUN-TC-RS-VAL-006-long-decimal",'Run Log'!$B:$B,A83,'Run Log'!$C:$C,"long-decimal")<>1),"INCOMPLETE",IF(COUNTIFS('Run Log'!$B:$B,A83,'Run Log'!$D:$D,"PASS")=O83,"PASS",IF(COUNTIFS('Run Log'!$B:$B,A83,'Run Log'!$D:$D,"FAIL")>0,"FAIL",IF(COUNTIFS('Run Log'!$B:$B,A83,'Run Log'!$D:$D,"BLOCKED")>0,"BLOCKED",IF(COUNTIFS('Run Log'!$B:$B,A83,'Run Log'!$D:$D,"SKIPPED")>0,"SKIPPED","NOT RUN")))))
A84: TC-RS-VAL-007 | B84: Xử lý phần lẻ: bắt buộc chọn cách làm tròn; p = 0 / 1 / 9 / 10; lần đầu p=1 | C84: B. Validation | D84: - Điều kiện: mục số nguyên (M=100), Tỷ lệ 30%. - Dữ liệu test: mục số nguyên (M=100); p = 0, 1, 9, 10; cách làm tròn: chưa chọn | E84: TBD | F84: PROPOSED | G84: UNASSESSED | H84: đặc tả v2 mục 6.5 “Xử lý phần lẻ”, mục 6.8 “Yêu cầu độ chính xác” | I84: B. Validation | J84: test-cases.vi.md | K84: 1. Bật Xử lý phần lẻ（端数処理）: quan sát giá trị p mặc định. 2. Không chọn cách làm tròn, Lưu. 3. Chọn Làm tròn xuống（切り捨て） với p=0, 1, 9, 10; Lưu từng lần. | Lượt chạy | Phạm vi thực hiện và đối chiếu | | --- | --- | | Run: default | Giá trị mặc định p=1 | | Run: missing-method | Thiếu phương thức | | Run: p0 | p=0 | | Run: p1 | p=1 | | Run: p9 | p=9 | | Run: p10 | p=10 | | L84: 1. p hiển thị 1. 2. Không lưu được. 3. p=1 và 9 lưu được; p=0 và 10 không lưu được. | O84: 6 | P84: =IF(OR(COUNTIF('Run Log'!$B:$B,A84)<>O84,COUNTIF('Run Log'!$A:$A,"RUN-TC-RS-VAL-007-default")<>1,COUNTIFS('Run Log'!$A:$A,"RUN-TC-RS-VAL-007-default",'Run Log'!$B:$B,A84,'Run Log'!$C:$C,"default")<>1,COUNTIF('Run Log'!$A:$A,"RUN-TC-RS-VAL-007-missing-method")<>1,COUNTIFS('Run Log'!$A:$A,"RUN-TC-RS-VAL-007-missing-method",'Run Log'!$B:$B,A84,'Run Log'!$C:$C,"missing-method")<>1,COUNTIF('Run Log'!$A:$A,"RUN-TC-RS-VAL-007-p0")<>1,COUNTIFS('Run Log'!$A:$A,"RUN-TC-RS-VAL-007-p0",'Run Log'!$B:$B,A84,'Run Log'!$C:$C,"p0")<>1,COUNTIF('Run Log'!$A:$A,"RUN-TC-RS-VAL-007-p1")<>1,COUNTIFS('Run Log'!$A:$A,"RUN-TC-RS-VAL-007-p1",'Run Log'!$B:$B,A84,'Run Log'!$C:$C,"p1")<>1,COUNTIF('Run Log'!$A:$A,"RUN-TC-RS-VAL-007-p9")<>1,COUNTIFS('Run Log'!$A:$A,"RUN-TC-RS-VAL-007-p9",'Run Log'!$B:$B,A84,'Run Log'!$C:$C,"p9")<>1,COUNTIF('Run Log'!$A:$A,"RUN-TC-RS-VAL-007-p10")<>1,COUNTIFS('Run Log'!$A:$A,"RUN-TC-RS-VAL-007-p10",'Run Log'!$B:$B,A84,'Run Log'!$C:$C,"p10")<>1),"INCOMPLETE",IF(COUNTIFS('Run Log'!$B:$B,A84,'Run Log'!$D:$D,"PASS")=O84,"PASS",IF(COUNTIFS('Run Log'!$B:$B,A84,'Run Log'!$D:$D,"FAIL")>0,"FAIL",IF(COUNTIFS('Run Log'!$B:$B,A84,'Run Log'!$D:$D,"BLOCKED")>0,"BLOCKED",IF(COUNTIFS('Run Log'!$B:$B,A84,'Run Log'!$D:$D,"SKIPPED")>0,"SKIPPED","NOT RUN")))))
A85: TC-RS-VAL-008 | B85: Công thức phải có ít nhất một dòng | C85: B. Validation | D85: - Điều kiện: Loại Công thức tính（計算式）. - Dữ liệu test: — | E85: TBD | F85: CONFIRMED | G85: UNASSESSED | H85: tiêu chí nghiệm thu “Kiểm công thức khi lưu” (AC-G17 «Kiểm công thức khi lưu») | I85: B. Validation | J85: test-cases.vi.md | K85: Xóa hết các dòng công thức (nếu UI cho phép), bấm Lưu. | Lượt chạy | Phạm vi thực hiện và đối chiếu | | --- | --- | | Run: Base | Toàn bộ thủ tục theo đúng thứ tự; các đối chứng cùng fixture được kiểm trong cùng lượt, không bỏ bước | | L85: Không lưu được (hoặc UI không cho xóa dòng cuối). | O85: 1 | P85: =IF(OR(COUNTIF('Run Log'!$B:$B,A85)<>O85,COUNTIF('Run Log'!$A:$A,"RUN-TC-RS-VAL-008-Base")<>1,COUNTIFS('Run Log'!$A:$A,"RUN-TC-RS-VAL-008-Base",'Run Log'!$B:$B,A85,'Run Log'!$C:$C,"Base")<>1),"INCOMPLETE",IF(COUNTIFS('Run Log'!$B:$B,A85,'Run Log'!$D:$D,"PASS")=O85,"PASS",IF(COUNTIFS('Run Log'!$B:$B,A85,'Run Log'!$D:$D,"FAIL")>0,"FAIL",IF(COUNTIFS('Run Log'!$B:$B,A85,'Run Log'!$D:$D,"BLOCKED")>0,"BLOCKED",IF(COUNTIFS('Run Log'!$B:$B,A85,'Run Log'!$D:$D,"SKIPPED")>0,"SKIPPED","NOT RUN")))))
A86: TC-RS-VAL-009 | B86: Chia cho số cố định 0 không lưu được | C86: B. Validation | D86: - Điều kiện: Loại Công thức tính（計算式）. - Dữ liệu test: Dòng 1: Trung bình（平均点）÷ Số cố định（固定値）0; biến thể 0.0 | E86: TBD | F86: CONFIRMED | G86: UNASSESSED | H86: tiêu chí nghiệm thu “Kiểm công thức khi lưu” (AC-G17 «Kiểm công thức khi lưu») | I86: B. Validation | J86: test-cases.vi.md | K86: Nhập công thức, Lưu. | Lượt chạy | Phạm vi thực hiện và đối chiếu | | --- | --- | | Run: zero | Chia 0 | | Run: decimal-zero | Chia 0.0 | | L86: Không lưu được; lỗi chỉ rõ dòng/vế phải. | O86: 2 | P86: =IF(OR(COUNTIF('Run Log'!$B:$B,A86)<>O86,COUNTIF('Run Log'!$A:$A,"RUN-TC-RS-VAL-009-zero")<>1,COUNTIFS('Run Log'!$A:$A,"RUN-TC-RS-VAL-009-zero",'Run Log'!$B:$B,A86,'Run Log'!$C:$C,"zero")<>1,COUNTIF('Run Log'!$A:$A,"RUN-TC-RS-VAL-009-decimal-zero")<>1,COUNTIFS('Run Log'!$A:$A,"RUN-TC-RS-VAL-009-decimal-zero",'Run Log'!$B:$B,A86,'Run Log'!$C:$C,"decimal-zero")<>1),"INCOMPLETE",IF(COUNTIFS('Run Log'!$B:$B,A86,'Run Log'!$D:$D,"PASS")=O86,"PASS",IF(COUNTIFS('Run Log'!$B:$B,A86,'Run Log'!$D:$D,"FAIL")>0,"FAIL",IF(COUNTIFS('Run Log'!$B:$B,A86,'Run Log'!$D:$D,"BLOCKED")>0,"BLOCKED",IF(COUNTIFS('Run Log'!$B:$B,A86,'Run Log'!$D:$D,"SKIPPED")>0,"SKIPPED","NOT RUN")))))
A87: TC-RS-VAL-010 | B87: Toán hạng trống hoặc không phải số | C87: B. Validation | D87: - Điều kiện: Loại Công thức tính（計算式）. - Dữ liệu test: Vế phải Số cố định（固定値）: trống, `abc`; toán tử: chưa chọn | E87: TBD | F87: CONFIRMED | G87: UNASSESSED | H87: tiêu chí nghiệm thu “Kiểm công thức khi lưu” (AC-G17 «Kiểm công thức khi lưu») | I87: B. Validation | J87: test-cases.vi.md | K87: Nhập từng biến thể, Lưu. | Lượt chạy | Phạm vi thực hiện và đối chiếu | | --- | --- | | Run: empty | Trống toán hạng | | Run: text | Toán hạng không phải số | | Run: operator | Thiếu phép toán | | L87: Không lưu được; lỗi chỉ ra dòng thiếu. | O87: 3 | P87: =IF(OR(COUNTIF('Run Log'!$B:$B,A87)<>O87,COUNTIF('Run Log'!$A:$A,"RUN-TC-RS-VAL-010-empty")<>1,COUNTIFS('Run Log'!$A:$A,"RUN-TC-RS-VAL-010-empty",'Run Log'!$B:$B,A87,'Run Log'!$C:$C,"empty")<>1,COUNTIF('Run Log'!$A:$A,"RUN-TC-RS-VAL-010-text")<>1,COUNTIFS('Run Log'!$A:$A,"RUN-TC-RS-VAL-010-text",'Run Log'!$B:$B,A87,'Run Log'!$C:$C,"text")<>1,COUNTIF('Run Log'!$A:$A,"RUN-TC-RS-VAL-010-operator")<>1,COUNTIFS('Run Log'!$A:$A,"RUN-TC-RS-VAL-010-operator",'Run Log'!$B:$B,A87,'Run Log'!$C:$C,"operator")<>1),"INCOMPLETE",IF(COUNTIFS('Run Log'!$B:$B,A87,'Run Log'!$D:$D,"PASS")=O87,"PASS",IF(COUNTIFS('Run Log'!$B:$B,A87,'Run Log'!$D:$D,"FAIL")>0,"FAIL",IF(COUNTIFS('Run Log'!$B:$B,A87,'Run Log'!$D:$D,"BLOCKED")>0,"BLOCKED",IF(COUNTIFS('Run Log'!$B:$B,A87,'Run Log'!$D:$D,"SKIPPED")>0,"SKIPPED","NOT RUN")))))
A88: TC-RS-VAL-011 | B88: Kết quả phép tính（式の結果） chỉ tham chiếu dòng phía trước | C88: B. Validation | D88: - Điều kiện: Công thức 3 dòng. - Dữ liệu test: (a) Dòng 1 dùng Kết quả phép tính; (b) dòng 2 tham chiếu chính dòng 2; (c) dòng 2 tham chiếu dòng 3; (d) dòng 3 tham chiếu dòng 1 | E88: TBD | F88: CONFIRMED | G88: UNASSESSED | H88: tiêu chí nghiệm thu “Kiểm công thức khi lưu” (AC-G17 «Kiểm công thức khi lưu») | I88: B. Validation | J88: test-cases.vi.md | K88: Thử từng biến thể, bấm Lưu. | Lượt chạy | Phạm vi thực hiện và đối chiếu | | --- | --- | | Run: first | Tham chiếu dòng đầu | | Run: self | Tham chiếu chính dòng | | Run: forward | Tham chiếu dòng sau | | Run: backward | Tham chiếu dòng trước | | L88: (a), (b), (c): không chọn được hoặc không lưu được. (d): lưu được. | O88: 4 | P88: =IF(OR(COUNTIF('Run Log'!$B:$B,A88)<>O88,COUNTIF('Run Log'!$A:$A,"RUN-TC-RS-VAL-011-first")<>1,COUNTIFS('Run Log'!$A:$A,"RUN-TC-RS-VAL-011-first",'Run Log'!$B:$B,A88,'Run Log'!$C:$C,"first")<>1,COUNTIF('Run Log'!$A:$A,"RUN-TC-RS-VAL-011-self")<>1,COUNTIFS('Run Log'!$A:$A,"RUN-TC-RS-VAL-011-self",'Run Log'!$B:$B,A88,'Run Log'!$C:$C,"self")<>1,COUNTIF('Run Log'!$A:$A,"RUN-TC-RS-VAL-011-forward")<>1,COUNTIFS('Run Log'!$A:$A,"RUN-TC-RS-VAL-011-forward",'Run Log'!$B:$B,A88,'Run Log'!$C:$C,"forward")<>1,COUNTIF('Run Log'!$A:$A,"RUN-TC-RS-VAL-011-backward")<>1,COUNTIFS('Run Log'!$A:$A,"RUN-TC-RS-VAL-011-backward",'Run Log'!$B:$B,A88,'Run Log'!$C:$C,"backward")<>1),"INCOMPLETE",IF(COUNTIFS('Run Log'!$B:$B,A88,'Run Log'!$D:$D,"PASS")=O88,"PASS",IF(COUNTIFS('Run Log'!$B:$B,A88,'Run Log'!$D:$D,"FAIL")>0,"FAIL",IF(COUNTIFS('Run Log'!$B:$B,A88,'Run Log'!$D:$D,"BLOCKED")>0,"BLOCKED",IF(COUNTIFS('Run Log'!$B:$B,A88,'Run Log'!$D:$D,"SKIPPED")>0,"SKIPPED","NOT RUN")))))
A89: TC-RS-VAL-012 | B89: Xóa/đổi thứ tự dòng không tự nối lại tham chiếu | C89: B. Validation | D89: - Điều kiện: Công thức 3 dòng: dòng 2 dùng kết quả dòng 1, dòng 3 dùng kết quả dòng 2. - Dữ liệu test: — | E89: TBD | F89: CONFIRMED | G89: UNASSESSED | H89: tiêu chí nghiệm thu “Kiểm công thức khi lưu” (AC-G17 «Kiểm công thức khi lưu») | I89: B. Validation | J89: test-cases.vi.md | K89: 1. Xóa dòng 2, bấm Lưu. 2. Tạo lại công thức 3 dòng như điều kiện đầu; đổi thứ tự để dòng 3 lên vị trí 2, bấm Lưu. | Lượt chạy | Phạm vi thực hiện và đối chiếu | | --- | --- | | Run: delete | Xóa dòng được tham chiếu | | Run: reorder | Đổi thứ tự dòng được tham chiếu | | L89: 1. Dòng 3 báo tham chiếu không hợp lệ hoặc buộc chọn lại; không âm thầm trỏ sang dòng 1. 2. Dòng vừa chuyển lên (đang tham chiếu dòng mới nằm phía sau nó) bị báo tham chiếu không hợp lệ hoặc buộc chọn lại; không tự đổi sang dòng khác chỉ vì cùng số thứ tự. | O89: 2 | P89: =IF(OR(COUNTIF('Run Log'!$B:$B,A89)<>O89,COUNTIF('Run Log'!$A:$A,"RUN-TC-RS-VAL-012-delete")<>1,COUNTIFS('Run Log'!$A:$A,"RUN-TC-RS-VAL-012-delete",'Run Log'!$B:$B,A89,'Run Log'!$C:$C,"delete")<>1,COUNTIF('Run Log'!$A:$A,"RUN-TC-RS-VAL-012-reorder")<>1,COUNTIFS('Run Log'!$A:$A,"RUN-TC-RS-VAL-012-reorder",'Run Log'!$B:$B,A89,'Run Log'!$C:$C,"reorder")<>1),"INCOMPLETE",IF(COUNTIFS('Run Log'!$B:$B,A89,'Run Log'!$D:$D,"PASS")=O89,"PASS",IF(COUNTIFS('Run Log'!$B:$B,A89,'Run Log'!$D:$D,"FAIL")>0,"FAIL",IF(COUNTIFS('Run Log'!$B:$B,A89,'Run Log'!$D:$D,"BLOCKED")>0,"BLOCKED",IF(COUNTIFS('Run Log'!$B:$B,A89,'Run Log'!$D:$D,"SKIPPED")>0,"SKIPPED","NOT RUN")))))
A90: TC-RS-VAL-013 | B90: Số cố định trong công thức không bị giới hạn 0–100 | C90: B. Validation | D90: - Điều kiện: Loại Công thức tính（計算式）. - Dữ liệu test: `A × 150`, `A × 0.5`, `A − 150` | E90: TBD | F90: PROPOSED | G90: UNASSESSED | H90: đặc tả v2 mục 6.4 “Công thức dùng trung bình”, mục 6.8 “Yêu cầu độ chính xác” | I90: B. Validation | J90: test-cases.vi.md | K90: Nhập từng công thức, Lưu. | Lượt chạy | Phạm vi thực hiện và đối chiếu | | --- | --- | | Run: times150 | Nhân 150 | | Run: times05 | Nhân 0.5 | | Run: minus150 | Trừ 150 | | L90: Lưu được (không áp giới hạn 0–100 hay 0–M cho toán hạng). | O90: 3 | P90: =IF(OR(COUNTIF('Run Log'!$B:$B,A90)<>O90,COUNTIF('Run Log'!$A:$A,"RUN-TC-RS-VAL-013-times150")<>1,COUNTIFS('Run Log'!$A:$A,"RUN-TC-RS-VAL-013-times150",'Run Log'!$B:$B,A90,'Run Log'!$C:$C,"times150")<>1,COUNTIF('Run Log'!$A:$A,"RUN-TC-RS-VAL-013-times05")<>1,COUNTIFS('Run Log'!$A:$A,"RUN-TC-RS-VAL-013-times05",'Run Log'!$B:$B,A90,'Run Log'!$C:$C,"times05")<>1,COUNTIF('Run Log'!$A:$A,"RUN-TC-RS-VAL-013-minus150")<>1,COUNTIFS('Run Log'!$A:$A,"RUN-TC-RS-VAL-013-minus150",'Run Log'!$B:$B,A90,'Run Log'!$C:$C,"minus150")<>1),"INCOMPLETE",IF(COUNTIFS('Run Log'!$B:$B,A90,'Run Log'!$D:$D,"PASS")=O90,"PASS",IF(COUNTIFS('Run Log'!$B:$B,A90,'Run Log'!$D:$D,"FAIL")>0,"FAIL",IF(COUNTIFS('Run Log'!$B:$B,A90,'Run Log'!$D:$D,"BLOCKED")>0,"BLOCKED",IF(COUNTIFS('Run Log'!$B:$B,A90,'Run Log'!$D:$D,"SKIPPED")>0,"SKIPPED","NOT RUN")))))
A91: TC-RS-VAL-014 | B91: Tên thiết lập: bắt buộc, độ dài, trùng tên | C91: B. Validation | D91: - Điều kiện: Màn thêm quy tắc. - Dữ liệu test: Tên trống; tên chỉ khoảng trắng; 255 ký tự; 256 ký tự; 255 ký tự có thêm khoảng trắng ở đầu và cuối; hai quy tắc cùng tên | E91: TBD | F91: PROPOSED | G91: UNASSESSED | H91: đặc tả v2 mục 4.2 “Nội dung một dòng”, mục 5.1 “Đối tượng áp dụng” | I91: B. Validation | J91: test-cases.vi.md | K91: 1. Nhập từng giá trị, Lưu, mở lại. 2. Tạo quy tắc thứ hai trùng tên quy tắc thứ nhất, Lưu. | Lượt chạy | Phạm vi thực hiện và đối chiếu | | --- | --- | | Run: empty | Tên trống | | Run: space | Chỉ khoảng trắng | | Run: len255 | 255 ký tự | | Run: len256 | 256 ký tự | | Run: padded255 | 255 ký tự kèm khoảng trắng | | Run: duplicate | Trùng tên | | L91: 1. Trống/chỉ khoảng trắng: không lưu được. 255 ký tự: lưu được, mở lại đủ. 256 ký tự: bị từ chối, không tự cắt. 255 ký tự kèm khoảng trắng đầu/cuối: lưu được, tên lưu đã bỏ khoảng trắng đầu/cuối (đủ 255 ký tự). 2. Lưu được; hai dòng riêng theo ưu tiên. | O91: 6 | P91: =IF(OR(COUNTIF('Run Log'!$B:$B,A91)<>O91,COUNTIF('Run Log'!$A:$A,"RUN-TC-RS-VAL-014-empty")<>1,COUNTIFS('Run Log'!$A:$A,"RUN-TC-RS-VAL-014-empty",'Run Log'!$B:$B,A91,'Run Log'!$C:$C,"empty")<>1,COUNTIF('Run Log'!$A:$A,"RUN-TC-RS-VAL-014-space")<>1,COUNTIFS('Run Log'!$A:$A,"RUN-TC-RS-VAL-014-space",'Run Log'!$B:$B,A91,'Run Log'!$C:$C,"space")<>1,COUNTIF('Run Log'!$A:$A,"RUN-TC-RS-VAL-014-len255")<>1,COUNTIFS('Run Log'!$A:$A,"RUN-TC-RS-VAL-014-len255",'Run Log'!$B:$B,A91,'Run Log'!$C:$C,"len255")<>1,COUNTIF('Run Log'!$A:$A,"RUN-TC-RS-VAL-014-len256")<>1,COUNTIFS('Run Log'!$A:$A,"RUN-TC-RS-VAL-014-len256",'Run Log'!$B:$B,A91,'Run Log'!$C:$C,"len256")<>1,COUNTIF('Run Log'!$A:$A,"RUN-TC-RS-VAL-014-padded255")<>1,COUNTIFS('Run Log'!$A:$A,"RUN-TC-RS-VAL-014-padded255",'Run Log'!$B:$B,A91,'Run Log'!$C:$C,"padded255")<>1,COUNTIF('Run Log'!$A:$A,"RUN-TC-RS-VAL-014-duplicate")<>1,COUNTIFS('Run Log'!$A:$A,"RUN-TC-RS-VAL-014-duplicate",'Run Log'!$B:$B,A91,'Run Log'!$C:$C,"duplicate")<>1),"INCOMPLETE",IF(COUNTIFS('Run Log'!$B:$B,A91,'Run Log'!$D:$D,"PASS")=O91,"PASS",IF(COUNTIFS('Run Log'!$B:$B,A91,'Run Log'!$D:$D,"FAIL")>0,"FAIL",IF(COUNTIFS('Run Log'!$B:$B,A91,'Run Log'!$D:$D,"BLOCKED")>0,"BLOCKED",IF(COUNTIFS('Run Log'!$B:$B,A91,'Run Log'!$D:$D,"SKIPPED")>0,"SKIPPED","NOT RUN")))))
A92: TC-RS-VAL-015 | B92: Chọn giới hạn bằng bộ lọc nhưng không có bộ lọc nào | C92: B. Validation | D92: - Điều kiện: Màn thêm quy tắc. - Dữ liệu test: Giới hạn bằng bộ lọc（特定条件で絞り込む）, không chọn giá trị | E92: TBD | F92: PROPOSED | G92: UNASSESSED | H92: tiêu chí nghiệm thu “Đối tượng áp dụng và nhu cầu nguồn” (AC-G05 «Đối tượng áp dụng và nhu cầu nguồn») | I92: B. Validation | J92: test-cases.vi.md | K92: Chọn giới hạn bằng bộ lọc, không chọn điều kiện, Lưu. | Lượt chạy | Phạm vi thực hiện và đối chiếu | | --- | --- | | Run: Base | Toàn bộ thủ tục theo đúng thứ tự; các đối chứng cùng fixture được kiểm trong cùng lượt, không bỏ bước | | L92: Không lưu được; có thông báo lỗi. Câu chữ thông báo không phải must-pass (Figma chưa có). | O92: 1 | P92: =IF(OR(COUNTIF('Run Log'!$B:$B,A92)<>O92,COUNTIF('Run Log'!$A:$A,"RUN-TC-RS-VAL-015-Base")<>1,COUNTIFS('Run Log'!$A:$A,"RUN-TC-RS-VAL-015-Base",'Run Log'!$B:$B,A92,'Run Log'!$C:$C,"Base")<>1),"INCOMPLETE",IF(COUNTIFS('Run Log'!$B:$B,A92,'Run Log'!$D:$D,"PASS")=O92,"PASS",IF(COUNTIFS('Run Log'!$B:$B,A92,'Run Log'!$D:$D,"FAIL")>0,"FAIL",IF(COUNTIFS('Run Log'!$B:$B,A92,'Run Log'!$D:$D,"BLOCKED")>0,"BLOCKED",IF(COUNTIFS('Run Log'!$B:$B,A92,'Run Log'!$D:$D,"SKIPPED")>0,"SKIPPED","NOT RUN")))))
A93: TC-RS-VAL-016 | B93: Lỗi khi lưu không làm mất cấu hình/kết quả đã lưu | C93: B. Validation | D93: - Điều kiện: quy tắc “Cố định 30” (dưới 30) đã lưu; S01 Đỏ. - Dữ liệu test: quy tắc “Cố định 30” (dưới 30); N = 101 | E93: Cao | F93: CONFIRMED | G93: UNASSESSED | H93: tiêu chí nghiệm thu “Lưu và mở lại nhiều thiết lập” (AC-G04 «Lưu và mở lại nhiều thiết lập») | I93: B. Validation | J93: test-cases.vi.md | K93: 1. Mở quy tắc “Cố định 30” (dưới 30), đổi N=101, Lưu (lỗi). 2. Quay lại danh sách, xem ba đầu ra. | Lượt chạy | Phạm vi thực hiện và đối chiếu | | --- | --- | | Run: Base | Toàn bộ thủ tục theo đúng thứ tự; các đối chứng cùng fixture được kiểm trong cùng lượt, không bỏ bước | | L93: Cấu hình vẫn 30; S01 vẫn Đỏ. Giá trị vừa nhập có được giữ trên form hay không: PROPOSED (không must-pass). | O93: 1 | P93: =IF(OR(COUNTIF('Run Log'!$B:$B,A93)<>O93,COUNTIF('Run Log'!$A:$A,"RUN-TC-RS-VAL-016-Base")<>1,COUNTIFS('Run Log'!$A:$A,"RUN-TC-RS-VAL-016-Base",'Run Log'!$B:$B,A93,'Run Log'!$C:$C,"Base")<>1),"INCOMPLETE",IF(COUNTIFS('Run Log'!$B:$B,A93,'Run Log'!$D:$D,"PASS")=O93,"PASS",IF(COUNTIFS('Run Log'!$B:$B,A93,'Run Log'!$D:$D,"FAIL")>0,"FAIL",IF(COUNTIFS('Run Log'!$B:$B,A93,'Run Log'!$D:$D,"BLOCKED")>0,"BLOCKED",IF(COUNTIFS('Run Log'!$B:$B,A93,'Run Log'!$D:$D,"SKIPPED")>0,"SKIPPED","NOT RUN")))))
A94: TC-RS-VAL-017 | B94: Trích xuất: bật ký hiệu thì bắt buộc nhập ký hiệu | C94: B. Validation | D94: - Điều kiện: Mở Trích xuất thành tích（成績抽出）, tài khoản phụ trách đầu ra (trích xuất, công khai, phiếu điểm). - Dữ liệu test: Ký hiệu đầu BẬT, ô trống; ký hiệu cuối BẬT, ô trống | E94: TBD | F94: IMPLEMENTED | G94: UNASSESSED | H94: tiêu chí nghiệm thu “Hiển thị ô trích xuất” (AC-G30 «Hiển thị ô trích xuất») | I94: B. Validation | J94: test-cases.vi.md | K94: Chạy trích xuất với từng biến thể. | Lượt chạy | Phạm vi thực hiện và đối chiếu | | --- | --- | | Run: prefix | Ký hiệu trước trống | | Run: suffix | Ký hiệu sau trống | | L94: Có lỗi yêu cầu nhập ký hiệu; không chạy trích xuất. | O94: 2 | P94: =IF(OR(COUNTIF('Run Log'!$B:$B,A94)<>O94,COUNTIF('Run Log'!$A:$A,"RUN-TC-RS-VAL-017-prefix")<>1,COUNTIFS('Run Log'!$A:$A,"RUN-TC-RS-VAL-017-prefix",'Run Log'!$B:$B,A94,'Run Log'!$C:$C,"prefix")<>1,COUNTIF('Run Log'!$A:$A,"RUN-TC-RS-VAL-017-suffix")<>1,COUNTIFS('Run Log'!$A:$A,"RUN-TC-RS-VAL-017-suffix",'Run Log'!$B:$B,A94,'Run Log'!$C:$C,"suffix")<>1),"INCOMPLETE",IF(COUNTIFS('Run Log'!$B:$B,A94,'Run Log'!$D:$D,"PASS")=O94,"PASS",IF(COUNTIFS('Run Log'!$B:$B,A94,'Run Log'!$D:$D,"FAIL")>0,"FAIL",IF(COUNTIFS('Run Log'!$B:$B,A94,'Run Log'!$D:$D,"BLOCKED")>0,"BLOCKED",IF(COUNTIFS('Run Log'!$B:$B,A94,'Run Log'!$D:$D,"SKIPPED")>0,"SKIPPED","NOT RUN")))))
A95: TC-RS-VAL-018 | B95: Phiếu điểm: chỉ bắt buộc ký tự khi chọn phía trước/phía sau | C95: B. Validation | D95: - Điều kiện: Công cụ phiếu điểm（通知表ツール）, dòng Thiết lập điểm đỏ（赤点設定）. - Dữ liệu test: Nguyên trạng（そのまま表示）, Kèm ngoặc（カッコ付き）, Ký tự phía trước（前に任意の文字） để trống, Ký tự phía sau（後ろに任意の文字） để trống | E95: TBD | F95: IMPLEMENTED | G95: UNASSESSED | H95: tiêu chí nghiệm thu “Tùy chọn trên phiếu” (AC-G35 «Tùy chọn trên phiếu») | I95: B. Validation | J95: test-cases.vi.md | K95: Chọn từng lựa chọn ở dòng Thiết lập điểm đỏ（赤点設定）, bấm Cập nhật（更新する）. | Lượt chạy | Phạm vi thực hiện và đối chiếu | | --- | --- | | Run: unchanged | Nguyên trạng | | Run: parentheses | Kèm ngoặc | | Run: prefix | Ký tự trước trống | | Run: suffix | Ký tự sau trống | | L95: Nguyên trạng, Kèm ngoặc: không hiện ô ký tự, lưu được. Phía trước/sau để trống: không lưu được. | O95: 4 | P95: =IF(OR(COUNTIF('Run Log'!$B:$B,A95)<>O95,COUNTIF('Run Log'!$A:$A,"RUN-TC-RS-VAL-018-unchanged")<>1,COUNTIFS('Run Log'!$A:$A,"RUN-TC-RS-VAL-018-unchanged",'Run Log'!$B:$B,A95,'Run Log'!$C:$C,"unchanged")<>1,COUNTIF('Run Log'!$A:$A,"RUN-TC-RS-VAL-018-parentheses")<>1,COUNTIFS('Run Log'!$A:$A,"RUN-TC-RS-VAL-018-parentheses",'Run Log'!$B:$B,A95,'Run Log'!$C:$C,"parentheses")<>1,COUNTIF('Run Log'!$A:$A,"RUN-TC-RS-VAL-018-prefix")<>1,COUNTIFS('Run Log'!$A:$A,"RUN-TC-RS-VAL-018-prefix",'Run Log'!$B:$B,A95,'Run Log'!$C:$C,"prefix")<>1,COUNTIF('Run Log'!$A:$A,"RUN-TC-RS-VAL-018-suffix")<>1,COUNTIFS('Run Log'!$A:$A,"RUN-TC-RS-VAL-018-suffix",'Run Log'!$B:$B,A95,'Run Log'!$C:$C,"suffix")<>1),"INCOMPLETE",IF(COUNTIFS('Run Log'!$B:$B,A95,'Run Log'!$D:$D,"PASS")=O95,"PASS",IF(COUNTIFS('Run Log'!$B:$B,A95,'Run Log'!$D:$D,"FAIL")>0,"FAIL",IF(COUNTIFS('Run Log'!$B:$B,A95,'Run Log'!$D:$D,"BLOCKED")>0,"BLOCKED",IF(COUNTIFS('Run Log'!$B:$B,A95,'Run Log'!$D:$D,"SKIPPED")>0,"SKIPPED","NOT RUN")))))
A96: TC-RS-VAL-019 | B96: Cảnh báo ngưỡng biên không chặn lưu | C96: B. Validation | D96: - Điều kiện: mục số nguyên (M=100). - Dữ liệu test: mục số nguyên (M=100); Cố định N=0 và N=100, mỗi giá trị với `<` và `≤`; Tỷ lệ N=0, N=100; Tỷ lệ N=0.4 với Làm tròn（四捨五入） (ra `T=0`) | E96: TBD | F96: CONFIRMED | G96: UNASSESSED | H96: tiêu chí nghiệm thu “Biên so sánh và cảnh báo” (AC-G07 «Biên so sánh và cảnh báo») | I96: B. Validation | J96: test-cases.vi.md | K96: Nhập từng giá trị, Lưu, mở lại. | Lượt chạy | Phạm vi thực hiện và đối chiếu | | --- | --- | | Run: fixed0-lt | Cố định 0 nhỏ hơn | | Run: fixed0-le | Cố định 0 nhỏ hơn hoặc bằng | | Run: fixed100-lt | Cố định 100 nhỏ hơn | | Run: fixed100-le | Cố định 100 nhỏ hơn hoặc bằng | | Run: ratio0 | Tỷ lệ 0, dấu nhỏ hơn, không xử lý phần lẻ: T=0, có cảnh báo | | Run: ratio100 | Tỷ lệ 100, dấu nhỏ hơn hoặc bằng, không xử lý phần lẻ: T=100, có cảnh báo | | Run: ratio04 | Tỷ lệ 0.4, dấu nhỏ hơn, làm tròn gần nhất p=1: T=0, có cảnh báo | | L96: 1. Cảnh báo theo `T` cuối và dấu: `<0` (không ai đỏ) và `≤100` (mọi điểm hợp lệ đỏ) phải có cảnh báo; các tổ hợp biên khác theo thiết kế. 2. Tỷ lệ 0.4 làm tròn ra `T=0`: cảnh báo xét theo `T=0`, không theo giá trị nhập 0.4. 3. Cảnh báo không chặn lưu; mở lại, giá trị đã lưu giữ nguyên (không tự đổi thành giá trị khác). | O96: 7 | P96: =IF(OR(COUNTIF('Run Log'!$B:$B,A96)<>O96,COUNTIF('Run Log'!$A:$A,"RUN-TC-RS-VAL-019-fixed0-lt")<>1,COUNTIFS('Run Log'!$A:$A,"RUN-TC-RS-VAL-019-fixed0-lt",'Run Log'!$B:$B,A96,'Run Log'!$C:$C,"fixed0-lt")<>1,COUNTIF('Run Log'!$A:$A,"RUN-TC-RS-VAL-019-fixed0-le")<>1,COUNTIFS('Run Log'!$A:$A,"RUN-TC-RS-VAL-019-fixed0-le",'Run Log'!$B:$B,A96,'Run Log'!$C:$C,"fixed0-le")<>1,COUNTIF('Run Log'!$A:$A,"RUN-TC-RS-VAL-019-fixed100-lt")<>1,COUNTIFS('Run Log'!$A:$A,"RUN-TC-RS-VAL-019-fixed100-lt",'Run Log'!$B:$B,A96,'Run Log'!$C:$C,"fixed100-lt")<>1,COUNTIF('Run Log'!$A:$A,"RUN-TC-RS-VAL-019-fixed100-le")<>1,COUNTIFS('Run Log'!$A:$A,"RUN-TC-RS-VAL-019-fixed100-le",'Run Log'!$B:$B,A96,'Run Log'!$C:$C,"fixed100-le")<>1,COUNTIF('Run Log'!$A:$A,"RUN-TC-RS-VAL-019-ratio0")<>1,COUNTIFS('Run Log'!$A:$A,"RUN-TC-RS-VAL-019-ratio0",'Run Log'!$B:$B,A96,'Run Log'!$C:$C,"ratio0")<>1,COUNTIF('Run Log'!$A:$A,"RUN-TC-RS-VAL-019-ratio100")<>1,COUNTIFS('Run Log'!$A:$A,"RUN-TC-RS-VAL-019-ratio100",'Run Log'!$B:$B,A96,'Run Log'!$C:$C,"ratio100")<>1,COUNTIF('Run Log'!$A:$A,"RUN-TC-RS-VAL-019-ratio04")<>1,COUNTIFS('Run Log'!$A:$A,"RUN-TC-RS-VAL-019-ratio04",'Run Log'!$B:$B,A96,'Run Log'!$C:$C,"ratio04")<>1),"INCOMPLETE",IF(COUNTIFS('Run Log'!$B:$B,A96,'Run Log'!$D:$D,"PASS")=O96,"PASS",IF(COUNTIFS('Run Log'!$B:$B,A96,'Run Log'!$D:$D,"FAIL")>0,"FAIL",IF(COUNTIFS('Run Log'!$B:$B,A96,'Run Log'!$D:$D,"BLOCKED")>0,"BLOCKED",IF(COUNTIFS('Run Log'!$B:$B,A96,'Run Log'!$D:$D,"SKIPPED")>0,"SKIPPED","NOT RUN")))))
A97: TC-RS-VAL-020 | B97: Kết quả công thức âm hoặc vượt M không phải lỗi lưu | C97: B. Validation | D97: - Điều kiện: Loại Công thức tính（計算式）. - Dữ liệu test: quy tắc công thức trung bình − 20 (`A−20`); công thức `A × 3` | E97: TBD | F97: CONFIRMED | G97: UNASSESSED | H97: tiêu chí nghiệm thu “Ngưỡng âm” (AC-G18 «Ngưỡng âm») | I97: B. Validation | J97: test-cases.vi.md | K97: Lưu từng công thức. | Lượt chạy | Phạm vi thực hiện và đối chiếu | | --- | --- | | Run: minus20 | Trừ 20 | | Run: times3 | Nhân 3 | | L97: Lưu được; không kiểm `0≤T≤M` tại lúc lưu cho công thức. | O97: 2 | P97: =IF(OR(COUNTIF('Run Log'!$B:$B,A97)<>O97,COUNTIF('Run Log'!$A:$A,"RUN-TC-RS-VAL-020-minus20")<>1,COUNTIFS('Run Log'!$A:$A,"RUN-TC-RS-VAL-020-minus20",'Run Log'!$B:$B,A97,'Run Log'!$C:$C,"minus20")<>1,COUNTIF('Run Log'!$A:$A,"RUN-TC-RS-VAL-020-times3")<>1,COUNTIFS('Run Log'!$A:$A,"RUN-TC-RS-VAL-020-times3",'Run Log'!$B:$B,A97,'Run Log'!$C:$C,"times3")<>1),"INCOMPLETE",IF(COUNTIFS('Run Log'!$B:$B,A97,'Run Log'!$D:$D,"PASS")=O97,"PASS",IF(COUNTIFS('Run Log'!$B:$B,A97,'Run Log'!$D:$D,"FAIL")>0,"FAIL",IF(COUNTIFS('Run Log'!$B:$B,A97,'Run Log'!$D:$D,"BLOCKED")>0,"BLOCKED",IF(COUNTIFS('Run Log'!$B:$B,A97,'Run Log'!$D:$D,"SKIPPED")>0,"SKIPPED","NOT RUN")))))
A98: TC-RS-VAL-021 | B98: Đổi loại ngưỡng trong cùng phiên sửa | C98: B. Validation | D98: - Điều kiện: quy tắc “Cố định 30” (dưới 30) (cố định 30) đã lưu. - Dữ liệu test: quy tắc “Cố định 30” (dưới 30) | E98: TBD | F98: PROPOSED | G98: UNASSESSED | H98: đặc tả v2 mục 6.7 “Đổi loại ngưỡng và đổi toán hạng” | I98: B. Validation | J98: test-cases.vi.md | K98: 1. Đổi sang Tỷ lệ, nhập 40, đổi lại Cố định; xem ô Cố định; đổi sang Tỷ lệ lần nữa, xem ô Tỷ lệ. 2. Đổi lại Cố định, Lưu. 3. Mở lại quy tắc. 4. Đổi sang Tỷ lệ, nhập 50, bấm Hủy; mở lại. 5. (Khi có schema) Lưu quy tắc Tỷ lệ 40 có bật xử lý phần lẻ; đổi sang Cố định 30, Lưu, SELECT; đổi sang Công thức `A×0.5`, Lưu, SELECT. | Lượt chạy | Phạm vi thực hiện và đối chiếu | | --- | --- | | Run: Base | Toàn bộ thủ tục theo đúng thứ tự; các đối chứng cùng fixture được kiểm trong cùng lượt, không bỏ bước | | L98: 1. (PROPOSED) Trong phiên: ô Cố định vẫn 30; quay lại Tỷ lệ vẫn thấy 40. 2. Chỉ giá trị loại cuối cùng (Cố định 30) được kiểm và lưu; không lưu lẫn dữ liệu của loại khác. 3. Mở lại: Cố định 30; không bắt buộc còn giá trị Tỷ lệ 40. 4. Vẫn Cố định 30 (cấu hình đã lưu gần nhất). 5. (PROPOSED theo thiết kế DB v2) Sau mỗi lần lưu, các cột không dùng cho loại hiện tại (`round_*`, `threshold_value`, cột công thức/nguồn) là SQL NULL. | O98: 1 | P98: =IF(OR(COUNTIF('Run Log'!$B:$B,A98)<>O98,COUNTIF('Run Log'!$A:$A,"RUN-TC-RS-VAL-021-Base")<>1,COUNTIFS('Run Log'!$A:$A,"RUN-TC-RS-VAL-021-Base",'Run Log'!$B:$B,A98,'Run Log'!$C:$C,"Base")<>1),"INCOMPLETE",IF(COUNTIFS('Run Log'!$B:$B,A98,'Run Log'!$D:$D,"PASS")=O98,"PASS",IF(COUNTIFS('Run Log'!$B:$B,A98,'Run Log'!$D:$D,"FAIL")>0,"FAIL",IF(COUNTIFS('Run Log'!$B:$B,A98,'Run Log'!$D:$D,"BLOCKED")>0,"BLOCKED",IF(COUNTIFS('Run Log'!$B:$B,A98,'Run Log'!$D:$D,"SKIPPED")>0,"SKIPPED","NOT RUN")))))
