Workbook

Sheet Tổng quan
A1: Báo cáo kiểm thử
A3: Nhập lần kiểm thử, phiên bản ứng dụng, môi trường, người và thời điểm thực hiện.
A4: Chức năng | B4: RC-001 — Điểm đỏ（赤点）
A5: Phiên bản kiểm thử | B5: RC-001-v2-report-2026-10-04
A6: Lần kiểm thử
A7: Phiên bản ứng dụng
A8: Môi trường
A9: Người thực hiện
A10: Thời điểm thực hiện (kèm múi giờ)
A11: Phạm vi | B11: 216 case và 569 biến thể: cấu hình quy tắc; nguồn/ngưỡng; xét và vòng đời kết quả; trích xuất, công khai, phiếu điểm; quyền và bảo toàn legacy. Chuẩn bị: Chuẩn bị và đọc lại đúng vai trò/quyền, lớp, mục, kỳ, nguồn và baseline của từng case. Ưu tiên UI hiện hữu; đường thực hiện chưa xác minh giữ Đang chuẩn bị/Bị chặn. Mỗi biến thể có trạng thái cần khôi phục dữ liệu đầu vào riêng. Điều kiện bắt đầu: Đã xác định phiên bản ứng dụng, quyền ghi ở môi trường kiểm thử, dữ liệu kiểm thử, đường kích hoạt và nơi quan sát của lượt được chọn; chọn đúng lát cắt phát hành trước khi chạy. Điều kiện kết thúc: Ghi kết quả thực tế, trạng thái, bằng chứng và lý do cho mọi lượt được chọn; chưa chuẩn bị/chưa chốt căn cứ kỳ vọng không được kết luận Đạt. Hoàn tất toàn bộ cần xác nhận đóng lượt và quyền xem bằng chứng thực tế.
A12: Ngoài phạm vi | B12: Xét trực tiếp mục A/B/C hoặc đạt/không đạt; công thức tự do; chuyển legacy thành rule mới; triển khai hoặc phát hành ứng dụng.
A13: Giới hạn | B13: Báo cáo mới chưa thực thi. Dữ liệu kiểm thử, đường thực hiện và phạm vi phát hành chưa xác minh vẫn Đang chuẩn bị/Bị chặn; không coi file có format đúng là QA hoàn tất. 23 khoảng trống được giữ trong điều kiện của các testcase tương ứng; xem Chi tiết khi có liên kết.
A14: Chuẩn bị theo testcase | B14: Sẵn sàng: 1 · Đang chuẩn bị: 198 · Bị chặn: 17 Tính theo testcase, độc lập với trạng thái đã chạy. Một testcase có thể có nhiều biến thể; mỗi dòng Kiểm thử là một biến thể.
A15: Tiến độ và kết quả
A16: Số testcase (trường hợp kiểm thử) | B16: =COUNTA(A30:A245)
A17: Số biến thể (dòng Kiểm thử) | B17: =COUNTA('Kiểm thử'!$A$5:$A$573)
A18: Phán định Đạt đủ điều kiện | B18: =SUMPRODUCT(--(('Kiểm thử'!$A$5:$A$573="TC-RS-REG-008 / web-open")+('Kiểm thử'!$A$5:$A$573="TC-RS-REG-008 / api-open")+('Kiểm thử'!$A$5:$A$573="TC-RS-REG-008 / pdf-open")+('Kiểm thử'!$A$5:$A$573="TC-RS-REG-008 / web-closed")+('Kiểm thử'!$A$5:$A$573="TC-RS-REG-008 / api-closed")+('Kiểm thử'!$A$5:$A$573="TC-RS-REG-008 / pdf-closed")),--EXACT('Kiểm thử'!$F$5:$F$573,"Đạt"),--(LEN(SUBSTITUTE(SUBSTITUTE(SUBSTITUTE(SUBSTITUTE(SUBSTITUTE(SUBSTITUTE(SUBSTITUTE(SUBSTITUTE(SUBSTITUTE(SUBSTITUTE(SUBSTITUTE(SUBSTITUTE(SUBSTITUTE(SUBSTITUTE(SUBSTITUTE(SUBSTITUTE(SUBSTITUTE(SUBSTITUTE(SUBSTITUTE(SUBSTITUTE(CLEAN('Kiểm thử'!$E$5:$E$573)," ","")," ","")," ","")," ","")," ","")," ","")," ","")," ","")," ","")," ","")," ","")," ","")," ","")," ","")," ","")," ","")," ","")," ","")," ","")," ",""))>0),--EXACT(LEFT(LEFT('Kiểm thử'!$G$5:$G$573,FIND(CHAR(10),'Kiểm thử'!$G$5:$G$573&CHAR(10))-1),8),"https://"),--(LEN(SUBSTITUTE(SUBSTITUTE(SUBSTITUTE(SUBSTITUTE(SUBSTITUTE(SUBSTITUTE(SUBSTITUTE(SUBSTITUTE(SUBSTITUTE(SUBSTITUTE(SUBSTITUTE(SUBSTITUTE(SUBSTITUTE(SUBSTITUTE(SUBSTITUTE(SUBSTITUTE(SUBSTITUTE(SUBSTITUTE(SUBSTITUTE(SUBSTITUTE(CLEAN(LEFT('Kiểm thử'!$G$5:$G$573,FIND(CHAR(10),'Kiểm thử'!$G$5:$G$573&CHAR(10))-1))," ","")," ","")," ","")," ","")," ","")," ","")," ","")," ","")," ","")," ","")," ","")," ","")," ","")," ","")," ","")," ","")," ","")," ","")," ","")," ",""))=LEN(LEFT('Kiểm thử'!$G$5:$G$573,FIND(CHAR(10),'Kiểm thử'!$G$5:$G$573&CHAR(10))-1))),--ISNUMBER(SEARCH("?*.?*",MID(SUBSTITUTE(SUBSTITUTE(LEFT('Kiểm thử'!$G$5:$G$573,FIND(CHAR(10),'Kiểm thử'!$G$5:$G$573&CHAR(10))-1),"?","/"),"#","/"),9,FIND("/",SUBSTITUTE(SUBSTITUTE(LEFT('Kiểm thử'!$G$5:$G$573,FIND(CHAR(10),'Kiểm thử'!$G$5:$G$573&CHAR(10))-1),"?","/"),"#","/")&"/////////",9)-9))),--ISERROR(SEARCH("@",MID(SUBSTITUTE(SUBSTITUTE(LEFT('Kiểm thử'!$G$5:$G$573,FIND(CHAR(10),'Kiểm thử'!$G$5:$G$573&CHAR(10))-1),"?","/"),"#","/"),9,FIND("/",SUBSTITUTE(SUBSTITUTE(LEFT('Kiểm thử'!$G$5:$G$573,FIND(CHAR(10),'Kiểm thử'!$G$5:$G$573&CHAR(10))-1),"?","/"),"#","/")&"/////////",9)-9))))
A19: Phán định Không đạt đủ điều kiện | B19: =SUMPRODUCT(--(('Kiểm thử'!$A$5:$A$573="TC-RS-REG-008 / web-open")+('Kiểm thử'!$A$5:$A$573="TC-RS-REG-008 / api-open")+('Kiểm thử'!$A$5:$A$573="TC-RS-REG-008 / pdf-open")+('Kiểm thử'!$A$5:$A$573="TC-RS-REG-008 / web-closed")+('Kiểm thử'!$A$5:$A$573="TC-RS-REG-008 / api-closed")+('Kiểm thử'!$A$5:$A$573="TC-RS-REG-008 / pdf-closed")),--EXACT('Kiểm thử'!$F$5:$F$573,"Không đạt"),--(LEN(SUBSTITUTE(SUBSTITUTE(SUBSTITUTE(SUBSTITUTE(SUBSTITUTE(SUBSTITUTE(SUBSTITUTE(SUBSTITUTE(SUBSTITUTE(SUBSTITUTE(SUBSTITUTE(SUBSTITUTE(SUBSTITUTE(SUBSTITUTE(SUBSTITUTE(SUBSTITUTE(SUBSTITUTE(SUBSTITUTE(SUBSTITUTE(SUBSTITUTE(CLEAN('Kiểm thử'!$E$5:$E$573)," ","")," ","")," ","")," ","")," ","")," ","")," ","")," ","")," ","")," ","")," ","")," ","")," ","")," ","")," ","")," ","")," ","")," ","")," ","")," ",""))>0),--EXACT(LEFT(LEFT('Kiểm thử'!$G$5:$G$573,FIND(CHAR(10),'Kiểm thử'!$G$5:$G$573&CHAR(10))-1),8),"https://"),--(LEN(SUBSTITUTE(SUBSTITUTE(SUBSTITUTE(SUBSTITUTE(SUBSTITUTE(SUBSTITUTE(SUBSTITUTE(SUBSTITUTE(SUBSTITUTE(SUBSTITUTE(SUBSTITUTE(SUBSTITUTE(SUBSTITUTE(SUBSTITUTE(SUBSTITUTE(SUBSTITUTE(SUBSTITUTE(SUBSTITUTE(SUBSTITUTE(SUBSTITUTE(CLEAN(LEFT('Kiểm thử'!$G$5:$G$573,FIND(CHAR(10),'Kiểm thử'!$G$5:$G$573&CHAR(10))-1))," ","")," ","")," ","")," ","")," ","")," ","")," ","")," ","")," ","")," ","")," ","")," ","")," ","")," ","")," ","")," ","")," ","")," ","")," ","")," ",""))=LEN(LEFT('Kiểm thử'!$G$5:$G$573,FIND(CHAR(10),'Kiểm thử'!$G$5:$G$573&CHAR(10))-1))),--ISNUMBER(SEARCH("?*.?*",MID(SUBSTITUTE(SUBSTITUTE(LEFT('Kiểm thử'!$G$5:$G$573,FIND(CHAR(10),'Kiểm thử'!$G$5:$G$573&CHAR(10))-1),"?","/"),"#","/"),9,FIND("/",SUBSTITUTE(SUBSTITUTE(LEFT('Kiểm thử'!$G$5:$G$573,FIND(CHAR(10),'Kiểm thử'!$G$5:$G$573&CHAR(10))-1),"?","/"),"#","/")&"/////////",9)-9))),--ISERROR(SEARCH("@",MID(SUBSTITUTE(SUBSTITUTE(LEFT('Kiểm thử'!$G$5:$G$573,FIND(CHAR(10),'Kiểm thử'!$G$5:$G$573&CHAR(10))-1),"?","/"),"#","/"),9,FIND("/",SUBSTITUTE(SUBSTITUTE(LEFT('Kiểm thử'!$G$5:$G$573,FIND(CHAR(10),'Kiểm thử'!$G$5:$G$573&CHAR(10))-1),"?","/"),"#","/")&"/////////",9)-9))))
A20: Kịch bản bị chặn | B20: =SUMPRODUCT(--EXACT('Kiểm thử'!$F$5:$F$573,"Bị chặn"))
A21: Kịch bản không thực hiện | B21: =SUMPRODUCT(--EXACT('Kiểm thử'!$F$5:$F$573,"Không thực hiện"))
A22: Kịch bản chưa thực hiện | B22: =SUMPRODUCT(--EXACT('Kiểm thử'!$F$5:$F$573,"Chưa thực hiện"))
A23: Phán định Đạt/Không đạt đủ điều kiện | B23: =B18+B19
A24: Tỷ lệ Đạt / phán định đủ điều kiện | B24: =IF(B23=0,"Chưa có dữ liệu",B18/B23)
A25: Phán định đủ điều kiện / toàn bộ kịch bản | B25: =IF(B17=0,"Chưa có dữ liệu",B23/B17)
A26: Kịch bản chưa đạt | B26: =B17-B18
A27: Trạng thái không hợp lệ | B27: =B17-SUM(SUMPRODUCT(--EXACT('Kiểm thử'!$F$5:$F$573,"Đạt")),SUMPRODUCT(--EXACT('Kiểm thử'!$F$5:$F$573,"Không đạt")),SUMPRODUCT(--EXACT('Kiểm thử'!$F$5:$F$573,"Bị chặn")),SUMPRODUCT(--EXACT('Kiểm thử'!$F$5:$F$573,"Không thực hiện")),SUMPRODUCT(--EXACT('Kiểm thử'!$F$5:$F$573,"Chưa thực hiện")))
A29: Mã kiểm thử | B29: Trạng thái
A30: TC-RS-FUNC-001 | B30: =IF(0>0,"Không đạt",IF(0=3,"Đạt",IF(SUMPRODUCT(--(('Kiểm thử'!$A$5:$A$573="TC-RS-FUNC-001 / integer")+('Kiểm thử'!$A$5:$A$573="TC-RS-FUNC-001 / decimal")+('Kiểm thử'!$A$5:$A$573="TC-RS-FUNC-001 / unit")),--EXACT('Kiểm thử'!$F$5:$F$573,"Không thực hiện"))=3,"Không thực hiện",IF(SUMPRODUCT(--(('Kiểm thử'!$A$5:$A$573="TC-RS-FUNC-001 / integer")+('Kiểm thử'!$A$5:$A$573="TC-RS-FUNC-001 / decimal")+('Kiểm thử'!$A$5:$A$573="TC-RS-FUNC-001 / unit")),--EXACT('Kiểm thử'!$F$5:$F$573,"Bị chặn"))>0,"Bị chặn",IF(SUMPRODUCT(--(('Kiểm thử'!$A$5:$A$573="TC-RS-FUNC-001 / integer")+('Kiểm thử'!$A$5:$A$573="TC-RS-FUNC-001 / decimal")+('Kiểm thử'!$A$5:$A$573="TC-RS-FUNC-001 / unit")),--EXACT('Kiểm thử'!$F$5:$F$573,"Chưa thực hiện"))=3,"Chưa thực hiện","Chưa đủ kết luận")))))
A31: TC-RS-FUNC-002 | B31: =IF(0>0,"Không đạt",IF(0=2,"Đạt",IF(SUMPRODUCT(--(('Kiểm thử'!$A$5:$A$573="TC-RS-FUNC-002 / choice")+('Kiểm thử'!$A$5:$A$573="TC-RS-FUNC-002 / passfail")),--EXACT('Kiểm thử'!$F$5:$F$573,"Không thực hiện"))=2,"Không thực hiện",IF(SUMPRODUCT(--(('Kiểm thử'!$A$5:$A$573="TC-RS-FUNC-002 / choice")+('Kiểm thử'!$A$5:$A$573="TC-RS-FUNC-002 / passfail")),--EXACT('Kiểm thử'!$F$5:$F$573,"Bị chặn"))>0,"Bị chặn",IF(SUMPRODUCT(--(('Kiểm thử'!$A$5:$A$573="TC-RS-FUNC-002 / choice")+('Kiểm thử'!$A$5:$A$573="TC-RS-FUNC-002 / passfail")),--EXACT('Kiểm thử'!$F$5:$F$573,"Chưa thực hiện"))=2,"Chưa thực hiện","Chưa đủ kết luận")))))
A32: TC-RS-FUNC-004 | B32: =IF(0>0,"Không đạt",IF(0=1,"Đạt",IF(SUMPRODUCT(--(('Kiểm thử'!$A$5:$A$573="TC-RS-FUNC-004 / Base")),--EXACT('Kiểm thử'!$F$5:$F$573,"Không thực hiện"))=1,"Không thực hiện",IF(SUMPRODUCT(--(('Kiểm thử'!$A$5:$A$573="TC-RS-FUNC-004 / Base")),--EXACT('Kiểm thử'!$F$5:$F$573,"Bị chặn"))>0,"Bị chặn",IF(SUMPRODUCT(--(('Kiểm thử'!$A$5:$A$573="TC-RS-FUNC-004 / Base")),--EXACT('Kiểm thử'!$F$5:$F$573,"Chưa thực hiện"))=1,"Chưa thực hiện","Chưa đủ kết luận")))))
A33: TC-RS-FUNC-005 | B33: =IF(0>0,"Không đạt",IF(0=1,"Đạt",IF(SUMPRODUCT(--(('Kiểm thử'!$A$5:$A$573="TC-RS-FUNC-005 / Base")),--EXACT('Kiểm thử'!$F$5:$F$573,"Không thực hiện"))=1,"Không thực hiện",IF(SUMPRODUCT(--(('Kiểm thử'!$A$5:$A$573="TC-RS-FUNC-005 / Base")),--EXACT('Kiểm thử'!$F$5:$F$573,"Bị chặn"))>0,"Bị chặn",IF(SUMPRODUCT(--(('Kiểm thử'!$A$5:$A$573="TC-RS-FUNC-005 / Base")),--EXACT('Kiểm thử'!$F$5:$F$573,"Chưa thực hiện"))=1,"Chưa thực hiện","Chưa đủ kết luận")))))
A34: TC-RS-FUNC-006 | B34: =IF(0>0,"Không đạt",IF(0=2,"Đạt",IF(SUMPRODUCT(--(('Kiểm thử'!$A$5:$A$573="TC-RS-FUNC-006 / cancel")+('Kiểm thử'!$A$5:$A$573="TC-RS-FUNC-006 / delete")),--EXACT('Kiểm thử'!$F$5:$F$573,"Không thực hiện"))=2,"Không thực hiện",IF(SUMPRODUCT(--(('Kiểm thử'!$A$5:$A$573="TC-RS-FUNC-006 / cancel")+('Kiểm thử'!$A$5:$A$573="TC-RS-FUNC-006 / delete")),--EXACT('Kiểm thử'!$F$5:$F$573,"Bị chặn"))>0,"Bị chặn",IF(SUMPRODUCT(--(('Kiểm thử'!$A$5:$A$573="TC-RS-FUNC-006 / cancel")+('Kiểm thử'!$A$5:$A$573="TC-RS-FUNC-006 / delete")),--EXACT('Kiểm thử'!$F$5:$F$573,"Chưa thực hiện"))=2,"Chưa thực hiện","Chưa đủ kết luận")))))
A35: TC-RS-FUNC-007 | B35: =IF(0>0,"Không đạt",IF(0=2,"Đạt",IF(SUMPRODUCT(--(('Kiểm thử'!$A$5:$A$573="TC-RS-FUNC-007 / back-threshold")+('Kiểm thử'!$A$5:$A$573="TC-RS-FUNC-007 / back-condition")),--EXACT('Kiểm thử'!$F$5:$F$573,"Không thực hiện"))=2,"Không thực hiện",IF(SUMPRODUCT(--(('Kiểm thử'!$A$5:$A$573="TC-RS-FUNC-007 / back-threshold")+('Kiểm thử'!$A$5:$A$573="TC-RS-FUNC-007 / back-condition")),--EXACT('Kiểm thử'!$F$5:$F$573,"Bị chặn"))>0,"Bị chặn",IF(SUMPRODUCT(--(('Kiểm thử'!$A$5:$A$573="TC-RS-FUNC-007 / back-threshold")+('Kiểm thử'!$A$5:$A$573="TC-RS-FUNC-007 / back-condition")),--EXACT('Kiểm thử'!$F$5:$F$573,"Chưa thực hiện"))=2,"Chưa thực hiện","Chưa đủ kết luận")))))
A36: TC-RS-FUNC-014 | B36: =IF(0>0,"Không đạt",IF(0=3,"Đạt",IF(SUMPRODUCT(--(('Kiểm thử'!$A$5:$A$573="TC-RS-FUNC-014 / incomplete-excluded")+('Kiểm thử'!$A$5:$A$573="TC-RS-FUNC-014 / complete-deleted-stale")+('Kiểm thử'!$A$5:$A$573="TC-RS-FUNC-014 / incomplete-deleted-stale")),--EXACT('Kiểm thử'!$F$5:$F$573,"Không thực hiện"))=3,"Không thực hiện",IF(SUMPRODUCT(--(('Kiểm thử'!$A$5:$A$573="TC-RS-FUNC-014 / incomplete-excluded")+('Kiểm thử'!$A$5:$A$573="TC-RS-FUNC-014 / complete-deleted-stale")+('Kiểm thử'!$A$5:$A$573="TC-RS-FUNC-014 / incomplete-deleted-stale")),--EXACT('Kiểm thử'!$F$5:$F$573,"Bị chặn"))>0,"Bị chặn",IF(SUMPRODUCT(--(('Kiểm thử'!$A$5:$A$573="TC-RS-FUNC-014 / incomplete-excluded")+('Kiểm thử'!$A$5:$A$573="TC-RS-FUNC-014 / complete-deleted-stale")+('Kiểm thử'!$A$5:$A$573="TC-RS-FUNC-014 / incomplete-deleted-stale")),--EXACT('Kiểm thử'!$F$5:$F$573,"Chưa thực hiện"))=3,"Chưa thực hiện","Chưa đủ kết luận")))))
A37: TC-RS-FUNC-033 | B37: =IF(0>0,"Không đạt",IF(0=1,"Đạt",IF(SUMPRODUCT(--(('Kiểm thử'!$A$5:$A$573="TC-RS-FUNC-033 / Base")),--EXACT('Kiểm thử'!$F$5:$F$573,"Không thực hiện"))=1,"Không thực hiện",IF(SUMPRODUCT(--(('Kiểm thử'!$A$5:$A$573="TC-RS-FUNC-033 / Base")),--EXACT('Kiểm thử'!$F$5:$F$573,"Bị chặn"))>0,"Bị chặn",IF(SUMPRODUCT(--(('Kiểm thử'!$A$5:$A$573="TC-RS-FUNC-033 / Base")),--EXACT('Kiểm thử'!$F$5:$F$573,"Chưa thực hiện"))=1,"Chưa thực hiện","Chưa đủ kết luận")))))
A38: TC-RS-VAL-014 | B38: =IF(0>0,"Không đạt",IF(0=6,"Đạt",IF(SUMPRODUCT(--(('Kiểm thử'!$A$5:$A$573="TC-RS-VAL-014 / empty")+('Kiểm thử'!$A$5:$A$573="TC-RS-VAL-014 / space")+('Kiểm thử'!$A$5:$A$573="TC-RS-VAL-014 / len255")+('Kiểm thử'!$A$5:$A$573="TC-RS-VAL-014 / len256")+('Kiểm thử'!$A$5:$A$573="TC-RS-VAL-014 / padded255")+('Kiểm thử'!$A$5:$A$573="TC-RS-VAL-014 / duplicate")),--EXACT('Kiểm thử'!$F$5:$F$573,"Không thực hiện"))=6,"Không thực hiện",IF(SUMPRODUCT(--(('Kiểm thử'!$A$5:$A$573="TC-RS-VAL-014 / empty")+('Kiểm thử'!$A$5:$A$573="TC-RS-VAL-014 / space")+('Kiểm thử'!$A$5:$A$573="TC-RS-VAL-014 / len255")+('Kiểm thử'!$A$5:$A$573="TC-RS-VAL-014 / len256")+('Kiểm thử'!$A$5:$A$573="TC-RS-VAL-014 / padded255")+('Kiểm thử'!$A$5:$A$573="TC-RS-VAL-014 / duplicate")),--EXACT('Kiểm thử'!$F$5:$F$573,"Bị chặn"))>0,"Bị chặn",IF(SUMPRODUCT(--(('Kiểm thử'!$A$5:$A$573="TC-RS-VAL-014 / empty")+('Kiểm thử'!$A$5:$A$573="TC-RS-VAL-014 / space")+('Kiểm thử'!$A$5:$A$573="TC-RS-VAL-014 / len255")+('Kiểm thử'!$A$5:$A$573="TC-RS-VAL-014 / len256")+('Kiểm thử'!$A$5:$A$573="TC-RS-VAL-014 / padded255")+('Kiểm thử'!$A$5:$A$573="TC-RS-VAL-014 / duplicate")),--EXACT('Kiểm thử'!$F$5:$F$573,"Chưa thực hiện"))=6,"Chưa thực hiện","Chưa đủ kết luận")))))
A39: TC-RS-VAL-016 | B39: =IF(0>0,"Không đạt",IF(0=1,"Đạt",IF(SUMPRODUCT(--(('Kiểm thử'!$A$5:$A$573="TC-RS-VAL-016 / Base")),--EXACT('Kiểm thử'!$F$5:$F$573,"Không thực hiện"))=1,"Không thực hiện",IF(SUMPRODUCT(--(('Kiểm thử'!$A$5:$A$573="TC-RS-VAL-016 / Base")),--EXACT('Kiểm thử'!$F$5:$F$573,"Bị chặn"))>0,"Bị chặn",IF(SUMPRODUCT(--(('Kiểm thử'!$A$5:$A$573="TC-RS-VAL-016 / Base")),--EXACT('Kiểm thử'!$F$5:$F$573,"Chưa thực hiện"))=1,"Chưa thực hiện","Chưa đủ kết luận")))))
A40: TC-RS-DATA-001 | B40: =IF(0>0,"Không đạt",IF(0=4,"Đạt",IF(SUMPRODUCT(--(('Kiểm thử'!$A$5:$A$573="TC-RS-DATA-001 / fixed")+('Kiểm thử'!$A$5:$A$573="TC-RS-DATA-001 / ratio")+('Kiểm thử'!$A$5:$A$573="TC-RS-DATA-001 / formula")+('Kiểm thử'!$A$5:$A$573="TC-RS-DATA-001 / filter")),--EXACT('Kiểm thử'!$F$5:$F$573,"Không thực hiện"))=4,"Không thực hiện",IF(SUMPRODUCT(--(('Kiểm thử'!$A$5:$A$573="TC-RS-DATA-001 / fixed")+('Kiểm thử'!$A$5:$A$573="TC-RS-DATA-001 / ratio")+('Kiểm thử'!$A$5:$A$573="TC-RS-DATA-001 / formula")+('Kiểm thử'!$A$5:$A$573="TC-RS-DATA-001 / filter")),--EXACT('Kiểm thử'!$F$5:$F$573,"Bị chặn"))>0,"Bị chặn",IF(SUMPRODUCT(--(('Kiểm thử'!$A$5:$A$573="TC-RS-DATA-001 / fixed")+('Kiểm thử'!$A$5:$A$573="TC-RS-DATA-001 / ratio")+('Kiểm thử'!$A$5:$A$573="TC-RS-DATA-001 / formula")+('Kiểm thử'!$A$5:$A$573="TC-RS-DATA-001 / filter")),--EXACT('Kiểm thử'!$F$5:$F$573,"Chưa thực hiện"))=4,"Chưa thực hiện","Chưa đủ kết luận")))))
A41: TC-RS-DATA-004 | B41: =IF(0>0,"Không đạt",IF(0=1,"Đạt",IF(SUMPRODUCT(--(('Kiểm thử'!$A$5:$A$573="TC-RS-DATA-004 / Base")),--EXACT('Kiểm thử'!$F$5:$F$573,"Không thực hiện"))=1,"Không thực hiện",IF(SUMPRODUCT(--(('Kiểm thử'!$A$5:$A$573="TC-RS-DATA-004 / Base")),--EXACT('Kiểm thử'!$F$5:$F$573,"Bị chặn"))>0,"Bị chặn",IF(SUMPRODUCT(--(('Kiểm thử'!$A$5:$A$573="TC-RS-DATA-004 / Base")),--EXACT('Kiểm thử'!$F$5:$F$573,"Chưa thực hiện"))=1,"Chưa thực hiện","Chưa đủ kết luận")))))
A42: TC-RS-UI-001 | B42: =IF(0>0,"Không đạt",IF(0=1,"Đạt",IF(SUMPRODUCT(--(('Kiểm thử'!$A$5:$A$573="TC-RS-UI-001 / Base")),--EXACT('Kiểm thử'!$F$5:$F$573,"Không thực hiện"))=1,"Không thực hiện",IF(SUMPRODUCT(--(('Kiểm thử'!$A$5:$A$573="TC-RS-UI-001 / Base")),--EXACT('Kiểm thử'!$F$5:$F$573,"Bị chặn"))>0,"Bị chặn",IF(SUMPRODUCT(--(('Kiểm thử'!$A$5:$A$573="TC-RS-UI-001 / Base")),--EXACT('Kiểm thử'!$F$5:$F$573,"Chưa thực hiện"))=1,"Chưa thực hiện","Chưa đủ kết luận")))))
A43: TC-RS-UI-002 | B43: =IF(0>0,"Không đạt",IF(0=1,"Đạt",IF(SUMPRODUCT(--(('Kiểm thử'!$A$5:$A$573="TC-RS-UI-002 / Base")),--EXACT('Kiểm thử'!$F$5:$F$573,"Không thực hiện"))=1,"Không thực hiện",IF(SUMPRODUCT(--(('Kiểm thử'!$A$5:$A$573="TC-RS-UI-002 / Base")),--EXACT('Kiểm thử'!$F$5:$F$573,"Bị chặn"))>0,"Bị chặn",IF(SUMPRODUCT(--(('Kiểm thử'!$A$5:$A$573="TC-RS-UI-002 / Base")),--EXACT('Kiểm thử'!$F$5:$F$573,"Chưa thực hiện"))=1,"Chưa thực hiện","Chưa đủ kết luận")))))
A44: TC-RS-UI-003 | B44: =IF(0>0,"Không đạt",IF(0=1,"Đạt",IF(SUMPRODUCT(--(('Kiểm thử'!$A$5:$A$573="TC-RS-UI-003 / Base")),--EXACT('Kiểm thử'!$F$5:$F$573,"Không thực hiện"))=1,"Không thực hiện",IF(SUMPRODUCT(--(('Kiểm thử'!$A$5:$A$573="TC-RS-UI-003 / Base")),--EXACT('Kiểm thử'!$F$5:$F$573,"Bị chặn"))>0,"Bị chặn",IF(SUMPRODUCT(--(('Kiểm thử'!$A$5:$A$573="TC-RS-UI-003 / Base")),--EXACT('Kiểm thử'!$F$5:$F$573,"Chưa thực hiện"))=1,"Chưa thực hiện","Chưa đủ kết luận")))))
A45: TC-RS-UI-004 | B45: =IF(0>0,"Không đạt",IF(0=1,"Đạt",IF(SUMPRODUCT(--(('Kiểm thử'!$A$5:$A$573="TC-RS-UI-004 / Base")),--EXACT('Kiểm thử'!$F$5:$F$573,"Không thực hiện"))=1,"Không thực hiện",IF(SUMPRODUCT(--(('Kiểm thử'!$A$5:$A$573="TC-RS-UI-004 / Base")),--EXACT('Kiểm thử'!$F$5:$F$573,"Bị chặn"))>0,"Bị chặn",IF(SUMPRODUCT(--(('Kiểm thử'!$A$5:$A$573="TC-RS-UI-004 / Base")),--EXACT('Kiểm thử'!$F$5:$F$573,"Chưa thực hiện"))=1,"Chưa thực hiện","Chưa đủ kết luận")))))
A46: TC-RS-UI-005 | B46: =IF(0>0,"Không đạt",IF(0=1,"Đạt",IF(SUMPRODUCT(--(('Kiểm thử'!$A$5:$A$573="TC-RS-UI-005 / Base")),--EXACT('Kiểm thử'!$F$5:$F$573,"Không thực hiện"))=1,"Không thực hiện",IF(SUMPRODUCT(--(('Kiểm thử'!$A$5:$A$573="TC-RS-UI-005 / Base")),--EXACT('Kiểm thử'!$F$5:$F$573,"Bị chặn"))>0,"Bị chặn",IF(SUMPRODUCT(--(('Kiểm thử'!$A$5:$A$573="TC-RS-UI-005 / Base")),--EXACT('Kiểm thử'!$F$5:$F$573,"Chưa thực hiện"))=1,"Chưa thực hiện","Chưa đủ kết luận")))))
A47: TC-RS-UI-006 | B47: =IF(0>0,"Không đạt",IF(0=1,"Đạt",IF(SUMPRODUCT(--(('Kiểm thử'!$A$5:$A$573="TC-RS-UI-006 / Base")),--EXACT('Kiểm thử'!$F$5:$F$573,"Không thực hiện"))=1,"Không thực hiện",IF(SUMPRODUCT(--(('Kiểm thử'!$A$5:$A$573="TC-RS-UI-006 / Base")),--EXACT('Kiểm thử'!$F$5:$F$573,"Bị chặn"))>0,"Bị chặn",IF(SUMPRODUCT(--(('Kiểm thử'!$A$5:$A$573="TC-RS-UI-006 / Base")),--EXACT('Kiểm thử'!$F$5:$F$573,"Chưa thực hiện"))=1,"Chưa thực hiện","Chưa đủ kết luận")))))
A48: TC-RS-UI-007 | B48: =IF(0>0,"Không đạt",IF(0=2,"Đạt",IF(SUMPRODUCT(--(('Kiểm thử'!$A$5:$A$573="TC-RS-UI-007 / incomplete-row")+('Kiểm thử'!$A$5:$A$573="TC-RS-UI-007 / incomplete-deleted-stale")),--EXACT('Kiểm thử'!$F$5:$F$573,"Không thực hiện"))=2,"Không thực hiện",IF(SUMPRODUCT(--(('Kiểm thử'!$A$5:$A$573="TC-RS-UI-007 / incomplete-row")+('Kiểm thử'!$A$5:$A$573="TC-RS-UI-007 / incomplete-deleted-stale")),--EXACT('Kiểm thử'!$F$5:$F$573,"Bị chặn"))>0,"Bị chặn",IF(SUMPRODUCT(--(('Kiểm thử'!$A$5:$A$573="TC-RS-UI-007 / incomplete-row")+('Kiểm thử'!$A$5:$A$573="TC-RS-UI-007 / incomplete-deleted-stale")),--EXACT('Kiểm thử'!$F$5:$F$573,"Chưa thực hiện"))=2,"Chưa thực hiện","Chưa đủ kết luận")))))
A49: TC-RS-FUNC-003 | B49: =IF(0>0,"Không đạt",IF(0=1,"Đạt",IF(SUMPRODUCT(--(('Kiểm thử'!$A$5:$A$573="TC-RS-FUNC-003 / Base")),--EXACT('Kiểm thử'!$F$5:$F$573,"Không thực hiện"))=1,"Không thực hiện",IF(SUMPRODUCT(--(('Kiểm thử'!$A$5:$A$573="TC-RS-FUNC-003 / Base")),--EXACT('Kiểm thử'!$F$5:$F$573,"Bị chặn"))>0,"Bị chặn",IF(SUMPRODUCT(--(('Kiểm thử'!$A$5:$A$573="TC-RS-FUNC-003 / Base")),--EXACT('Kiểm thử'!$F$5:$F$573,"Chưa thực hiện"))=1,"Chưa thực hiện","Chưa đủ kết luận")))))
A50: TC-RS-FUNC-008 | B50: =IF(0>0,"Không đạt",IF(0=2,"Đạt",IF(SUMPRODUCT(--(('Kiểm thử'!$A$5:$A$573="TC-RS-FUNC-008 / all")+('Kiểm thử'!$A$5:$A$573="TC-RS-FUNC-008 / filter")),--EXACT('Kiểm thử'!$F$5:$F$573,"Không thực hiện"))=2,"Không thực hiện",IF(SUMPRODUCT(--(('Kiểm thử'!$A$5:$A$573="TC-RS-FUNC-008 / all")+('Kiểm thử'!$A$5:$A$573="TC-RS-FUNC-008 / filter")),--EXACT('Kiểm thử'!$F$5:$F$573,"Bị chặn"))>0,"Bị chặn",IF(SUMPRODUCT(--(('Kiểm thử'!$A$5:$A$573="TC-RS-FUNC-008 / all")+('Kiểm thử'!$A$5:$A$573="TC-RS-FUNC-008 / filter")),--EXACT('Kiểm thử'!$F$5:$F$573,"Chưa thực hiện"))=2,"Chưa thực hiện","Chưa đủ kết luận")))))
A51: TC-RS-FUNC-009 | B51: =IF(0>0,"Không đạt",IF(0=2,"Đạt",IF(SUMPRODUCT(--(('Kiểm thử'!$A$5:$A$573="TC-RS-FUNC-009 / below60")+('Kiểm thử'!$A$5:$A$573="TC-RS-FUNC-009 / from60")),--EXACT('Kiểm thử'!$F$5:$F$573,"Không thực hiện"))=2,"Không thực hiện",IF(SUMPRODUCT(--(('Kiểm thử'!$A$5:$A$573="TC-RS-FUNC-009 / below60")+('Kiểm thử'!$A$5:$A$573="TC-RS-FUNC-009 / from60")),--EXACT('Kiểm thử'!$F$5:$F$573,"Bị chặn"))>0,"Bị chặn",IF(SUMPRODUCT(--(('Kiểm thử'!$A$5:$A$573="TC-RS-FUNC-009 / below60")+('Kiểm thử'!$A$5:$A$573="TC-RS-FUNC-009 / from60")),--EXACT('Kiểm thử'!$F$5:$F$573,"Chưa thực hiện"))=2,"Chưa thực hiện","Chưa đủ kết luận")))))
A52: TC-RS-FUNC-010 | B52: =IF(0>0,"Không đạt",IF(0=1,"Đạt",IF(SUMPRODUCT(--(('Kiểm thử'!$A$5:$A$573="TC-RS-FUNC-010 / Base")),--EXACT('Kiểm thử'!$F$5:$F$573,"Không thực hiện"))=1,"Không thực hiện",IF(SUMPRODUCT(--(('Kiểm thử'!$A$5:$A$573="TC-RS-FUNC-010 / Base")),--EXACT('Kiểm thử'!$F$5:$F$573,"Bị chặn"))>0,"Bị chặn",IF(SUMPRODUCT(--(('Kiểm thử'!$A$5:$A$573="TC-RS-FUNC-010 / Base")),--EXACT('Kiểm thử'!$F$5:$F$573,"Chưa thực hiện"))=1,"Chưa thực hiện","Chưa đủ kết luận")))))
A53: TC-RS-BR-004 | B53: =IF(0>0,"Không đạt",IF(0=1,"Đạt",IF(SUMPRODUCT(--(('Kiểm thử'!$A$5:$A$573="TC-RS-BR-004 / Base")),--EXACT('Kiểm thử'!$F$5:$F$573,"Không thực hiện"))=1,"Không thực hiện",IF(SUMPRODUCT(--(('Kiểm thử'!$A$5:$A$573="TC-RS-BR-004 / Base")),--EXACT('Kiểm thử'!$F$5:$F$573,"Bị chặn"))>0,"Bị chặn",IF(SUMPRODUCT(--(('Kiểm thử'!$A$5:$A$573="TC-RS-BR-004 / Base")),--EXACT('Kiểm thử'!$F$5:$F$573,"Chưa thực hiện"))=1,"Chưa thực hiện","Chưa đủ kết luận")))))
A54: TC-RS-BR-041 | B54: =IF(0>0,"Không đạt",IF(0=22,"Đạt",IF(SUMPRODUCT(--(('Kiểm thử'!$A$5:$A$573="TC-RS-BR-041 / A-P9")+('Kiểm thử'!$A$5:$A$573="TC-RS-BR-041 / A-P10")+('Kiểm thử'!$A$5:$A$573="TC-RS-BR-041 / A-P11")+('Kiểm thử'!$A$5:$A$573="TC-RS-BR-041 / A-P12")+('Kiểm thử'!$A$5:$A$573="TC-RS-BR-041 / A-P13")+('Kiểm thử'!$A$5:$A$573="TC-RS-BR-041 / A-P14")+('Kiểm thử'!$A$5:$A$573="TC-RS-BR-041 / A-P15")+('Kiểm thử'!$A$5:$A$573="TC-RS-BR-041 / A-P16")+('Kiểm thử'!$A$5:$A$573="TC-RS-BR-041 / RR-60")+('Kiểm thử'!$A$5:$A$573="TC-RS-BR-041 / RR-49.9")+('Kiểm thử'!$A$5:$A$573="TC-RS-BR-041 / RR-70")+('Kiểm thử'!$A$5:$A$573="TC-RS-BR-041 / AR-60-60")+('Kiểm thử'!$A$5:$A$573="TC-RS-BR-041 / AR-40-60")+('Kiểm thử'!$A$5:$A$573="TC-RS-BR-041 / AR-60-40")+('Kiểm thử'!$A$5:$A$573="TC-RS-BR-041 / FILTER-POS")+('Kiểm thử'!$A$5:$A$573="TC-RS-BR-041 / FILTER-GRADE-NEG")+('Kiểm thử'!$A$5:$A$573="TC-RS-BR-041 / FILTER-GROUP-NEG")+('Kiểm thử'!$A$5:$A$573="TC-RS-BR-041 / P17-A-NAN")+('Kiểm thử'!$A$5:$A$573="TC-RS-BR-041 / P19-A-INFINITY")+('Kiểm thử'!$A$5:$A$573="TC-RS-BR-041 / P18-A-EMPTY")+('Kiểm thử'!$A$5:$A$573="TC-RS-BR-041 / P18-S-EMPTY")+('Kiểm thử'!$A$5:$A$573="TC-RS-BR-041 / reopen-summary")),--EXACT('Kiểm thử'!$F$5:$F$573,"Không thực hiện"))=22,"Không thực hiện",IF(SUMPRODUCT(--(('Kiểm thử'!$A$5:$A$573="TC-RS-BR-041 / A-P9")+('Kiểm thử'!$A$5:$A$573="TC-RS-BR-041 / A-P10")+('Kiểm thử'!$A$5:$A$573="TC-RS-BR-041 / A-P11")+('Kiểm thử'!$A$5:$A$573="TC-RS-BR-041 / A-P12")+('Kiểm thử'!$A$5:$A$573="TC-RS-BR-041 / A-P13")+('Kiểm thử'!$A$5:$A$573="TC-RS-BR-041 / A-P14")+('Kiểm thử'!$A$5:$A$573="TC-RS-BR-041 / A-P15")+('Kiểm thử'!$A$5:$A$573="TC-RS-BR-041 / A-P16")+('Kiểm thử'!$A$5:$A$573="TC-RS-BR-041 / RR-60")+('Kiểm thử'!$A$5:$A$573="TC-RS-BR-041 / RR-49.9")+('Kiểm thử'!$A$5:$A$573="TC-RS-BR-041 / RR-70")+('Kiểm thử'!$A$5:$A$573="TC-RS-BR-041 / AR-60-60")+('Kiểm thử'!$A$5:$A$573="TC-RS-BR-041 / AR-40-60")+('Kiểm thử'!$A$5:$A$573="TC-RS-BR-041 / AR-60-40")+('Kiểm thử'!$A$5:$A$573="TC-RS-BR-041 / FILTER-POS")+('Kiểm thử'!$A$5:$A$573="TC-RS-BR-041 / FILTER-GRADE-NEG")+('Kiểm thử'!$A$5:$A$573="TC-RS-BR-041 / FILTER-GROUP-NEG")+('Kiểm thử'!$A$5:$A$573="TC-RS-BR-041 / P17-A-NAN")+('Kiểm thử'!$A$5:$A$573="TC-RS-BR-041 / P19-A-INFINITY")+('Kiểm thử'!$A$5:$A$573="TC-RS-BR-041 / P18-A-EMPTY")+('Kiểm thử'!$A$5:$A$573="TC-RS-BR-041 / P18-S-EMPTY")+('Kiểm thử'!$A$5:$A$573="TC-RS-BR-041 / reopen-summary")),--EXACT('Kiểm thử'!$F$5:$F$573,"Bị chặn"))>0,"Bị chặn",IF(SUMPRODUCT(--(('Kiểm thử'!$A$5:$A$573="TC-RS-BR-041 / A-P9")+('Kiểm thử'!$A$5:$A$573="TC-RS-BR-041 / A-P10")+('Kiểm thử'!$A$5:$A$573="TC-RS-BR-041 / A-P11")+('Kiểm thử'!$A$5:$A$573="TC-RS-BR-041 / A-P12")+('Kiểm thử'!$A$5:$A$573="TC-RS-BR-041 / A-P13")+('Kiểm thử'!$A$5:$A$573="TC-RS-BR-041 / A-P14")+('Kiểm thử'!$A$5:$A$573="TC-RS-BR-041 / A-P15")+('Kiểm thử'!$A$5:$A$573="TC-RS-BR-041 / A-P16")+('Kiểm thử'!$A$5:$A$573="TC-RS-BR-041 / RR-60")+('Kiểm thử'!$A$5:$A$573="TC-RS-BR-041 / RR-49.9")+('Kiểm thử'!$A$5:$A$573="TC-RS-BR-041 / RR-70")+('Kiểm thử'!$A$5:$A$573="TC-RS-BR-041 / AR-60-60")+('Kiểm thử'!$A$5:$A$573="TC-RS-BR-041 / AR-40-60")+('Kiểm thử'!$A$5:$A$573="TC-RS-BR-041 / AR-60-40")+('Kiểm thử'!$A$5:$A$573="TC-RS-BR-041 / FILTER-POS")+('Kiểm thử'!$A$5:$A$573="TC-RS-BR-041 / FILTER-GRADE-NEG")+('Kiểm thử'!$A$5:$A$573="TC-RS-BR-041 / FILTER-GROUP-NEG")+('Kiểm thử'!$A$5:$A$573="TC-RS-BR-041 / P17-A-NAN")+('Kiểm thử'!$A$5:$A$573="TC-RS-BR-041 / P19-A-INFINITY")+('Kiểm thử'!$A$5:$A$573="TC-RS-BR-041 / P18-A-EMPTY")+('Kiểm thử'!$A$5:$A$573="TC-RS-BR-041 / P18-S-EMPTY")+('Kiểm thử'!$A$5:$A$573="TC-RS-BR-041 / reopen-summary")),--EXACT('Kiểm thử'!$F$5:$F$573,"Chưa thực hiện"))=22,"Chưa thực hiện","Chưa đủ kết luận")))))
A55: TC-RS-BR-005 | B55: =IF(0>0,"Không đạt",IF(0=1,"Đạt",IF(SUMPRODUCT(--(('Kiểm thử'!$A$5:$A$573="TC-RS-BR-005 / Base")),--EXACT('Kiểm thử'!$F$5:$F$573,"Không thực hiện"))=1,"Không thực hiện",IF(SUMPRODUCT(--(('Kiểm thử'!$A$5:$A$573="TC-RS-BR-005 / Base")),--EXACT('Kiểm thử'!$F$5:$F$573,"Bị chặn"))>0,"Bị chặn",IF(SUMPRODUCT(--(('Kiểm thử'!$A$5:$A$573="TC-RS-BR-005 / Base")),--EXACT('Kiểm thử'!$F$5:$F$573,"Chưa thực hiện"))=1,"Chưa thực hiện","Chưa đủ kết luận")))))
A56: TC-RS-BR-029 | B56: =IF(0>0,"Không đạt",IF(0=1,"Đạt",IF(SUMPRODUCT(--(('Kiểm thử'!$A$5:$A$573="TC-RS-BR-029 / Base")),--EXACT('Kiểm thử'!$F$5:$F$573,"Không thực hiện"))=1,"Không thực hiện",IF(SUMPRODUCT(--(('Kiểm thử'!$A$5:$A$573="TC-RS-BR-029 / Base")),--EXACT('Kiểm thử'!$F$5:$F$573,"Bị chặn"))>0,"Bị chặn",IF(SUMPRODUCT(--(('Kiểm thử'!$A$5:$A$573="TC-RS-BR-029 / Base")),--EXACT('Kiểm thử'!$F$5:$F$573,"Chưa thực hiện"))=1,"Chưa thực hiện","Chưa đủ kết luận")))))
A57: TC-RS-BR-035 | B57: =IF(0>0,"Không đạt",IF(0=1,"Đạt",IF(SUMPRODUCT(--(('Kiểm thử'!$A$5:$A$573="TC-RS-BR-035 / Base")),--EXACT('Kiểm thử'!$F$5:$F$573,"Không thực hiện"))=1,"Không thực hiện",IF(SUMPRODUCT(--(('Kiểm thử'!$A$5:$A$573="TC-RS-BR-035 / Base")),--EXACT('Kiểm thử'!$F$5:$F$573,"Bị chặn"))>0,"Bị chặn",IF(SUMPRODUCT(--(('Kiểm thử'!$A$5:$A$573="TC-RS-BR-035 / Base")),--EXACT('Kiểm thử'!$F$5:$F$573,"Chưa thực hiện"))=1,"Chưa thực hiện","Chưa đủ kết luận")))))
A58: TC-RS-VAL-015 | B58: =IF(0>0,"Không đạt",IF(0=1,"Đạt",IF(SUMPRODUCT(--(('Kiểm thử'!$A$5:$A$573="TC-RS-VAL-015 / Base")),--EXACT('Kiểm thử'!$F$5:$F$573,"Không thực hiện"))=1,"Không thực hiện",IF(SUMPRODUCT(--(('Kiểm thử'!$A$5:$A$573="TC-RS-VAL-015 / Base")),--EXACT('Kiểm thử'!$F$5:$F$573,"Bị chặn"))>0,"Bị chặn",IF(SUMPRODUCT(--(('Kiểm thử'!$A$5:$A$573="TC-RS-VAL-015 / Base")),--EXACT('Kiểm thử'!$F$5:$F$573,"Chưa thực hiện"))=1,"Chưa thực hiện","Chưa đủ kết luận")))))
A59: TC-RS-VAL-022 | B59: =IF(0>0,"Không đạt",IF(0=9,"Đạt",IF(SUMPRODUCT(--(('Kiểm thử'!$A$5:$A$573="TC-RS-VAL-022 / avg-empty")+('Kiểm thử'!$A$5:$A$573="TC-RS-VAL-022 / avg-negative")+('Kiểm thử'!$A$5:$A$573="TC-RS-VAL-022 / avg101")+('Kiểm thử'!$A$5:$A$573="TC-RS-VAL-022 / avg605")+('Kiểm thử'!$A$5:$A$573="TC-RS-VAL-022 / avg-long")+('Kiểm thử'!$A$5:$A$573="TC-RS-VAL-022 / ratio-negative")+('Kiểm thử'!$A$5:$A$573="TC-RS-VAL-022 / ratio0")+('Kiểm thử'!$A$5:$A$573="TC-RS-VAL-022 / ratio100")+('Kiểm thử'!$A$5:$A$573="TC-RS-VAL-022 / ratio101")),--EXACT('Kiểm thử'!$F$5:$F$573,"Không thực hiện"))=9,"Không thực hiện",IF(SUMPRODUCT(--(('Kiểm thử'!$A$5:$A$573="TC-RS-VAL-022 / avg-empty")+('Kiểm thử'!$A$5:$A$573="TC-RS-VAL-022 / avg-negative")+('Kiểm thử'!$A$5:$A$573="TC-RS-VAL-022 / avg101")+('Kiểm thử'!$A$5:$A$573="TC-RS-VAL-022 / avg605")+('Kiểm thử'!$A$5:$A$573="TC-RS-VAL-022 / avg-long")+('Kiểm thử'!$A$5:$A$573="TC-RS-VAL-022 / ratio-negative")+('Kiểm thử'!$A$5:$A$573="TC-RS-VAL-022 / ratio0")+('Kiểm thử'!$A$5:$A$573="TC-RS-VAL-022 / ratio100")+('Kiểm thử'!$A$5:$A$573="TC-RS-VAL-022 / ratio101")),--EXACT('Kiểm thử'!$F$5:$F$573,"Bị chặn"))>0,"Bị chặn",IF(SUMPRODUCT(--(('Kiểm thử'!$A$5:$A$573="TC-RS-VAL-022 / avg-empty")+('Kiểm thử'!$A$5:$A$573="TC-RS-VAL-022 / avg-negative")+('Kiểm thử'!$A$5:$A$573="TC-RS-VAL-022 / avg101")+('Kiểm thử'!$A$5:$A$573="TC-RS-VAL-022 / avg605")+('Kiểm thử'!$A$5:$A$573="TC-RS-VAL-022 / avg-long")+('Kiểm thử'!$A$5:$A$573="TC-RS-VAL-022 / ratio-negative")+('Kiểm thử'!$A$5:$A$573="TC-RS-VAL-022 / ratio0")+('Kiểm thử'!$A$5:$A$573="TC-RS-VAL-022 / ratio100")+('Kiểm thử'!$A$5:$A$573="TC-RS-VAL-022 / ratio101")),--EXACT('Kiểm thử'!$F$5:$F$573,"Chưa thực hiện"))=9,"Chưa thực hiện","Chưa đủ kết luận")))))
A60: TC-RS-UI-008 | B60: =IF(0>0,"Không đạt",IF(0=1,"Đạt",IF(SUMPRODUCT(--(('Kiểm thử'!$A$5:$A$573="TC-RS-UI-008 / Base")),--EXACT('Kiểm thử'!$F$5:$F$573,"Không thực hiện"))=1,"Không thực hiện",IF(SUMPRODUCT(--(('Kiểm thử'!$A$5:$A$573="TC-RS-UI-008 / Base")),--EXACT('Kiểm thử'!$F$5:$F$573,"Bị chặn"))>0,"Bị chặn",IF(SUMPRODUCT(--(('Kiểm thử'!$A$5:$A$573="TC-RS-UI-008 / Base")),--EXACT('Kiểm thử'!$F$5:$F$573,"Chưa thực hiện"))=1,"Chưa thực hiện","Chưa đủ kết luận")))))
A61: TC-RS-UI-009 | B61: =IF(0>0,"Không đạt",IF(0=1,"Đạt",IF(SUMPRODUCT(--(('Kiểm thử'!$A$5:$A$573="TC-RS-UI-009 / Base")),--EXACT('Kiểm thử'!$F$5:$F$573,"Không thực hiện"))=1,"Không thực hiện",IF(SUMPRODUCT(--(('Kiểm thử'!$A$5:$A$573="TC-RS-UI-009 / Base")),--EXACT('Kiểm thử'!$F$5:$F$573,"Bị chặn"))>0,"Bị chặn",IF(SUMPRODUCT(--(('Kiểm thử'!$A$5:$A$573="TC-RS-UI-009 / Base")),--EXACT('Kiểm thử'!$F$5:$F$573,"Chưa thực hiện"))=1,"Chưa thực hiện","Chưa đủ kết luận")))))
A62: TC-RS-UI-010 | B62: =IF(0>0,"Không đạt",IF(0=1,"Đạt",IF(SUMPRODUCT(--(('Kiểm thử'!$A$5:$A$573="TC-RS-UI-010 / Base")),--EXACT('Kiểm thử'!$F$5:$F$573,"Không thực hiện"))=1,"Không thực hiện",IF(SUMPRODUCT(--(('Kiểm thử'!$A$5:$A$573="TC-RS-UI-010 / Base")),--EXACT('Kiểm thử'!$F$5:$F$573,"Bị chặn"))>0,"Bị chặn",IF(SUMPRODUCT(--(('Kiểm thử'!$A$5:$A$573="TC-RS-UI-010 / Base")),--EXACT('Kiểm thử'!$F$5:$F$573,"Chưa thực hiện"))=1,"Chưa thực hiện","Chưa đủ kết luận")))))
A63: TC-RS-FUNC-011 | B63: =IF(0>0,"Không đạt",IF(0=3,"Đạt",IF(SUMPRODUCT(--(('Kiểm thử'!$A$5:$A$573="TC-RS-FUNC-011 / fixed")+('Kiểm thử'!$A$5:$A$573="TC-RS-FUNC-011 / ratio")+('Kiểm thử'!$A$5:$A$573="TC-RS-FUNC-011 / formula")),--EXACT('Kiểm thử'!$F$5:$F$573,"Không thực hiện"))=3,"Không thực hiện",IF(SUMPRODUCT(--(('Kiểm thử'!$A$5:$A$573="TC-RS-FUNC-011 / fixed")+('Kiểm thử'!$A$5:$A$573="TC-RS-FUNC-011 / ratio")+('Kiểm thử'!$A$5:$A$573="TC-RS-FUNC-011 / formula")),--EXACT('Kiểm thử'!$F$5:$F$573,"Bị chặn"))>0,"Bị chặn",IF(SUMPRODUCT(--(('Kiểm thử'!$A$5:$A$573="TC-RS-FUNC-011 / fixed")+('Kiểm thử'!$A$5:$A$573="TC-RS-FUNC-011 / ratio")+('Kiểm thử'!$A$5:$A$573="TC-RS-FUNC-011 / formula")),--EXACT('Kiểm thử'!$F$5:$F$573,"Chưa thực hiện"))=3,"Chưa thực hiện","Chưa đủ kết luận")))))
A64: TC-RS-FUNC-013 | B64: =IF(0>0,"Không đạt",IF(0=2,"Đạt",IF(SUMPRODUCT(--(('Kiểm thử'!$A$5:$A$573="TC-RS-FUNC-013 / lt")+('Kiểm thử'!$A$5:$A$573="TC-RS-FUNC-013 / le")),--EXACT('Kiểm thử'!$F$5:$F$573,"Không thực hiện"))=2,"Không thực hiện",IF(SUMPRODUCT(--(('Kiểm thử'!$A$5:$A$573="TC-RS-FUNC-013 / lt")+('Kiểm thử'!$A$5:$A$573="TC-RS-FUNC-013 / le")),--EXACT('Kiểm thử'!$F$5:$F$573,"Bị chặn"))>0,"Bị chặn",IF(SUMPRODUCT(--(('Kiểm thử'!$A$5:$A$573="TC-RS-FUNC-013 / lt")+('Kiểm thử'!$A$5:$A$573="TC-RS-FUNC-013 / le")),--EXACT('Kiểm thử'!$F$5:$F$573,"Chưa thực hiện"))=2,"Chưa thực hiện","Chưa đủ kết luận")))))
A65: TC-RS-VAL-001 | B65: =IF(0>0,"Không đạt",IF(0=4,"Đạt",IF(SUMPRODUCT(--(('Kiểm thử'!$A$5:$A$573="TC-RS-VAL-001 / negative")+('Kiểm thử'!$A$5:$A$573="TC-RS-VAL-001 / zero")+('Kiểm thử'!$A$5:$A$573="TC-RS-VAL-001 / maximum")+('Kiểm thử'!$A$5:$A$573="TC-RS-VAL-001 / above")),--EXACT('Kiểm thử'!$F$5:$F$573,"Không thực hiện"))=4,"Không thực hiện",IF(SUMPRODUCT(--(('Kiểm thử'!$A$5:$A$573="TC-RS-VAL-001 / negative")+('Kiểm thử'!$A$5:$A$573="TC-RS-VAL-001 / zero")+('Kiểm thử'!$A$5:$A$573="TC-RS-VAL-001 / maximum")+('Kiểm thử'!$A$5:$A$573="TC-RS-VAL-001 / above")),--EXACT('Kiểm thử'!$F$5:$F$573,"Bị chặn"))>0,"Bị chặn",IF(SUMPRODUCT(--(('Kiểm thử'!$A$5:$A$573="TC-RS-VAL-001 / negative")+('Kiểm thử'!$A$5:$A$573="TC-RS-VAL-001 / zero")+('Kiểm thử'!$A$5:$A$573="TC-RS-VAL-001 / maximum")+('Kiểm thử'!$A$5:$A$573="TC-RS-VAL-001 / above")),--EXACT('Kiểm thử'!$F$5:$F$573,"Chưa thực hiện"))=4,"Chưa thực hiện","Chưa đủ kết luận")))))
A66: TC-RS-VAL-002 | B66: =IF(0>0,"Không đạt",IF(0=3,"Đạt",IF(SUMPRODUCT(--(('Kiểm thử'!$A$5:$A$573="TC-RS-VAL-002 / all30")+('Kiểm thử'!$A$5:$A$573="TC-RS-VAL-002 / all20")+('Kiểm thử'!$A$5:$A$573="TC-RS-VAL-002 / gb30")),--EXACT('Kiểm thử'!$F$5:$F$573,"Không thực hiện"))=3,"Không thực hiện",IF(SUMPRODUCT(--(('Kiểm thử'!$A$5:$A$573="TC-RS-VAL-002 / all30")+('Kiểm thử'!$A$5:$A$573="TC-RS-VAL-002 / all20")+('Kiểm thử'!$A$5:$A$573="TC-RS-VAL-002 / gb30")),--EXACT('Kiểm thử'!$F$5:$F$573,"Bị chặn"))>0,"Bị chặn",IF(SUMPRODUCT(--(('Kiểm thử'!$A$5:$A$573="TC-RS-VAL-002 / all30")+('Kiểm thử'!$A$5:$A$573="TC-RS-VAL-002 / all20")+('Kiểm thử'!$A$5:$A$573="TC-RS-VAL-002 / gb30")),--EXACT('Kiểm thử'!$F$5:$F$573,"Chưa thực hiện"))=3,"Chưa thực hiện","Chưa đủ kết luận")))))
A67: TC-RS-VAL-003 | B67: =IF(0>0,"Không đạt",IF(0=1,"Đạt",IF(SUMPRODUCT(--(('Kiểm thử'!$A$5:$A$573="TC-RS-VAL-003 / Base")),--EXACT('Kiểm thử'!$F$5:$F$573,"Không thực hiện"))=1,"Không thực hiện",IF(SUMPRODUCT(--(('Kiểm thử'!$A$5:$A$573="TC-RS-VAL-003 / Base")),--EXACT('Kiểm thử'!$F$5:$F$573,"Bị chặn"))>0,"Bị chặn",IF(SUMPRODUCT(--(('Kiểm thử'!$A$5:$A$573="TC-RS-VAL-003 / Base")),--EXACT('Kiểm thử'!$F$5:$F$573,"Chưa thực hiện"))=1,"Chưa thực hiện","Chưa đủ kết luận")))))
A68: TC-RS-VAL-004 | B68: =IF(0>0,"Không đạt",IF(0=8,"Đạt",IF(SUMPRODUCT(--(('Kiểm thử'!$A$5:$A$573="TC-RS-VAL-004 / fixed-empty")+('Kiểm thử'!$A$5:$A$573="TC-RS-VAL-004 / fixed-abc")+('Kiểm thử'!$A$5:$A$573="TC-RS-VAL-004 / fixed-3O")+('Kiểm thử'!$A$5:$A$573="TC-RS-VAL-004 / fixed-fullwidth")+('Kiểm thử'!$A$5:$A$573="TC-RS-VAL-004 / ratio-empty")+('Kiểm thử'!$A$5:$A$573="TC-RS-VAL-004 / ratio-abc")+('Kiểm thử'!$A$5:$A$573="TC-RS-VAL-004 / ratio-3O")+('Kiểm thử'!$A$5:$A$573="TC-RS-VAL-004 / ratio-fullwidth")),--EXACT('Kiểm thử'!$F$5:$F$573,"Không thực hiện"))=8,"Không thực hiện",IF(SUMPRODUCT(--(('Kiểm thử'!$A$5:$A$573="TC-RS-VAL-004 / fixed-empty")+('Kiểm thử'!$A$5:$A$573="TC-RS-VAL-004 / fixed-abc")+('Kiểm thử'!$A$5:$A$573="TC-RS-VAL-004 / fixed-3O")+('Kiểm thử'!$A$5:$A$573="TC-RS-VAL-004 / fixed-fullwidth")+('Kiểm thử'!$A$5:$A$573="TC-RS-VAL-004 / ratio-empty")+('Kiểm thử'!$A$5:$A$573="TC-RS-VAL-004 / ratio-abc")+('Kiểm thử'!$A$5:$A$573="TC-RS-VAL-004 / ratio-3O")+('Kiểm thử'!$A$5:$A$573="TC-RS-VAL-004 / ratio-fullwidth")),--EXACT('Kiểm thử'!$F$5:$F$573,"Bị chặn"))>0,"Bị chặn",IF(SUMPRODUCT(--(('Kiểm thử'!$A$5:$A$573="TC-RS-VAL-004 / fixed-empty")+('Kiểm thử'!$A$5:$A$573="TC-RS-VAL-004 / fixed-abc")+('Kiểm thử'!$A$5:$A$573="TC-RS-VAL-004 / fixed-3O")+('Kiểm thử'!$A$5:$A$573="TC-RS-VAL-004 / fixed-fullwidth")+('Kiểm thử'!$A$5:$A$573="TC-RS-VAL-004 / ratio-empty")+('Kiểm thử'!$A$5:$A$573="TC-RS-VAL-004 / ratio-abc")+('Kiểm thử'!$A$5:$A$573="TC-RS-VAL-004 / ratio-3O")+('Kiểm thử'!$A$5:$A$573="TC-RS-VAL-004 / ratio-fullwidth")),--EXACT('Kiểm thử'!$F$5:$F$573,"Chưa thực hiện"))=8,"Chưa thực hiện","Chưa đủ kết luận")))))
A69: TC-RS-VAL-005 | B69: =IF(0>0,"Không đạt",IF(0=4,"Đạt",IF(SUMPRODUCT(--(('Kiểm thử'!$A$5:$A$573="TC-RS-VAL-005 / d1")+('Kiểm thử'!$A$5:$A$573="TC-RS-VAL-005 / d2")+('Kiểm thử'!$A$5:$A$573="TC-RS-VAL-005 / d3")+('Kiểm thử'!$A$5:$A$573="TC-RS-VAL-005 / d4")),--EXACT('Kiểm thử'!$F$5:$F$573,"Không thực hiện"))=4,"Không thực hiện",IF(SUMPRODUCT(--(('Kiểm thử'!$A$5:$A$573="TC-RS-VAL-005 / d1")+('Kiểm thử'!$A$5:$A$573="TC-RS-VAL-005 / d2")+('Kiểm thử'!$A$5:$A$573="TC-RS-VAL-005 / d3")+('Kiểm thử'!$A$5:$A$573="TC-RS-VAL-005 / d4")),--EXACT('Kiểm thử'!$F$5:$F$573,"Bị chặn"))>0,"Bị chặn",IF(SUMPRODUCT(--(('Kiểm thử'!$A$5:$A$573="TC-RS-VAL-005 / d1")+('Kiểm thử'!$A$5:$A$573="TC-RS-VAL-005 / d2")+('Kiểm thử'!$A$5:$A$573="TC-RS-VAL-005 / d3")+('Kiểm thử'!$A$5:$A$573="TC-RS-VAL-005 / d4")),--EXACT('Kiểm thử'!$F$5:$F$573,"Chưa thực hiện"))=4,"Chưa thực hiện","Chưa đủ kết luận")))))
A70: TC-RS-CALC-001 | B70: =IF(0>0,"Không đạt",IF(0=2,"Đạt",IF(SUMPRODUCT(--(('Kiểm thử'!$A$5:$A$573="TC-RS-CALC-001 / lt")+('Kiểm thử'!$A$5:$A$573="TC-RS-CALC-001 / le")),--EXACT('Kiểm thử'!$F$5:$F$573,"Không thực hiện"))=2,"Không thực hiện",IF(SUMPRODUCT(--(('Kiểm thử'!$A$5:$A$573="TC-RS-CALC-001 / lt")+('Kiểm thử'!$A$5:$A$573="TC-RS-CALC-001 / le")),--EXACT('Kiểm thử'!$F$5:$F$573,"Bị chặn"))>0,"Bị chặn",IF(SUMPRODUCT(--(('Kiểm thử'!$A$5:$A$573="TC-RS-CALC-001 / lt")+('Kiểm thử'!$A$5:$A$573="TC-RS-CALC-001 / le")),--EXACT('Kiểm thử'!$F$5:$F$573,"Chưa thực hiện"))=2,"Chưa thực hiện","Chưa đủ kết luận")))))
A71: TC-RS-CALC-002 | B71: =IF(0>0,"Không đạt",IF(0=3,"Đạt",IF(SUMPRODUCT(--(('Kiểm thử'!$A$5:$A$573="TC-RS-CALC-002 / zero-lt")+('Kiểm thử'!$A$5:$A$573="TC-RS-CALC-002 / zero-le")+('Kiểm thử'!$A$5:$A$573="TC-RS-CALC-002 / thirty-lt")),--EXACT('Kiểm thử'!$F$5:$F$573,"Không thực hiện"))=3,"Không thực hiện",IF(SUMPRODUCT(--(('Kiểm thử'!$A$5:$A$573="TC-RS-CALC-002 / zero-lt")+('Kiểm thử'!$A$5:$A$573="TC-RS-CALC-002 / zero-le")+('Kiểm thử'!$A$5:$A$573="TC-RS-CALC-002 / thirty-lt")),--EXACT('Kiểm thử'!$F$5:$F$573,"Bị chặn"))>0,"Bị chặn",IF(SUMPRODUCT(--(('Kiểm thử'!$A$5:$A$573="TC-RS-CALC-002 / zero-lt")+('Kiểm thử'!$A$5:$A$573="TC-RS-CALC-002 / zero-le")+('Kiểm thử'!$A$5:$A$573="TC-RS-CALC-002 / thirty-lt")),--EXACT('Kiểm thử'!$F$5:$F$573,"Chưa thực hiện"))=3,"Chưa thực hiện","Chưa đủ kết luận")))))
A72: TC-RS-CALC-003 | B72: =IF(0>0,"Không đạt",IF(0=2,"Đạt",IF(SUMPRODUCT(--(('Kiểm thử'!$A$5:$A$573="TC-RS-CALC-003 / lt")+('Kiểm thử'!$A$5:$A$573="TC-RS-CALC-003 / le")),--EXACT('Kiểm thử'!$F$5:$F$573,"Không thực hiện"))=2,"Không thực hiện",IF(SUMPRODUCT(--(('Kiểm thử'!$A$5:$A$573="TC-RS-CALC-003 / lt")+('Kiểm thử'!$A$5:$A$573="TC-RS-CALC-003 / le")),--EXACT('Kiểm thử'!$F$5:$F$573,"Bị chặn"))>0,"Bị chặn",IF(SUMPRODUCT(--(('Kiểm thử'!$A$5:$A$573="TC-RS-CALC-003 / lt")+('Kiểm thử'!$A$5:$A$573="TC-RS-CALC-003 / le")),--EXACT('Kiểm thử'!$F$5:$F$573,"Chưa thực hiện"))=2,"Chưa thực hiện","Chưa đủ kết luận")))))
A73: TC-RS-CALC-004 | B73: =IF(0>0,"Không đạt",IF(0=1,"Đạt",IF(SUMPRODUCT(--(('Kiểm thử'!$A$5:$A$573="TC-RS-CALC-004 / Base")),--EXACT('Kiểm thử'!$F$5:$F$573,"Không thực hiện"))=1,"Không thực hiện",IF(SUMPRODUCT(--(('Kiểm thử'!$A$5:$A$573="TC-RS-CALC-004 / Base")),--EXACT('Kiểm thử'!$F$5:$F$573,"Bị chặn"))>0,"Bị chặn",IF(SUMPRODUCT(--(('Kiểm thử'!$A$5:$A$573="TC-RS-CALC-004 / Base")),--EXACT('Kiểm thử'!$F$5:$F$573,"Chưa thực hiện"))=1,"Chưa thực hiện","Chưa đủ kết luận")))))
A74: TC-RS-UI-011 | B74: =IF(0>0,"Không đạt",IF(0=2,"Đạt",IF(SUMPRODUCT(--(('Kiểm thử'!$A$5:$A$573="TC-RS-UI-011 / lt")+('Kiểm thử'!$A$5:$A$573="TC-RS-UI-011 / le")),--EXACT('Kiểm thử'!$F$5:$F$573,"Không thực hiện"))=2,"Không thực hiện",IF(SUMPRODUCT(--(('Kiểm thử'!$A$5:$A$573="TC-RS-UI-011 / lt")+('Kiểm thử'!$A$5:$A$573="TC-RS-UI-011 / le")),--EXACT('Kiểm thử'!$F$5:$F$573,"Bị chặn"))>0,"Bị chặn",IF(SUMPRODUCT(--(('Kiểm thử'!$A$5:$A$573="TC-RS-UI-011 / lt")+('Kiểm thử'!$A$5:$A$573="TC-RS-UI-011 / le")),--EXACT('Kiểm thử'!$F$5:$F$573,"Chưa thực hiện"))=2,"Chưa thực hiện","Chưa đủ kết luận")))))
A75: TC-RS-UI-012 | B75: =IF(0>0,"Không đạt",IF(0=1,"Đạt",IF(SUMPRODUCT(--(('Kiểm thử'!$A$5:$A$573="TC-RS-UI-012 / Base")),--EXACT('Kiểm thử'!$F$5:$F$573,"Không thực hiện"))=1,"Không thực hiện",IF(SUMPRODUCT(--(('Kiểm thử'!$A$5:$A$573="TC-RS-UI-012 / Base")),--EXACT('Kiểm thử'!$F$5:$F$573,"Bị chặn"))>0,"Bị chặn",IF(SUMPRODUCT(--(('Kiểm thử'!$A$5:$A$573="TC-RS-UI-012 / Base")),--EXACT('Kiểm thử'!$F$5:$F$573,"Chưa thực hiện"))=1,"Chưa thực hiện","Chưa đủ kết luận")))))
A76: TC-RS-UI-013 | B76: =IF(0>0,"Không đạt",IF(0=1,"Đạt",IF(SUMPRODUCT(--(('Kiểm thử'!$A$5:$A$573="TC-RS-UI-013 / Base")),--EXACT('Kiểm thử'!$F$5:$F$573,"Không thực hiện"))=1,"Không thực hiện",IF(SUMPRODUCT(--(('Kiểm thử'!$A$5:$A$573="TC-RS-UI-013 / Base")),--EXACT('Kiểm thử'!$F$5:$F$573,"Bị chặn"))>0,"Bị chặn",IF(SUMPRODUCT(--(('Kiểm thử'!$A$5:$A$573="TC-RS-UI-013 / Base")),--EXACT('Kiểm thử'!$F$5:$F$573,"Chưa thực hiện"))=1,"Chưa thực hiện","Chưa đủ kết luận")))))
A77: TC-RS-FUNC-012 | B77: =IF(0>0,"Không đạt",IF(0=1,"Đạt",IF(SUMPRODUCT(--(('Kiểm thử'!$A$5:$A$573="TC-RS-FUNC-012 / Base")),--EXACT('Kiểm thử'!$F$5:$F$573,"Không thực hiện"))=1,"Không thực hiện",IF(SUMPRODUCT(--(('Kiểm thử'!$A$5:$A$573="TC-RS-FUNC-012 / Base")),--EXACT('Kiểm thử'!$F$5:$F$573,"Bị chặn"))>0,"Bị chặn",IF(SUMPRODUCT(--(('Kiểm thử'!$A$5:$A$573="TC-RS-FUNC-012 / Base")),--EXACT('Kiểm thử'!$F$5:$F$573,"Chưa thực hiện"))=1,"Chưa thực hiện","Chưa đủ kết luận")))))
A78: TC-RS-VAL-008 | B78: =IF(0>0,"Không đạt",IF(0=1,"Đạt",IF(SUMPRODUCT(--(('Kiểm thử'!$A$5:$A$573="TC-RS-VAL-008 / Base")),--EXACT('Kiểm thử'!$F$5:$F$573,"Không thực hiện"))=1,"Không thực hiện",IF(SUMPRODUCT(--(('Kiểm thử'!$A$5:$A$573="TC-RS-VAL-008 / Base")),--EXACT('Kiểm thử'!$F$5:$F$573,"Bị chặn"))>0,"Bị chặn",IF(SUMPRODUCT(--(('Kiểm thử'!$A$5:$A$573="TC-RS-VAL-008 / Base")),--EXACT('Kiểm thử'!$F$5:$F$573,"Chưa thực hiện"))=1,"Chưa thực hiện","Chưa đủ kết luận")))))
A79: TC-RS-VAL-009 | B79: =IF(0>0,"Không đạt",IF(0=2,"Đạt",IF(SUMPRODUCT(--(('Kiểm thử'!$A$5:$A$573="TC-RS-VAL-009 / zero")+('Kiểm thử'!$A$5:$A$573="TC-RS-VAL-009 / decimal-zero")),--EXACT('Kiểm thử'!$F$5:$F$573,"Không thực hiện"))=2,"Không thực hiện",IF(SUMPRODUCT(--(('Kiểm thử'!$A$5:$A$573="TC-RS-VAL-009 / zero")+('Kiểm thử'!$A$5:$A$573="TC-RS-VAL-009 / decimal-zero")),--EXACT('Kiểm thử'!$F$5:$F$573,"Bị chặn"))>0,"Bị chặn",IF(SUMPRODUCT(--(('Kiểm thử'!$A$5:$A$573="TC-RS-VAL-009 / zero")+('Kiểm thử'!$A$5:$A$573="TC-RS-VAL-009 / decimal-zero")),--EXACT('Kiểm thử'!$F$5:$F$573,"Chưa thực hiện"))=2,"Chưa thực hiện","Chưa đủ kết luận")))))
A80: TC-RS-VAL-010 | B80: =IF(0>0,"Không đạt",IF(0=3,"Đạt",IF(SUMPRODUCT(--(('Kiểm thử'!$A$5:$A$573="TC-RS-VAL-010 / empty")+('Kiểm thử'!$A$5:$A$573="TC-RS-VAL-010 / text")+('Kiểm thử'!$A$5:$A$573="TC-RS-VAL-010 / operator")),--EXACT('Kiểm thử'!$F$5:$F$573,"Không thực hiện"))=3,"Không thực hiện",IF(SUMPRODUCT(--(('Kiểm thử'!$A$5:$A$573="TC-RS-VAL-010 / empty")+('Kiểm thử'!$A$5:$A$573="TC-RS-VAL-010 / text")+('Kiểm thử'!$A$5:$A$573="TC-RS-VAL-010 / operator")),--EXACT('Kiểm thử'!$F$5:$F$573,"Bị chặn"))>0,"Bị chặn",IF(SUMPRODUCT(--(('Kiểm thử'!$A$5:$A$573="TC-RS-VAL-010 / empty")+('Kiểm thử'!$A$5:$A$573="TC-RS-VAL-010 / text")+('Kiểm thử'!$A$5:$A$573="TC-RS-VAL-010 / operator")),--EXACT('Kiểm thử'!$F$5:$F$573,"Chưa thực hiện"))=3,"Chưa thực hiện","Chưa đủ kết luận")))))
A81: TC-RS-VAL-011 | B81: =IF(0>0,"Không đạt",IF(0=4,"Đạt",IF(SUMPRODUCT(--(('Kiểm thử'!$A$5:$A$573="TC-RS-VAL-011 / first")+('Kiểm thử'!$A$5:$A$573="TC-RS-VAL-011 / self")+('Kiểm thử'!$A$5:$A$573="TC-RS-VAL-011 / forward")+('Kiểm thử'!$A$5:$A$573="TC-RS-VAL-011 / backward")),--EXACT('Kiểm thử'!$F$5:$F$573,"Không thực hiện"))=4,"Không thực hiện",IF(SUMPRODUCT(--(('Kiểm thử'!$A$5:$A$573="TC-RS-VAL-011 / first")+('Kiểm thử'!$A$5:$A$573="TC-RS-VAL-011 / self")+('Kiểm thử'!$A$5:$A$573="TC-RS-VAL-011 / forward")+('Kiểm thử'!$A$5:$A$573="TC-RS-VAL-011 / backward")),--EXACT('Kiểm thử'!$F$5:$F$573,"Bị chặn"))>0,"Bị chặn",IF(SUMPRODUCT(--(('Kiểm thử'!$A$5:$A$573="TC-RS-VAL-011 / first")+('Kiểm thử'!$A$5:$A$573="TC-RS-VAL-011 / self")+('Kiểm thử'!$A$5:$A$573="TC-RS-VAL-011 / forward")+('Kiểm thử'!$A$5:$A$573="TC-RS-VAL-011 / backward")),--EXACT('Kiểm thử'!$F$5:$F$573,"Chưa thực hiện"))=4,"Chưa thực hiện","Chưa đủ kết luận")))))
A82: TC-RS-VAL-012 | B82: =IF(0>0,"Không đạt",IF(0=2,"Đạt",IF(SUMPRODUCT(--(('Kiểm thử'!$A$5:$A$573="TC-RS-VAL-012 / delete")+('Kiểm thử'!$A$5:$A$573="TC-RS-VAL-012 / reorder")),--EXACT('Kiểm thử'!$F$5:$F$573,"Không thực hiện"))=2,"Không thực hiện",IF(SUMPRODUCT(--(('Kiểm thử'!$A$5:$A$573="TC-RS-VAL-012 / delete")+('Kiểm thử'!$A$5:$A$573="TC-RS-VAL-012 / reorder")),--EXACT('Kiểm thử'!$F$5:$F$573,"Bị chặn"))>0,"Bị chặn",IF(SUMPRODUCT(--(('Kiểm thử'!$A$5:$A$573="TC-RS-VAL-012 / delete")+('Kiểm thử'!$A$5:$A$573="TC-RS-VAL-012 / reorder")),--EXACT('Kiểm thử'!$F$5:$F$573,"Chưa thực hiện"))=2,"Chưa thực hiện","Chưa đủ kết luận")))))
A83: TC-RS-VAL-013 | B83: =IF(0>0,"Không đạt",IF(0=3,"Đạt",IF(SUMPRODUCT(--(('Kiểm thử'!$A$5:$A$573="TC-RS-VAL-013 / times150")+('Kiểm thử'!$A$5:$A$573="TC-RS-VAL-013 / times05")+('Kiểm thử'!$A$5:$A$573="TC-RS-VAL-013 / minus150")),--EXACT('Kiểm thử'!$F$5:$F$573,"Không thực hiện"))=3,"Không thực hiện",IF(SUMPRODUCT(--(('Kiểm thử'!$A$5:$A$573="TC-RS-VAL-013 / times150")+('Kiểm thử'!$A$5:$A$573="TC-RS-VAL-013 / times05")+('Kiểm thử'!$A$5:$A$573="TC-RS-VAL-013 / minus150")),--EXACT('Kiểm thử'!$F$5:$F$573,"Bị chặn"))>0,"Bị chặn",IF(SUMPRODUCT(--(('Kiểm thử'!$A$5:$A$573="TC-RS-VAL-013 / times150")+('Kiểm thử'!$A$5:$A$573="TC-RS-VAL-013 / times05")+('Kiểm thử'!$A$5:$A$573="TC-RS-VAL-013 / minus150")),--EXACT('Kiểm thử'!$F$5:$F$573,"Chưa thực hiện"))=3,"Chưa thực hiện","Chưa đủ kết luận")))))
A84: TC-RS-VAL-019 | B84: =IF(0>0,"Không đạt",IF(0=7,"Đạt",IF(SUMPRODUCT(--(('Kiểm thử'!$A$5:$A$573="TC-RS-VAL-019 / fixed0-lt")+('Kiểm thử'!$A$5:$A$573="TC-RS-VAL-019 / fixed0-le")+('Kiểm thử'!$A$5:$A$573="TC-RS-VAL-019 / fixed100-lt")+('Kiểm thử'!$A$5:$A$573="TC-RS-VAL-019 / fixed100-le")+('Kiểm thử'!$A$5:$A$573="TC-RS-VAL-019 / ratio0")+('Kiểm thử'!$A$5:$A$573="TC-RS-VAL-019 / ratio100")+('Kiểm thử'!$A$5:$A$573="TC-RS-VAL-019 / ratio04")),--EXACT('Kiểm thử'!$F$5:$F$573,"Không thực hiện"))=7,"Không thực hiện",IF(SUMPRODUCT(--(('Kiểm thử'!$A$5:$A$573="TC-RS-VAL-019 / fixed0-lt")+('Kiểm thử'!$A$5:$A$573="TC-RS-VAL-019 / fixed0-le")+('Kiểm thử'!$A$5:$A$573="TC-RS-VAL-019 / fixed100-lt")+('Kiểm thử'!$A$5:$A$573="TC-RS-VAL-019 / fixed100-le")+('Kiểm thử'!$A$5:$A$573="TC-RS-VAL-019 / ratio0")+('Kiểm thử'!$A$5:$A$573="TC-RS-VAL-019 / ratio100")+('Kiểm thử'!$A$5:$A$573="TC-RS-VAL-019 / ratio04")),--EXACT('Kiểm thử'!$F$5:$F$573,"Bị chặn"))>0,"Bị chặn",IF(SUMPRODUCT(--(('Kiểm thử'!$A$5:$A$573="TC-RS-VAL-019 / fixed0-lt")+('Kiểm thử'!$A$5:$A$573="TC-RS-VAL-019 / fixed0-le")+('Kiểm thử'!$A$5:$A$573="TC-RS-VAL-019 / fixed100-lt")+('Kiểm thử'!$A$5:$A$573="TC-RS-VAL-019 / fixed100-le")+('Kiểm thử'!$A$5:$A$573="TC-RS-VAL-019 / ratio0")+('Kiểm thử'!$A$5:$A$573="TC-RS-VAL-019 / ratio100")+('Kiểm thử'!$A$5:$A$573="TC-RS-VAL-019 / ratio04")),--EXACT('Kiểm thử'!$F$5:$F$573,"Chưa thực hiện"))=7,"Chưa thực hiện","Chưa đủ kết luận")))))
A85: TC-RS-VAL-020 | B85: =IF(0>0,"Không đạt",IF(0=2,"Đạt",IF(SUMPRODUCT(--(('Kiểm thử'!$A$5:$A$573="TC-RS-VAL-020 / minus20")+('Kiểm thử'!$A$5:$A$573="TC-RS-VAL-020 / times3")),--EXACT('Kiểm thử'!$F$5:$F$573,"Không thực hiện"))=2,"Không thực hiện",IF(SUMPRODUCT(--(('Kiểm thử'!$A$5:$A$573="TC-RS-VAL-020 / minus20")+('Kiểm thử'!$A$5:$A$573="TC-RS-VAL-020 / times3")),--EXACT('Kiểm thử'!$F$5:$F$573,"Bị chặn"))>0,"Bị chặn",IF(SUMPRODUCT(--(('Kiểm thử'!$A$5:$A$573="TC-RS-VAL-020 / minus20")+('Kiểm thử'!$A$5:$A$573="TC-RS-VAL-020 / times3")),--EXACT('Kiểm thử'!$F$5:$F$573,"Chưa thực hiện"))=2,"Chưa thực hiện","Chưa đủ kết luận")))))
A86: TC-RS-VAL-021 | B86: =IF(0>0,"Không đạt",IF(0=1,"Đạt",IF(SUMPRODUCT(--(('Kiểm thử'!$A$5:$A$573="TC-RS-VAL-021 / Base")),--EXACT('Kiểm thử'!$F$5:$F$573,"Không thực hiện"))=1,"Không thực hiện",IF(SUMPRODUCT(--(('Kiểm thử'!$A$5:$A$573="TC-RS-VAL-021 / Base")),--EXACT('Kiểm thử'!$F$5:$F$573,"Bị chặn"))>0,"Bị chặn",IF(SUMPRODUCT(--(('Kiểm thử'!$A$5:$A$573="TC-RS-VAL-021 / Base")),--EXACT('Kiểm thử'!$F$5:$F$573,"Chưa thực hiện"))=1,"Chưa thực hiện","Chưa đủ kết luận")))))
A87: TC-RS-VAL-023 | B87: =IF(0>0,"Không đạt",IF(0=5,"Đạt",IF(SUMPRODUCT(--(('Kiểm thử'!$A$5:$A$573="TC-RS-VAL-023 / lines20")+('Kiểm thử'!$A$5:$A$573="TC-RS-VAL-023 / lines21")+('Kiểm thử'!$A$5:$A$573="TC-RS-VAL-023 / constant")+('Kiểm thử'!$A$5:$A$573="TC-RS-VAL-023 / integer-overflow")+('Kiểm thử'!$A$5:$A$573="TC-RS-VAL-023 / fraction-overflow")),--EXACT('Kiểm thử'!$F$5:$F$573,"Không thực hiện"))=5,"Không thực hiện",IF(SUMPRODUCT(--(('Kiểm thử'!$A$5:$A$573="TC-RS-VAL-023 / lines20")+('Kiểm thử'!$A$5:$A$573="TC-RS-VAL-023 / lines21")+('Kiểm thử'!$A$5:$A$573="TC-RS-VAL-023 / constant")+('Kiểm thử'!$A$5:$A$573="TC-RS-VAL-023 / integer-overflow")+('Kiểm thử'!$A$5:$A$573="TC-RS-VAL-023 / fraction-overflow")),--EXACT('Kiểm thử'!$F$5:$F$573,"Bị chặn"))>0,"Bị chặn",IF(SUMPRODUCT(--(('Kiểm thử'!$A$5:$A$573="TC-RS-VAL-023 / lines20")+('Kiểm thử'!$A$5:$A$573="TC-RS-VAL-023 / lines21")+('Kiểm thử'!$A$5:$A$573="TC-RS-VAL-023 / constant")+('Kiểm thử'!$A$5:$A$573="TC-RS-VAL-023 / integer-overflow")+('Kiểm thử'!$A$5:$A$573="TC-RS-VAL-023 / fraction-overflow")),--EXACT('Kiểm thử'!$F$5:$F$573,"Chưa thực hiện"))=5,"Chưa thực hiện","Chưa đủ kết luận")))))
A88: TC-RS-CALC-013 | B88: =IF(0>0,"Không đạt",IF(0=3,"Đạt",IF(SUMPRODUCT(--(('Kiểm thử'!$A$5:$A$573="TC-RS-CALC-013 / multiply")+('Kiểm thử'!$A$5:$A$573="TC-RS-CALC-013 / subtract")+('Kiểm thử'!$A$5:$A$573="TC-RS-CALC-013 / add")),--EXACT('Kiểm thử'!$F$5:$F$573,"Không thực hiện"))=3,"Không thực hiện",IF(SUMPRODUCT(--(('Kiểm thử'!$A$5:$A$573="TC-RS-CALC-013 / multiply")+('Kiểm thử'!$A$5:$A$573="TC-RS-CALC-013 / subtract")+('Kiểm thử'!$A$5:$A$573="TC-RS-CALC-013 / add")),--EXACT('Kiểm thử'!$F$5:$F$573,"Bị chặn"))>0,"Bị chặn",IF(SUMPRODUCT(--(('Kiểm thử'!$A$5:$A$573="TC-RS-CALC-013 / multiply")+('Kiểm thử'!$A$5:$A$573="TC-RS-CALC-013 / subtract")+('Kiểm thử'!$A$5:$A$573="TC-RS-CALC-013 / add")),--EXACT('Kiểm thử'!$F$5:$F$573,"Chưa thực hiện"))=3,"Chưa thực hiện","Chưa đủ kết luận")))))
A89: TC-RS-CALC-014 | B89: =IF(0>0,"Không đạt",IF(0=1,"Đạt",IF(SUMPRODUCT(--(('Kiểm thử'!$A$5:$A$573="TC-RS-CALC-014 / Base")),--EXACT('Kiểm thử'!$F$5:$F$573,"Không thực hiện"))=1,"Không thực hiện",IF(SUMPRODUCT(--(('Kiểm thử'!$A$5:$A$573="TC-RS-CALC-014 / Base")),--EXACT('Kiểm thử'!$F$5:$F$573,"Bị chặn"))>0,"Bị chặn",IF(SUMPRODUCT(--(('Kiểm thử'!$A$5:$A$573="TC-RS-CALC-014 / Base")),--EXACT('Kiểm thử'!$F$5:$F$573,"Chưa thực hiện"))=1,"Chưa thực hiện","Chưa đủ kết luận")))))
A90: TC-RS-CALC-015 | B90: =IF(0>0,"Không đạt",IF(0=3,"Đạt",IF(SUMPRODUCT(--(('Kiểm thử'!$A$5:$A$573="TC-RS-CALC-015 / less-than")+('Kiểm thử'!$A$5:$A$573="TC-RS-CALC-015 / less-or-equal")+('Kiểm thử'!$A$5:$A$573="TC-RS-CALC-015 / reopen-summary")),--EXACT('Kiểm thử'!$F$5:$F$573,"Không thực hiện"))=3,"Không thực hiện",IF(SUMPRODUCT(--(('Kiểm thử'!$A$5:$A$573="TC-RS-CALC-015 / less-than")+('Kiểm thử'!$A$5:$A$573="TC-RS-CALC-015 / less-or-equal")+('Kiểm thử'!$A$5:$A$573="TC-RS-CALC-015 / reopen-summary")),--EXACT('Kiểm thử'!$F$5:$F$573,"Bị chặn"))>0,"Bị chặn",IF(SUMPRODUCT(--(('Kiểm thử'!$A$5:$A$573="TC-RS-CALC-015 / less-than")+('Kiểm thử'!$A$5:$A$573="TC-RS-CALC-015 / less-or-equal")+('Kiểm thử'!$A$5:$A$573="TC-RS-CALC-015 / reopen-summary")),--EXACT('Kiểm thử'!$F$5:$F$573,"Chưa thực hiện"))=3,"Chưa thực hiện","Chưa đủ kết luận")))))
A91: TC-RS-CALC-016 | B91: =IF(0>0,"Không đạt",IF(0=4,"Đạt",IF(SUMPRODUCT(--(('Kiểm thử'!$A$5:$A$573="TC-RS-CALC-016 / zero-lt")+('Kiểm thử'!$A$5:$A$573="TC-RS-CALC-016 / zero-le")+('Kiểm thử'!$A$5:$A$573="TC-RS-CALC-016 / negative-lt")+('Kiểm thử'!$A$5:$A$573="TC-RS-CALC-016 / negative-le")),--EXACT('Kiểm thử'!$F$5:$F$573,"Không thực hiện"))=4,"Không thực hiện",IF(SUMPRODUCT(--(('Kiểm thử'!$A$5:$A$573="TC-RS-CALC-016 / zero-lt")+('Kiểm thử'!$A$5:$A$573="TC-RS-CALC-016 / zero-le")+('Kiểm thử'!$A$5:$A$573="TC-RS-CALC-016 / negative-lt")+('Kiểm thử'!$A$5:$A$573="TC-RS-CALC-016 / negative-le")),--EXACT('Kiểm thử'!$F$5:$F$573,"Bị chặn"))>0,"Bị chặn",IF(SUMPRODUCT(--(('Kiểm thử'!$A$5:$A$573="TC-RS-CALC-016 / zero-lt")+('Kiểm thử'!$A$5:$A$573="TC-RS-CALC-016 / zero-le")+('Kiểm thử'!$A$5:$A$573="TC-RS-CALC-016 / negative-lt")+('Kiểm thử'!$A$5:$A$573="TC-RS-CALC-016 / negative-le")),--EXACT('Kiểm thử'!$F$5:$F$573,"Chưa thực hiện"))=4,"Chưa thực hiện","Chưa đủ kết luận")))))
A92: TC-RS-CALC-017 | B92: =IF(0>0,"Không đạt",IF(0=1,"Đạt",IF(SUMPRODUCT(--(('Kiểm thử'!$A$5:$A$573="TC-RS-CALC-017 / Base")),--EXACT('Kiểm thử'!$F$5:$F$573,"Không thực hiện"))=1,"Không thực hiện",IF(SUMPRODUCT(--(('Kiểm thử'!$A$5:$A$573="TC-RS-CALC-017 / Base")),--EXACT('Kiểm thử'!$F$5:$F$573,"Bị chặn"))>0,"Bị chặn",IF(SUMPRODUCT(--(('Kiểm thử'!$A$5:$A$573="TC-RS-CALC-017 / Base")),--EXACT('Kiểm thử'!$F$5:$F$573,"Chưa thực hiện"))=1,"Chưa thực hiện","Chưa đủ kết luận")))))
A93: TC-RS-CALC-018 | B93: =IF(0>0,"Không đạt",IF(0=1,"Đạt",IF(SUMPRODUCT(--(('Kiểm thử'!$A$5:$A$573="TC-RS-CALC-018 / Base")),--EXACT('Kiểm thử'!$F$5:$F$573,"Không thực hiện"))=1,"Không thực hiện",IF(SUMPRODUCT(--(('Kiểm thử'!$A$5:$A$573="TC-RS-CALC-018 / Base")),--EXACT('Kiểm thử'!$F$5:$F$573,"Bị chặn"))>0,"Bị chặn",IF(SUMPRODUCT(--(('Kiểm thử'!$A$5:$A$573="TC-RS-CALC-018 / Base")),--EXACT('Kiểm thử'!$F$5:$F$573,"Chưa thực hiện"))=1,"Chưa thực hiện","Chưa đủ kết luận")))))
A94: TC-RS-CALC-019 | B94: =IF(0>0,"Không đạt",IF(0=15,"Đạt",IF(SUMPRODUCT(--(('Kiểm thử'!$A$5:$A$573="TC-RS-CALC-019 / positive-none")+('Kiểm thử'!$A$5:$A$573="TC-RS-CALC-019 / positive-down")+('Kiểm thử'!$A$5:$A$573="TC-RS-CALC-019 / positive-nearest")+('Kiểm thử'!$A$5:$A$573="TC-RS-CALC-019 / negative-up")+('Kiểm thử'!$A$5:$A$573="TC-RS-CALC-019 / negative-down")+('Kiểm thử'!$A$5:$A$573="TC-RS-CALC-019 / negative-nearest")+('Kiểm thử'!$A$5:$A$573="TC-RS-CALC-019 / half-positive")+('Kiểm thử'!$A$5:$A$573="TC-RS-CALC-019 / half-negative")+('Kiểm thử'!$A$5:$A$573="TC-RS-CALC-019 / half-up")+('Kiểm thử'!$A$5:$A$573="TC-RS-CALC-019 / half-down")+('Kiểm thử'!$A$5:$A$573="TC-RS-CALC-019 / decimal-nearest")+('Kiểm thử'!$A$5:$A$573="TC-RS-CALC-019 / decimal-up")+('Kiểm thử'!$A$5:$A$573="TC-RS-CALC-019 / p3")+('Kiểm thử'!$A$5:$A$573="TC-RS-CALC-019 / p9-nearest")+('Kiểm thử'!$A$5:$A$573="TC-RS-CALC-019 / p9-down")),--EXACT('Kiểm thử'!$F$5:$F$573,"Không thực hiện"))=15,"Không thực hiện",IF(SUMPRODUCT(--(('Kiểm thử'!$A$5:$A$573="TC-RS-CALC-019 / positive-none")+('Kiểm thử'!$A$5:$A$573="TC-RS-CALC-019 / positive-down")+('Kiểm thử'!$A$5:$A$573="TC-RS-CALC-019 / positive-nearest")+('Kiểm thử'!$A$5:$A$573="TC-RS-CALC-019 / negative-up")+('Kiểm thử'!$A$5:$A$573="TC-RS-CALC-019 / negative-down")+('Kiểm thử'!$A$5:$A$573="TC-RS-CALC-019 / negative-nearest")+('Kiểm thử'!$A$5:$A$573="TC-RS-CALC-019 / half-positive")+('Kiểm thử'!$A$5:$A$573="TC-RS-CALC-019 / half-negative")+('Kiểm thử'!$A$5:$A$573="TC-RS-CALC-019 / half-up")+('Kiểm thử'!$A$5:$A$573="TC-RS-CALC-019 / half-down")+('Kiểm thử'!$A$5:$A$573="TC-RS-CALC-019 / decimal-nearest")+('Kiểm thử'!$A$5:$A$573="TC-RS-CALC-019 / decimal-up")+('Kiểm thử'!$A$5:$A$573="TC-RS-CALC-019 / p3")+('Kiểm thử'!$A$5:$A$573="TC-RS-CALC-019 / p9-nearest")+('Kiểm thử'!$A$5:$A$573="TC-RS-CALC-019 / p9-down")),--EXACT('Kiểm thử'!$F$5:$F$573,"Bị chặn"))>0,"Bị chặn",IF(SUMPRODUCT(--(('Kiểm thử'!$A$5:$A$573="TC-RS-CALC-019 / positive-none")+('Kiểm thử'!$A$5:$A$573="TC-RS-CALC-019 / positive-down")+('Kiểm thử'!$A$5:$A$573="TC-RS-CALC-019 / positive-nearest")+('Kiểm thử'!$A$5:$A$573="TC-RS-CALC-019 / negative-up")+('Kiểm thử'!$A$5:$A$573="TC-RS-CALC-019 / negative-down")+('Kiểm thử'!$A$5:$A$573="TC-RS-CALC-019 / negative-nearest")+('Kiểm thử'!$A$5:$A$573="TC-RS-CALC-019 / half-positive")+('Kiểm thử'!$A$5:$A$573="TC-RS-CALC-019 / half-negative")+('Kiểm thử'!$A$5:$A$573="TC-RS-CALC-019 / half-up")+('Kiểm thử'!$A$5:$A$573="TC-RS-CALC-019 / half-down")+('Kiểm thử'!$A$5:$A$573="TC-RS-CALC-019 / decimal-nearest")+('Kiểm thử'!$A$5:$A$573="TC-RS-CALC-019 / decimal-up")+('Kiểm thử'!$A$5:$A$573="TC-RS-CALC-019 / p3")+('Kiểm thử'!$A$5:$A$573="TC-RS-CALC-019 / p9-nearest")+('Kiểm thử'!$A$5:$A$573="TC-RS-CALC-019 / p9-down")),--EXACT('Kiểm thử'!$F$5:$F$573,"Chưa thực hiện"))=15,"Chưa thực hiện","Chưa đủ kết luận")))))
A95: TC-RS-CALC-020 | B95: =IF(0>0,"Không đạt",IF(0=2,"Đạt",IF(SUMPRODUCT(--(('Kiểm thử'!$A$5:$A$573="TC-RS-CALC-020 / down")+('Kiểm thử'!$A$5:$A$573="TC-RS-CALC-020 / nearest")),--EXACT('Kiểm thử'!$F$5:$F$573,"Không thực hiện"))=2,"Không thực hiện",IF(SUMPRODUCT(--(('Kiểm thử'!$A$5:$A$573="TC-RS-CALC-020 / down")+('Kiểm thử'!$A$5:$A$573="TC-RS-CALC-020 / nearest")),--EXACT('Kiểm thử'!$F$5:$F$573,"Bị chặn"))>0,"Bị chặn",IF(SUMPRODUCT(--(('Kiểm thử'!$A$5:$A$573="TC-RS-CALC-020 / down")+('Kiểm thử'!$A$5:$A$573="TC-RS-CALC-020 / nearest")),--EXACT('Kiểm thử'!$F$5:$F$573,"Chưa thực hiện"))=2,"Chưa thực hiện","Chưa đủ kết luận")))))
A96: TC-RS-CALC-021 | B96: =IF(0>0,"Không đạt",IF(0=3,"Đạt",IF(SUMPRODUCT(--(('Kiểm thử'!$A$5:$A$573="TC-RS-CALC-021 / a0")+('Kiểm thử'!$A$5:$A$573="TC-RS-CALC-021 / a4")+('Kiểm thử'!$A$5:$A$573="TC-RS-CALC-021 / a3")),--EXACT('Kiểm thử'!$F$5:$F$573,"Không thực hiện"))=3,"Không thực hiện",IF(SUMPRODUCT(--(('Kiểm thử'!$A$5:$A$573="TC-RS-CALC-021 / a0")+('Kiểm thử'!$A$5:$A$573="TC-RS-CALC-021 / a4")+('Kiểm thử'!$A$5:$A$573="TC-RS-CALC-021 / a3")),--EXACT('Kiểm thử'!$F$5:$F$573,"Bị chặn"))>0,"Bị chặn",IF(SUMPRODUCT(--(('Kiểm thử'!$A$5:$A$573="TC-RS-CALC-021 / a0")+('Kiểm thử'!$A$5:$A$573="TC-RS-CALC-021 / a4")+('Kiểm thử'!$A$5:$A$573="TC-RS-CALC-021 / a3")),--EXACT('Kiểm thử'!$F$5:$F$573,"Chưa thực hiện"))=3,"Chưa thực hiện","Chưa đủ kết luận")))))
A97: TC-RS-CALC-028 | B97: =IF(0>0,"Không đạt",IF(0=4,"Đạt",IF(SUMPRODUCT(--(('Kiểm thử'!$A$5:$A$573="TC-RS-CALC-028 / multiply-lt")+('Kiểm thử'!$A$5:$A$573="TC-RS-CALC-028 / multiply-le")+('Kiểm thử'!$A$5:$A$573="TC-RS-CALC-028 / add-lt")+('Kiểm thử'!$A$5:$A$573="TC-RS-CALC-028 / add-le")),--EXACT('Kiểm thử'!$F$5:$F$573,"Không thực hiện"))=4,"Không thực hiện",IF(SUMPRODUCT(--(('Kiểm thử'!$A$5:$A$573="TC-RS-CALC-028 / multiply-lt")+('Kiểm thử'!$A$5:$A$573="TC-RS-CALC-028 / multiply-le")+('Kiểm thử'!$A$5:$A$573="TC-RS-CALC-028 / add-lt")+('Kiểm thử'!$A$5:$A$573="TC-RS-CALC-028 / add-le")),--EXACT('Kiểm thử'!$F$5:$F$573,"Bị chặn"))>0,"Bị chặn",IF(SUMPRODUCT(--(('Kiểm thử'!$A$5:$A$573="TC-RS-CALC-028 / multiply-lt")+('Kiểm thử'!$A$5:$A$573="TC-RS-CALC-028 / multiply-le")+('Kiểm thử'!$A$5:$A$573="TC-RS-CALC-028 / add-lt")+('Kiểm thử'!$A$5:$A$573="TC-RS-CALC-028 / add-le")),--EXACT('Kiểm thử'!$F$5:$F$573,"Chưa thực hiện"))=4,"Chưa thực hiện","Chưa đủ kết luận")))))
A98: TC-RS-CALC-029 | B98: =IF(0>0,"Không đạt",IF(0=3,"Đạt",IF(SUMPRODUCT(--(('Kiểm thử'!$A$5:$A$573="TC-RS-CALC-029 / constant")+('Kiểm thử'!$A$5:$A$573="TC-RS-CALC-029 / divisor")+('Kiểm thử'!$A$5:$A$573="TC-RS-CALC-029 / overflow")),--EXACT('Kiểm thử'!$F$5:$F$573,"Không thực hiện"))=3,"Không thực hiện",IF(SUMPRODUCT(--(('Kiểm thử'!$A$5:$A$573="TC-RS-CALC-029 / constant")+('Kiểm thử'!$A$5:$A$573="TC-RS-CALC-029 / divisor")+('Kiểm thử'!$A$5:$A$573="TC-RS-CALC-029 / overflow")),--EXACT('Kiểm thử'!$F$5:$F$573,"Bị chặn"))>0,"Bị chặn",IF(SUMPRODUCT(--(('Kiểm thử'!$A$5:$A$573="TC-RS-CALC-029 / constant")+('Kiểm thử'!$A$5:$A$573="TC-RS-CALC-029 / divisor")+('Kiểm thử'!$A$5:$A$573="TC-RS-CALC-029 / overflow")),--EXACT('Kiểm thử'!$F$5:$F$573,"Chưa thực hiện"))=3,"Chưa thực hiện","Chưa đủ kết luận")))))
A99: TC-RS-CALC-030 | B99: =IF(0>0,"Không đạt",IF(0=2,"Đạt",IF(SUMPRODUCT(--(('Kiểm thử'!$A$5:$A$573="TC-RS-CALC-030 / lt")+('Kiểm thử'!$A$5:$A$573="TC-RS-CALC-030 / le")),--EXACT('Kiểm thử'!$F$5:$F$573,"Không thực hiện"))=2,"Không thực hiện",IF(SUMPRODUCT(--(('Kiểm thử'!$A$5:$A$573="TC-RS-CALC-030 / lt")+('Kiểm thử'!$A$5:$A$573="TC-RS-CALC-030 / le")),--EXACT('Kiểm thử'!$F$5:$F$573,"Bị chặn"))>0,"Bị chặn",IF(SUMPRODUCT(--(('Kiểm thử'!$A$5:$A$573="TC-RS-CALC-030 / lt")+('Kiểm thử'!$A$5:$A$573="TC-RS-CALC-030 / le")),--EXACT('Kiểm thử'!$F$5:$F$573,"Chưa thực hiện"))=2,"Chưa thực hiện","Chưa đủ kết luận")))))
A100: TC-RS-UI-015 | B100: =IF(0>0,"Không đạt",IF(0=1,"Đạt",IF(SUMPRODUCT(--(('Kiểm thử'!$A$5:$A$573="TC-RS-UI-015 / Base")),--EXACT('Kiểm thử'!$F$5:$F$573,"Không thực hiện"))=1,"Không thực hiện",IF(SUMPRODUCT(--(('Kiểm thử'!$A$5:$A$573="TC-RS-UI-015 / Base")),--EXACT('Kiểm thử'!$F$5:$F$573,"Bị chặn"))>0,"Bị chặn",IF(SUMPRODUCT(--(('Kiểm thử'!$A$5:$A$573="TC-RS-UI-015 / Base")),--EXACT('Kiểm thử'!$F$5:$F$573,"Chưa thực hiện"))=1,"Chưa thực hiện","Chưa đủ kết luận")))))
A101: TC-RS-UI-016 | B101: =IF(0>0,"Không đạt",IF(0=1,"Đạt",IF(SUMPRODUCT(--(('Kiểm thử'!$A$5:$A$573="TC-RS-UI-016 / Base")),--EXACT('Kiểm thử'!$F$5:$F$573,"Không thực hiện"))=1,"Không thực hiện",IF(SUMPRODUCT(--(('Kiểm thử'!$A$5:$A$573="TC-RS-UI-016 / Base")),--EXACT('Kiểm thử'!$F$5:$F$573,"Bị chặn"))>0,"Bị chặn",IF(SUMPRODUCT(--(('Kiểm thử'!$A$5:$A$573="TC-RS-UI-016 / Base")),--EXACT('Kiểm thử'!$F$5:$F$573,"Chưa thực hiện"))=1,"Chưa thực hiện","Chưa đủ kết luận")))))
A102: TC-RS-UI-017 | B102: =IF(0>0,"Không đạt",IF(0=2,"Đạt",IF(SUMPRODUCT(--(('Kiểm thử'!$A$5:$A$573="TC-RS-UI-017 / maximum")+('Kiểm thử'!$A$5:$A$573="TC-RS-UI-017 / divide-zero")),--EXACT('Kiểm thử'!$F$5:$F$573,"Không thực hiện"))=2,"Không thực hiện",IF(SUMPRODUCT(--(('Kiểm thử'!$A$5:$A$573="TC-RS-UI-017 / maximum")+('Kiểm thử'!$A$5:$A$573="TC-RS-UI-017 / divide-zero")),--EXACT('Kiểm thử'!$F$5:$F$573,"Bị chặn"))>0,"Bị chặn",IF(SUMPRODUCT(--(('Kiểm thử'!$A$5:$A$573="TC-RS-UI-017 / maximum")+('Kiểm thử'!$A$5:$A$573="TC-RS-UI-017 / divide-zero")),--EXACT('Kiểm thử'!$F$5:$F$573,"Chưa thực hiện"))=2,"Chưa thực hiện","Chưa đủ kết luận")))))
...

Sheet Kiểm thử
A1: Kiểm thử
A3: Nhập kết quả thực tế và trạng thái; dòng đầu ô Bằng chứng / lỗi ghi URL HTTPS, các dòng sau ghi lý do và bước tiếp theo khi chưa đạt. Mục ngoài phạm vi chọn Không thực hiện; chỉ phán định Đạt/Không đạt có kỳ vọng đã xác nhận, điều kiện sẵn sàng và dữ liệu nhập đủ mới được tính. Phần trích chỉ để đọc lướt; mở ô có Xem chi tiết để đọc đầy đủ trước khi chạy.
A4: Mã kiểm thử | B4: Màn hình / chức năng | C4: Điều kiện / thao tác | D4: Kết quả mong đợi | E4: Kết quả thực tế | F4: Trạng thái | G4: Bằng chứng / lỗi
A5: TC-RS-FUNC-001 / integer | B5: Thiết lập điểm đỏ（赤点設定） Hàng Thiết lập điểm đỏ（赤点設定） xuất hiện trong Thiết lập ô nhập（入力欄設定） cho mục… Xem chi tiết | C5: Chuẩn bị: Đang chuẩn bị Kỳ vọng: Đề xuất Dữ liệu (trích): Mục số nguyên Thao tác (trích): 1. Mở Thiết lập nhập điểm（成績入力設定）→ Thiết lập ô nhập（入力欄設定） của kỳ 1学期期末 (cuối kỳ học kỳ 1).… Xem chi tiết | D5: Kỳ vọng: Đề xuất 1. Theo Figma MW, hàng Thiết lập điểm đỏ（赤点設定） được đặt giữa hàng Tính tự động（自動計算） và hàng Thiết lập ẩn mục nhập（入力項目の非表示設定）. Đây là oracle UI PROPOSED; nếu bố cục khác, ghi… Xem chi tiết | F5: Chưa thực hiện
A6: TC-RS-FUNC-001 / decimal | B6: Thiết lập điểm đỏ（赤点設定） Hàng Thiết lập điểm đỏ（赤点設定） xuất hiện trong Thiết lập ô nhập（入力欄設定） cho mục… Xem chi tiết | C6: Chuẩn bị: Đang chuẩn bị Kỳ vọng: Đề xuất Dữ liệu (trích): Mục thập phân Thao tác (trích): 1. Mở Thiết lập nhập điểm（成績入力設定）→ Thiết lập ô nhập（入力欄設定） của kỳ 1学期期末 (cuối kỳ học kỳ 1).… Xem chi tiết | D6: Kỳ vọng: Đề xuất 1. Theo Figma MW, hàng Thiết lập điểm đỏ（赤点設定） được đặt giữa hàng Tính tự động（自動計算） và hàng Thiết lập ẩn mục nhập（入力項目の非表示設定）. Đây là oracle UI PROPOSED; nếu bố cục khác, ghi… Xem chi tiết | F6: Chưa thực hiện
A7: TC-RS-FUNC-001 / unit | B7: Thiết lập điểm đỏ（赤点設定） Hàng Thiết lập điểm đỏ（赤点設定） xuất hiện trong Thiết lập ô nhập（入力欄設定） cho mục… Xem chi tiết | C7: Chuẩn bị: Đang chuẩn bị Kỳ vọng: Đề xuất Dữ liệu (trích): Mục đơn vị Thao tác (trích): 1. Mở Thiết lập nhập điểm（成績入力設定）→ Thiết lập ô nhập（入力欄設定） của kỳ 1学期期末 (cuối kỳ học kỳ 1).… Xem chi tiết | D7: Kỳ vọng: Đề xuất 1. Theo Figma MW, hàng Thiết lập điểm đỏ（赤点設定） được đặt giữa hàng Tính tự động（自動計算） và hàng Thiết lập ẩn mục nhập（入力項目の非表示設定）. Đây là oracle UI PROPOSED; nếu bố cục khác, ghi… Xem chi tiết | F7: Chưa thực hiện
A8: TC-RS-FUNC-002 / choice | B8: Thiết lập điểm đỏ（赤点設定） Mục kiểu lựa chọn và Đạt/không đạt（合否） không có thao tác tạo quy tắc đỏ có hiệu… Xem chi tiết | C8: Chuẩn bị: Bị chặn Kỳ vọng: Đã xác nhận Dữ liệu (trích): Mục lựa chọn, gồm thử URL trực tiếp ở bước 3 Thao tác (trích): 1. Mở Thiết lập ô nhập（入力欄設定）.… Xem chi tiết | D8: Kỳ vọng: Đã xác nhận 1. Không có thao tác tạo quy tắc đỏ có hiệu lực cho hai mục này.… Xem chi tiết | F8: Chưa thực hiện
A9: TC-RS-FUNC-002 / passfail | B9: Thiết lập điểm đỏ（赤点設定） Mục kiểu lựa chọn và Đạt/không đạt（合否） không có thao tác tạo quy tắc đỏ có hiệu… Xem chi tiết | C9: Chuẩn bị: Bị chặn Kỳ vọng: Đã xác nhận Dữ liệu (trích): Mục Đạt/không đạt ở bước 1–2 Thao tác (trích): 1. Mở Thiết lập ô nhập（入力欄設定）.… Xem chi tiết | D9: Kỳ vọng: Đã xác nhận 1. Không có thao tác tạo quy tắc đỏ có hiệu lực cho hai mục này.… Xem chi tiết | F9: Chưa thực hiện
A10: TC-RS-FUNC-004 / Base | B10: Thiết lập điểm đỏ（赤点設定） Thêm quy tắc qua Điều kiện áp dụng（適用条件） và Ngưỡng（基準設定） rồi quay lại danh sách Xem chi tiết | C10: Chuẩn bị: Đang chuẩn bị Kỳ vọng: Đã xác nhận Dữ liệu (trích): Toàn bộ thủ tục theo đúng thứ tự; các đối chứng cùng fixture… Thao tác (trích): 1. Ở danh sách, bấm Thêm thiết lập chi tiết（詳細設定の追加）.… Xem chi tiết | D10: Kỳ vọng: Đã xác nhận 1. Sau mỗi lần cập nhật, màn quay về danh sách.… Xem chi tiết | F10: Chưa thực hiện
A11: TC-RS-FUNC-005 / Base | B11: Thiết lập điểm đỏ（赤点設定） Nhiều quy tắc hiển thị theo ưu tiên; đổi thứ tự bằng ▲▼ được lưu Xem chi tiết | C11: Chuẩn bị: Đang chuẩn bị Kỳ vọng: Đã xác nhận Dữ liệu (trích): Toàn bộ thủ tục theo đúng thứ tự; các đối chứng cùng fixture… Thao tác (trích): 1. Bấm ▼ ở quy tắc 1.… Xem chi tiết | D11: Kỳ vọng: Đã xác nhận 1. Sau bước 1 thứ tự là quy tắc 2, quy tắc 1, quy tắc 3 và giữ nguyên sau khi tải lại.… Xem chi tiết | F11: Chưa thực hiện
A12: TC-RS-FUNC-006 / cancel | B12: Thiết lập điểm đỏ（赤点設定） Xóa một quy tắc có xác nhận; Hủy（キャンセル） giữ nguyên Xem chi tiết | C12: Chuẩn bị: Đang chuẩn bị Kỳ vọng: Đã xác nhận Dữ liệu (trích): Hủy xóa Thao tác (trích): 1. Bấm Xóa（削除） ở quy tắc thứ 2, chọn Hủy（キャンセル）.… Xem chi tiết | D12: Kỳ vọng: Đã xác nhận 1. Hộp xác nhận nêu thiết lập sẽ bị xóa và kết quả học sinh chỉ cập nhật ở lần xét tiếp theo.… Xem chi tiết | F12: Chưa thực hiện
A13: TC-RS-FUNC-006 / delete | B13: Thiết lập điểm đỏ（赤点設定） Xóa một quy tắc có xác nhận; Hủy（キャンセル） giữ nguyên Xem chi tiết | C13: Chuẩn bị: Đang chuẩn bị Kỳ vọng: Đã xác nhận Dữ liệu (trích): Xác nhận xóa, dựng lại baseline trước lượt này Thao tác (trích): 1. Bấm Xóa（削除） ở quy tắc thứ 2, chọn Hủy（キャンセル）.… Xem chi tiết | D13: Kỳ vọng: Đã xác nhận 1. Hộp xác nhận nêu thiết lập sẽ bị xóa và kết quả học sinh chỉ cập nhật ở lần xét tiếp theo.… Xem chi tiết | F13: Chưa thực hiện
A14: TC-RS-FUNC-007 / back-threshold | B14: Thiết lập điểm đỏ（赤点設定） Quay lại（戻る）/hủy chỉnh sửa không lưu dữ liệu đang nhập Xem chi tiết | C14: Chuẩn bị: Đang chuẩn bị Kỳ vọng: Đã xác nhận Dữ liệu (trích): Quay lại từ màn ngưỡng Thao tác (trích): 1. Mở Ngưỡng của quy tắc “Cố định 30” (dưới 30), đổi 30 thành 35 và đổi sang Nhỏ hơn hoặc bằng（以下）.… Xem chi tiết | D14: Danh sách và hai màn vẫn hiện giá trị đã lưu trước đó (30, Nhỏ hơn, tên cũ). Bảo toàn: Giữ điểm, cấu hình và đối tượng không đích theo expected; chỉ thay phần thủ tục yêu cầu, không tự đổi oracle hoặc mở rộng phạm vi. | F14: Chưa thực hiện
A15: TC-RS-FUNC-007 / back-condition | B15: Thiết lập điểm đỏ（赤点設定） Quay lại（戻る）/hủy chỉnh sửa không lưu dữ liệu đang nhập Xem chi tiết | C15: Chuẩn bị: Đang chuẩn bị Kỳ vọng: Đã xác nhận Dữ liệu (trích): Quay lại từ màn điều kiện Thao tác (trích): 1. Mở Ngưỡng của quy tắc “Cố định 30” (dưới 30), đổi 30 thành 35 và đổi sang Nhỏ hơn hoặc bằng（以下）.… Xem chi tiết | D15: Danh sách và hai màn vẫn hiện giá trị đã lưu trước đó (30, Nhỏ hơn, tên cũ). Bảo toàn: Giữ điểm, cấu hình và đối tượng không đích theo expected; chỉ thay phần thủ tục yêu cầu, không tự đổi oracle hoặc mở rộng phạm vi. | F15: Chưa thực hiện
A16: TC-RS-FUNC-014 / incomplete-excluded | B16: Thiết lập điểm đỏ（赤点設定） Quy tắc mới chỉ có điều kiện, chưa có ngưỡng, không tham gia xét Xem chi tiết | C16: Chuẩn bị: Bị chặn Kỳ vọng: Đã xác nhận Dữ liệu (trích): Nhánh incomplete-excluded trong thủ tục và Expected của case;… Thao tác (trích): 1. Với `incomplete-excluded`, dựng fixture riêng, xem dòng chưa hoàn chỉnh; đăng ký S01=29 và đọc kết quả,… Xem chi tiết | D16: Kỳ vọng: Đã xác nhận 1. `incomplete-excluded`: dòng nhập dở hiện chưa thiết lập và cho mở ngưỡng; không tạo ngưỡng 0 ngầm. Bộ xét chọn đúng rule đối chứng T=30, S01=29 Đỏ; rule nhập dở không tham gia… Xem chi tiết | F16: Chưa thực hiện
... A573: TC-RS-REG-012 / sync | B573: Hồi quy AutoRating và các luồng hiện có — Hồi quy luồng hiện có Các luồng chuyển cấu hình không làm mất legacy | C573: Chuẩn bị: Đang chuẩn bị Kỳ vọng: Đã xác nhận Dữ liệu (trích): Đường sync DATA-019 Thao tác (trích): 1. Chuyển cấu hình qua copy/năm mới/import hoặc sync.… Xem chi tiết | D573: Legacy ở nguồn vẫn nguyên vẹn; đích không nhận kết quả cá nhân ngoài mapping hợp lệ và không dùng lại kết quả nguồn. Bảo toàn: Giữ điểm, cấu hình và đối tượng không đích theo expected; chỉ thay phần thủ tục yêu cầu, không tự đổi oracle hoặc mở rộng phạm vi. | F573: Chưa thực hiện

Sheet Chi tiết
A1: Chi tiết
A2: Từ ngữ trong nội dung nguồn: fixture = dữ liệu kiểm thử; seam = đường thực hiện/quan sát; oracle = căn cứ xác định kết quả; actual = kết quả thực tế.
A4: Mã kiểm thử | B4: Nội dung | C4: Chi tiết
A5: =HYPERLINK("#'Kiểm thử'!A"&(MATCH("TC-RS-FUNC-001 / integer",'Kiểm thử'!$A$5:$A$573,0)+4),"TC-RS-FUNC-001 / integer") | B5: Màn hình / chức năng | C5: Quản lý danh sách quy tắc đỏ của một mục — Thiết lập điểm đỏ（赤点設定） Hàng Thiết lập điểm đỏ（赤点設定） xuất hiện trong Thiết lập ô nhập（入力欄設定） cho mục điểm số
A6: =HYPERLINK("#'Kiểm thử'!A"&(MATCH("TC-RS-FUNC-001 / integer",'Kiểm thử'!$A$5:$A$573,0)+4),"TC-RS-FUNC-001 / integer") | B6: Điều kiện / thao tác | C6: Cấu hình: Đăng nhập tài khoản giáo viên có quyền sửa mục. Chưa có quy tắc đỏ cho mục số nguyên (M=100); mục số thập phân (M=100) có ít nhất một quy tắc. Kích hoạt: Thực hiện đúng thao tác và biến thể dưới đây; chỉ xem/xuất không tự chạy xét. Vị trí quan sát: Quan sát nơi nêu trong thủ tục/expected; dùng trích xuất không lọc để thấy cả ô đối chứng. Trạng thái không có dấu đỏ cần đọc thêm trạng thái lưu; output Excel/PDF dùng file thật. Vai trò / quyền: Dùng actor/quyền được nêu trong điều kiện; cấu hình bởi người được sửa đúng mục, ghi điểm bởi người phụ trách lớp, batch bởi người có quyền chạy; đầu ra và tài khoản học sinh giữ quyền riêng. Dữ liệu: môi trường test (trường A, năm học 2026), tài khoản giáo viên có quyền sửa mục, mục số nguyên (M=100), mục số thập phân (M=100), mục điểm đơn vị (đơn vị U1 có M riêng 40) Mục số nguyên Thao tác: 1. Mở Thiết lập nhập điểm（成績入力設定）→ Thiết lập ô nhập（入力欄設定） của kỳ 1学期期末 (cuối kỳ học kỳ 1). 2. Tìm hàng Thiết lập điểm đỏ（赤点設定） ở bảng mục nhập. 3. Bấm link của hàng này ở cột mục số nguyên (M=100), mục số thập phân (M=100), mục điểm đơn vị (đơn vị U1 có M riêng 40).
A7: =HYPERLINK("#'Kiểm thử'!A"&(MATCH("TC-RS-FUNC-001 / integer",'Kiểm thử'!$A$5:$A$573,0)+4),"TC-RS-FUNC-001 / integer") | B7: Điều kiện / thao tác | C7: Khôi phục: Trước mỗi biến thể, dựng lại điều kiện/dữ liệu đầu của case bằng đường được phép; giữ các reset/fixture độc lập đã nêu trong thủ tục. Bằng chứng: Ghi actual và URL bằng chứng/lỗi của đúng case/variant trong cùng report; giữ file Excel/PDF, ảnh trạng thái hoặc request/đọc dữ liệu khi case yêu cầu. Chưa có bằng chứng không được kết luận đã chạy. Kỳ vọng: Đề xuất Chuẩn bị: Đang chuẩn bị Chỉ là quan sát; kỳ vọng hoặc điều kiện kiểm chưa được xác nhận. Khoảng trống: Chưa có xác minh fixture, đường thực hiện và phép quan sát trên build của từng case chưa đánh giá. Giữ Draft; chỉ chuyển Ready khi chuẩn bị và seam của đúng case đã được xác minh.
A8: =HYPERLINK("#'Kiểm thử'!A"&(MATCH("TC-RS-FUNC-001 / integer",'Kiểm thử'!$A$5:$A$573,0)+4),"TC-RS-FUNC-001 / integer") | B8: Kết quả mong đợi | C8: 1. Theo Figma MW, hàng Thiết lập điểm đỏ（赤点設定） được đặt giữa hàng Tính tự động（自動計算） và hàng Thiết lập ẩn mục nhập（入力項目の非表示設定）. Đây là oracle UI PROPOSED; nếu bố cục khác, ghi Notes để đối chiếu, không mở bug từ riêng vị trí. 2. Có thao tác mở thiết lập cho mục số nguyên, số thập phân và điểm đơn vị. 3. Bấm link chuyển sang màn danh sách Thiết lập điểm đỏ（赤点設定） của đúng mục. Bảo toàn: Giữ điểm, cấu hình và đối tượng không đích theo expected; chỉ thay phần thủ tục yêu cầu, không tự đổi oracle hoặc mở rộng phạm vi.
A9: =HYPERLINK("#'Kiểm thử'!A"&(MATCH("TC-RS-FUNC-001 / decimal",'Kiểm thử'!$A$5:$A$573,0)+4),"TC-RS-FUNC-001 / decimal") | B9: Màn hình / chức năng | C9: Quản lý danh sách quy tắc đỏ của một mục — Thiết lập điểm đỏ（赤点設定） Hàng Thiết lập điểm đỏ（赤点設定） xuất hiện trong Thiết lập ô nhập（入力欄設定） cho mục điểm số
A10: =HYPERLINK("#'Kiểm thử'!A"&(MATCH("TC-RS-FUNC-001 / decimal",'Kiểm thử'!$A$5:$A$573,0)+4),"TC-RS-FUNC-001 / decimal") | B10: Điều kiện / thao tác | C10: Cấu hình: Đăng nhập tài khoản giáo viên có quyền sửa mục. Chưa có quy tắc đỏ cho mục số nguyên (M=100); mục số thập phân (M=100) có ít nhất một quy tắc. Kích hoạt: Thực hiện đúng thao tác và biến thể dưới đây; chỉ xem/xuất không tự chạy xét. Vị trí quan sát: Quan sát nơi nêu trong thủ tục/expected; dùng trích xuất không lọc để thấy cả ô đối chứng. Trạng thái không có dấu đỏ cần đọc thêm trạng thái lưu; output Excel/PDF dùng file thật. Vai trò / quyền: Dùng actor/quyền được nêu trong điều kiện; cấu hình bởi người được sửa đúng mục, ghi điểm bởi người phụ trách lớp, batch bởi người có quyền chạy; đầu ra và tài khoản học sinh giữ quyền riêng. Dữ liệu: môi trường test (trường A, năm học 2026), tài khoản giáo viên có quyền sửa mục, mục số nguyên (M=100), mục số thập phân (M=100), mục điểm đơn vị (đơn vị U1 có M riêng 40) Mục thập phân Thao tác: 1. Mở Thiết lập nhập điểm（成績入力設定）→ Thiết lập ô nhập（入力欄設定） của kỳ 1学期期末 (cuối kỳ học kỳ 1). 2. Tìm hàng Thiết lập điểm đỏ（赤点設定） ở bảng mục nhập. 3. Bấm link của hàng này ở cột mục số nguyên (M=100), mục số thập phân (M=100), mục điểm đơn vị (đơn vị U1 có M riêng 40).
A11: =HYPERLINK("#'Kiểm thử'!A"&(MATCH("TC-RS-FUNC-001 / decimal",'Kiểm thử'!$A$5:$A$573,0)+4),"TC-RS-FUNC-001 / decimal") | B11: Điều kiện / thao tác | C11: Khôi phục: Trước mỗi biến thể, dựng lại điều kiện/dữ liệu đầu của case bằng đường được phép; giữ các reset/fixture độc lập đã nêu trong thủ tục. Bằng chứng: Ghi actual và URL bằng chứng/lỗi của đúng case/variant trong cùng report; giữ file Excel/PDF, ảnh trạng thái hoặc request/đọc dữ liệu khi case yêu cầu. Chưa có bằng chứng không được kết luận đã chạy. Kỳ vọng: Đề xuất Chuẩn bị: Đang chuẩn bị Chỉ là quan sát; kỳ vọng hoặc điều kiện kiểm chưa được xác nhận. Khoảng trống: Chưa có xác minh fixture, đường thực hiện và phép quan sát trên build của từng case chưa đánh giá. Giữ Draft; chỉ chuyển Ready khi chuẩn bị và seam của đúng case đã được xác minh.
A12: =HYPERLINK("#'Kiểm thử'!A"&(MATCH("TC-RS-FUNC-001 / decimal",'Kiểm thử'!$A$5:$A$573,0)+4),"TC-RS-FUNC-001 / decimal") | B12: Kết quả mong đợi | C12: 1. Theo Figma MW, hàng Thiết lập điểm đỏ（赤点設定） được đặt giữa hàng Tính tự động（自動計算） và hàng Thiết lập ẩn mục nhập（入力項目の非表示設定）. Đây là oracle UI PROPOSED; nếu bố cục khác, ghi Notes để đối chiếu, không mở bug từ riêng vị trí. 2. Có thao tác mở thiết lập cho mục số nguyên, số thập phân và điểm đơn vị. 3. Bấm link chuyển sang màn danh sách Thiết lập điểm đỏ（赤点設定） của đúng mục. Bảo toàn: Giữ điểm, cấu hình và đối tượng không đích theo expected; chỉ thay phần thủ tục yêu cầu, không tự đổi oracle hoặc mở rộng phạm vi.
A13: =HYPERLINK("#'Kiểm thử'!A"&(MATCH("TC-RS-FUNC-001 / unit",'Kiểm thử'!$A$5:$A$573,0)+4),"TC-RS-FUNC-001 / unit") | B13: Màn hình / chức năng | C13: Quản lý danh sách quy tắc đỏ của một mục — Thiết lập điểm đỏ（赤点設定） Hàng Thiết lập điểm đỏ（赤点設定） xuất hiện trong Thiết lập ô nhập（入力欄設定） cho mục điểm số
A14: =HYPERLINK("#'Kiểm thử'!A"&(MATCH("TC-RS-FUNC-001 / unit",'Kiểm thử'!$A$5:$A$573,0)+4),"TC-RS-FUNC-001 / unit") | B14: Điều kiện / thao tác | C14: Cấu hình: Đăng nhập tài khoản giáo viên có quyền sửa mục. Chưa có quy tắc đỏ cho mục số nguyên (M=100); mục số thập phân (M=100) có ít nhất một quy tắc. Kích hoạt: Thực hiện đúng thao tác và biến thể dưới đây; chỉ xem/xuất không tự chạy xét. Vị trí quan sát: Quan sát nơi nêu trong thủ tục/expected; dùng trích xuất không lọc để thấy cả ô đối chứng. Trạng thái không có dấu đỏ cần đọc thêm trạng thái lưu; output Excel/PDF dùng file thật. Vai trò / quyền: Dùng actor/quyền được nêu trong điều kiện; cấu hình bởi người được sửa đúng mục, ghi điểm bởi người phụ trách lớp, batch bởi người có quyền chạy; đầu ra và tài khoản học sinh giữ quyền riêng. Dữ liệu: môi trường test (trường A, năm học 2026), tài khoản giáo viên có quyền sửa mục, mục số nguyên (M=100), mục số thập phân (M=100), mục điểm đơn vị (đơn vị U1 có M riêng 40) Mục đơn vị Thao tác: 1. Mở Thiết lập nhập điểm（成績入力設定）→ Thiết lập ô nhập（入力欄設定） của kỳ 1学期期末 (cuối kỳ học kỳ 1). 2. Tìm hàng Thiết lập điểm đỏ（赤点設定） ở bảng mục nhập. 3. Bấm link của hàng này ở cột mục số nguyên (M=100), mục số thập phân (M=100), mục điểm đơn vị (đơn vị U1 có M riêng 40).
A15: =HYPERLINK("#'Kiểm thử'!A"&(MATCH("TC-RS-FUNC-001 / unit",'Kiểm thử'!$A$5:$A$573,0)+4),"TC-RS-FUNC-001 / unit") | B15: Điều kiện / thao tác | C15: Khôi phục: Trước mỗi biến thể, dựng lại điều kiện/dữ liệu đầu của case bằng đường được phép; giữ các reset/fixture độc lập đã nêu trong thủ tục. Bằng chứng: Ghi actual và URL bằng chứng/lỗi của đúng case/variant trong cùng report; giữ file Excel/PDF, ảnh trạng thái hoặc request/đọc dữ liệu khi case yêu cầu. Chưa có bằng chứng không được kết luận đã chạy. Kỳ vọng: Đề xuất Chuẩn bị: Đang chuẩn bị Chỉ là quan sát; kỳ vọng hoặc điều kiện kiểm chưa được xác nhận. Khoảng trống: Chưa có xác minh fixture, đường thực hiện và phép quan sát trên build của từng case chưa đánh giá. Giữ Draft; chỉ chuyển Ready khi chuẩn bị và seam của đúng case đã được xác minh.
A16: =HYPERLINK("#'Kiểm thử'!A"&(MATCH("TC-RS-FUNC-001 / unit",'Kiểm thử'!$A$5:$A$573,0)+4),"TC-RS-FUNC-001 / unit") | B16: Kết quả mong đợi | C16: 1. Theo Figma MW, hàng Thiết lập điểm đỏ（赤点設定） được đặt giữa hàng Tính tự động（自動計算） và hàng Thiết lập ẩn mục nhập（入力項目の非表示設定）. Đây là oracle UI PROPOSED; nếu bố cục khác, ghi Notes để đối chiếu, không mở bug từ riêng vị trí. 2. Có thao tác mở thiết lập cho mục số nguyên, số thập phân và điểm đơn vị. 3. Bấm link chuyển sang màn danh sách Thiết lập điểm đỏ（赤点設定） của đúng mục. Bảo toàn: Giữ điểm, cấu hình và đối tượng không đích theo expected; chỉ thay phần thủ tục yêu cầu, không tự đổi oracle hoặc mở rộng phạm vi.
A17: =HYPERLINK("#'Kiểm thử'!A"&(MATCH("TC-RS-FUNC-002 / choice",'Kiểm thử'!$A$5:$A$573,0)+4),"TC-RS-FUNC-002 / choice") | B17: Màn hình / chức năng | C17: Quản lý danh sách quy tắc đỏ của một mục — Thiết lập điểm đỏ（赤点設定） Mục kiểu lựa chọn và Đạt/không đạt（合否） không có thao tác tạo quy tắc đỏ có hiệu lực
A18: =HYPERLINK("#'Kiểm thử'!A"&(MATCH("TC-RS-FUNC-002 / choice",'Kiểm thử'!$A$5:$A$573,0)+4),"TC-RS-FUNC-002 / choice") | B18: Điều kiện / thao tác | C18: Cấu hình: Đăng nhập tài khoản giáo viên có quyền sửa mục. Kích hoạt: Thực hiện đúng thao tác và biến thể dưới đây; chỉ xem/xuất không tự chạy xét. Vị trí quan sát: Quan sát nơi nêu trong thủ tục/expected; dùng trích xuất không lọc để thấy cả ô đối chứng. Trạng thái không có dấu đỏ cần đọc thêm trạng thái lưu; output Excel/PDF dùng file thật. Vai trò / quyền: Dùng actor/quyền được nêu trong điều kiện; cấu hình bởi người được sửa đúng mục, ghi điểm bởi người phụ trách lớp, batch bởi người có quyền chạy; đầu ra và tài khoản học sinh giữ quyền riêng. Dữ liệu: mục kiểu lựa chọn A/B/C, mục Đạt/không đạt（合否） Mục lựa chọn, gồm thử URL trực tiếp ở bước 3 Thao tác: 1. Mở Thiết lập ô nhập（入力欄設定）. 2. Xem hàng Thiết lập điểm đỏ（赤点設定） ở cột mục kiểu lựa chọn A/B/C, mục Đạt/không đạt（合否）. 3. Thử mở URL màn danh sách điểm đỏ của mục kiểu lựa chọn A/B/C bằng ID mục (nếu biết URL). Khôi phục: Trước mỗi biến thể, dựng lại điều kiện/dữ liệu đầu của case bằng đường được phép; giữ các reset/fixture độc lập đã nêu trong thủ tục. Bằng chứng: Ghi actual và URL bằng chứng/lỗi của đúng case/variant trong cùng report; giữ file
A19: =HYPERLINK("#'Kiểm thử'!A"&(MATCH("TC-RS-FUNC-002 / choice",'Kiểm thử'!$A$5:$A$573,0)+4),"TC-RS-FUNC-002 / choice") | B19: Điều kiện / thao tác | C19: Excel/PDF, ảnh trạng thái hoặc request/đọc dữ liệu khi case yêu cầu. Chưa có bằng chứng không được kết luận đã chạy. Kỳ vọng: Đã xác nhận Chuẩn bị: Bị chặn Chỉ là quan sát; kỳ vọng hoặc điều kiện kiểm chưa được xác nhận. Khoảng trống: BLOCKED — cần route/build URL hiện hành để kiểm trực tiếp endpoint; không coi việc chưa biết URL là READY. TC-RS-FUNC-002: hoàn thiện đúng fixture/seam; giữ expected và chưa kết luận thực thi.
A20: =HYPERLINK("#'Kiểm thử'!A"&(MATCH("TC-RS-FUNC-002 / choice",'Kiểm thử'!$A$5:$A$573,0)+4),"TC-RS-FUNC-002 / choice") | B20: Kết quả mong đợi | C20: 1. Không có thao tác tạo quy tắc đỏ có hiệu lực cho hai mục này. 2. Nếu có endpoint truy cập trực tiếp, server vẫn từ chối tạo/lưu quy tắc cho mục không thuộc loại số; không dùng việc URL không hiển thị làm bằng chứng duy nhất. Bảo toàn: Giữ điểm, cấu hình và đối tượng không đích theo expected; chỉ thay phần thủ tục yêu cầu, không tự đổi oracle hoặc mở rộng phạm vi.
A21: =HYPERLINK("#'Kiểm thử'!A"&(MATCH("TC-RS-FUNC-002 / passfail",'Kiểm thử'!$A$5:$A$573,0)+4),"TC-RS-FUNC-002 / passfail") | B21: Màn hình / chức năng | C21: Quản lý danh sách quy tắc đỏ của một mục — Thiết lập điểm đỏ（赤点設定） Mục kiểu lựa chọn và Đạt/không đạt（合否） không có thao tác tạo quy tắc đỏ có hiệu lực
A22: =HYPERLINK("#'Kiểm thử'!A"&(MATCH("TC-RS-FUNC-002 / passfail",'Kiểm thử'!$A$5:$A$573,0)+4),"TC-RS-FUNC-002 / passfail") | B22: Điều kiện / thao tác | C22: Cấu hình: Đăng nhập tài khoản giáo viên có quyền sửa mục. Kích hoạt: Thực hiện đúng thao tác và biến thể dưới đây; chỉ xem/xuất không tự chạy xét. Vị trí quan sát: Quan sát nơi nêu trong thủ tục/expected; dùng trích xuất không lọc để thấy cả ô đối chứng. Trạng thái không có dấu đỏ cần đọc thêm trạng thái lưu; output Excel/PDF dùng file thật. Vai trò / quyền: Dùng actor/quyền được nêu trong điều kiện; cấu hình bởi người được sửa đúng mục, ghi điểm bởi người phụ trách lớp, batch bởi người có quyền chạy; đầu ra và tài khoản học sinh giữ quyền riêng. Dữ liệu: mục kiểu lựa chọn A/B/C, mục Đạt/không đạt（合否） Mục Đạt/không đạt ở bước 1–2 Thao tác: 1. Mở Thiết lập ô nhập（入力欄設定）. 2. Xem hàng Thiết lập điểm đỏ（赤点設定） ở cột mục kiểu lựa chọn A/B/C, mục Đạt/không đạt（合否）. 3. Thử mở URL màn danh sách điểm đỏ của mục kiểu lựa chọn A/B/C bằng ID mục (nếu biết URL). Khôi phục: Trước mỗi biến thể, dựng lại điều kiện/dữ liệu đầu của case bằng đường được phép; giữ các reset/fixture độc lập đã nêu trong thủ tục. Bằng chứng: Ghi actual và URL bằng chứng/lỗi của đúng case/variant trong cùng report; giữ file
A23: =HYPERLINK("#'Kiểm thử'!A"&(MATCH("TC-RS-FUNC-002 / passfail",'Kiểm thử'!$A$5:$A$573,0)+4),"TC-RS-FUNC-002 / passfail") | B23: Điều kiện / thao tác | C23: Excel/PDF, ảnh trạng thái hoặc request/đọc dữ liệu khi case yêu cầu. Chưa có bằng chứng không được kết luận đã chạy. Kỳ vọng: Đã xác nhận Chuẩn bị: Bị chặn Chỉ là quan sát; kỳ vọng hoặc điều kiện kiểm chưa được xác nhận. Khoảng trống: BLOCKED — cần route/build URL hiện hành để kiểm trực tiếp endpoint; không coi việc chưa biết URL là READY. TC-RS-FUNC-002: hoàn thiện đúng fixture/seam; giữ expected và chưa kết luận thực thi.
A24: =HYPERLINK("#'Kiểm thử'!A"&(MATCH("TC-RS-FUNC-002 / passfail",'Kiểm thử'!$A$5:$A$573,0)+4),"TC-RS-FUNC-002 / passfail") | B24: Kết quả mong đợi | C24: 1. Không có thao tác tạo quy tắc đỏ có hiệu lực cho hai mục này. 2. Nếu có endpoint truy cập trực tiếp, server vẫn từ chối tạo/lưu quy tắc cho mục không thuộc loại số; không dùng việc URL không hiển thị làm bằng chứng duy nhất. Bảo toàn: Giữ điểm, cấu hình và đối tượng không đích theo expected; chỉ thay phần thủ tục yêu cầu, không tự đổi oracle hoặc mở rộng phạm vi.
A25: =HYPERLINK("#'Kiểm thử'!A"&(MATCH("TC-RS-FUNC-004 / Base",'Kiểm thử'!$A$5:$A$573,0)+4),"TC-RS-FUNC-004 / Base") | B25: Màn hình / chức năng | C25: Quản lý danh sách quy tắc đỏ của một mục — Thiết lập điểm đỏ（赤点設定） Thêm quy tắc qua Điều kiện áp dụng（適用条件） và Ngưỡng（基準設定） rồi quay lại danh sách
A26: =HYPERLINK("#'Kiểm thử'!A"&(MATCH("TC-RS-FUNC-004 / Base",'Kiểm thử'!$A$5:$A$573,0)+4),"TC-RS-FUNC-004 / Base") | B26: Điều kiện / thao tác | C26: Cấu hình: mục số nguyên (M=100) đã có cặp quy tắc cùng áp dụng (dưới 20 và dưới 30) (2 quy tắc). Đăng nhập tài khoản giáo viên có quyền sửa mục. Kích hoạt: Thực hiện đúng thao tác và biến thể dưới đây; chỉ xem/xuất không tự chạy xét. Vị trí quan sát: Quan sát nơi nêu trong thủ tục/expected; dùng trích xuất không lọc để thấy cả ô đối chứng. Trạng thái không có dấu đỏ cần đọc thêm trạng thái lưu; output Excel/PDF dùng file thật. Vai trò / quyền: Dùng actor/quyền được nêu trong điều kiện; cấu hình bởi người được sửa đúng mục, ghi điểm bởi người phụ trách lớp, batch bởi người có quyền chạy; đầu ra và tài khoản học sinh giữ quyền riêng. Dữ liệu: mục số nguyên (M=100), cặp quy tắc cùng áp dụng (dưới 20 và dưới 30); quy tắc “Cố định 30” (dưới 30) Toàn bộ thủ tục theo đúng thứ tự; các đối chứng cùng fixture được kiểm trong cùng lượt, không bỏ bước Thao tác: 1. Ở danh sách, bấm Thêm thiết lập chi tiết（詳細設定の追加）. 2. Nhập Tên thiết lập（設定名称） "Cố định 30", chọn Toàn bộ đối tượng（全員が対象）, bấm Cập nhật（更新する）. 3. Mở Ngưỡng, chọn Điểm cố định（固定点数）, nhập 30, chọn Nhỏ hơn（未満）, bấm Cập nhật（更新
A27: =HYPERLINK("#'Kiểm thử'!A"&(MATCH("TC-RS-FUNC-004 / Base",'Kiểm thử'!$A$5:$A$573,0)+4),"TC-RS-FUNC-004 / Base") | B27: Điều kiện / thao tác | C27: する）. 4. Xem danh sách. Khôi phục: Trước mỗi biến thể, dựng lại điều kiện/dữ liệu đầu của case bằng đường được phép; giữ các reset/fixture độc lập đã nêu trong thủ tục. Bằng chứng: Ghi actual và URL bằng chứng/lỗi của đúng case/variant trong cùng report; giữ file Excel/PDF, ảnh trạng thái hoặc request/đọc dữ liệu khi case yêu cầu. Chưa có bằng chứng không được kết luận đã chạy. Kỳ vọng: Đã xác nhận Chuẩn bị: Đang chuẩn bị Chỉ là quan sát; kỳ vọng hoặc điều kiện kiểm chưa được xác nhận. Khoảng trống: Chưa có xác minh fixture, đường thực hiện và phép quan sát trên build của từng case chưa đánh giá. Giữ Draft; chỉ chuyển Ready khi chuẩn bị và seam của đúng case đã được xác minh.
A28: =HYPERLINK("#'Kiểm thử'!A"&(MATCH("TC-RS-FUNC-004 / Base",'Kiểm thử'!$A$5:$A$573,0)+4),"TC-RS-FUNC-004 / Base") | B28: Kết quả mong đợi | C28: 1. Sau mỗi lần cập nhật, màn quay về danh sách. 2. Dòng mới hiện tên, tóm tắt điều kiện "toàn bộ" và ngưỡng "Điểm cố định: 30 điểm, Nhỏ hơn" đúng với dữ liệu đã lưu. 3. **PROPOSED (đặc tả v2 mục 4.4 “Lưu, đổi thứ tự và xóa”):** dòng mới nằm sau các quy tắc đã có. Bảo toàn: Giữ điểm, cấu hình và đối tượng không đích theo expected; chỉ thay phần thủ tục yêu cầu, không tự đổi oracle hoặc mở rộng phạm vi.
A29: =HYPERLINK("#'Kiểm thử'!A"&(MATCH("TC-RS-FUNC-005 / Base",'Kiểm thử'!$A$5:$A$573,0)+4),"TC-RS-FUNC-005 / Base") | B29: Màn hình / chức năng | C29: Quản lý danh sách quy tắc đỏ của một mục — Thiết lập điểm đỏ（赤点設定） Nhiều quy tắc hiển thị theo ưu tiên; đổi thứ tự bằng ▲▼ được lưu
A30: =HYPERLINK("#'Kiểm thử'!A"&(MATCH("TC-RS-FUNC-005 / Base",'Kiểm thử'!$A$5:$A$573,0)+4),"TC-RS-FUNC-005 / Base") | B30: Điều kiện / thao tác | C30: Cấu hình: mục số nguyên (M=100) có 3 quy tắc tên quy tắc 1, quy tắc 2, quy tắc 3 (tên tạm trong case) theo thứ tự. Kích hoạt: Thực hiện đúng thao tác và biến thể dưới đây; chỉ xem/xuất không tự chạy xét. Vị trí quan sát: Quan sát nơi nêu trong thủ tục/expected; dùng trích xuất không lọc để thấy cả ô đối chứng. Trạng thái không có dấu đỏ cần đọc thêm trạng thái lưu; output Excel/PDF dùng file thật. Vai trò / quyền: Dùng actor/quyền được nêu trong điều kiện; cấu hình bởi người được sửa đúng mục, ghi điểm bởi người phụ trách lớp, batch bởi người có quyền chạy; đầu ra và tài khoản học sinh giữ quyền riêng. Dữ liệu: mục số nguyên (M=100); quy tắc “Cố định 30” (dưới 30), cặp quy tắc cùng áp dụng (dưới 20 và dưới 30) Toàn bộ thủ tục theo đúng thứ tự; các đối chứng cùng fixture được kiểm trong cùng lượt, không bỏ bước Thao tác: 1. Bấm ▼ ở quy tắc 1. 2. Tải lại trang. 3. Bấm ▲ ở quy tắc 3. 4. Đăng xuất, đăng nhập lại, mở danh sách.
A31: =HYPERLINK("#'Kiểm thử'!A"&(MATCH("TC-RS-FUNC-005 / Base",'Kiểm thử'!$A$5:$A$573,0)+4),"TC-RS-FUNC-005 / Base") | B31: Điều kiện / thao tác | C31: Khôi phục: Trước mỗi biến thể, dựng lại điều kiện/dữ liệu đầu của case bằng đường được phép; giữ các reset/fixture độc lập đã nêu trong thủ tục. Bằng chứng: Ghi actual và URL bằng chứng/lỗi của đúng case/variant trong cùng report; giữ file Excel/PDF, ảnh trạng thái hoặc request/đọc dữ liệu khi case yêu cầu. Chưa có bằng chứng không được kết luận đã chạy. Kỳ vọng: Đã xác nhận Chuẩn bị: Đang chuẩn bị Chỉ là quan sát; kỳ vọng hoặc điều kiện kiểm chưa được xác nhận. Khoảng trống: Chưa có xác minh fixture, đường thực hiện và phép quan sát trên build của từng case chưa đánh giá. Giữ Draft; chỉ chuyển Ready khi chuẩn bị và seam của đúng case đã được xác minh.
A32: =HYPERLINK("#'Kiểm thử'!A"&(MATCH("TC-RS-FUNC-005 / Base",'Kiểm thử'!$A$5:$A$573,0)+4),"TC-RS-FUNC-005 / Base") | B32: Kết quả mong đợi | C32: 1. Sau bước 1 thứ tự là quy tắc 2, quy tắc 1, quy tắc 3 và giữ nguyên sau khi tải lại. 2. Sau bước 3 thứ tự là quy tắc 2, quy tắc 3, quy tắc 1 và giữ nguyên khi mở lại. 3. Đổi thứ tự không làm thay kết quả đỏ hiện có (kiểm ở case “Lưu cấu hình không xét; kết quả trước giữ tới lần chạy lại”). Bảo toàn: Giữ điểm, cấu hình và đối tượng không đích theo expected; chỉ thay phần thủ tục yêu cầu, không tự đổi oracle hoặc mở rộng phạm vi.
A33: =HYPERLINK("#'Kiểm thử'!A"&(MATCH("TC-RS-FUNC-006 / cancel",'Kiểm thử'!$A$5:$A$573,0)+4),"TC-RS-FUNC-006 / cancel") | B33: Màn hình / chức năng | C33: Quản lý danh sách quy tắc đỏ của một mục — Thiết lập điểm đỏ（赤点設定） Xóa một quy tắc có xác nhận; Hủy（キャンセル） giữ nguyên
A34: =HYPERLINK("#'Kiểm thử'!A"&(MATCH("TC-RS-FUNC-006 / cancel",'Kiểm thử'!$A$5:$A$573,0)+4),"TC-RS-FUNC-006 / cancel") | B34: Điều kiện / thao tác | C34: Cấu hình: mục số nguyên (M=100) có 2 quy tắc. Kích hoạt: Thực hiện đúng thao tác và biến thể dưới đây; chỉ xem/xuất không tự chạy xét. Vị trí quan sát: Quan sát nơi nêu trong thủ tục/expected; dùng trích xuất không lọc để thấy cả ô đối chứng. Trạng thái không có dấu đỏ cần đọc thêm trạng thái lưu; output Excel/PDF dùng file thật. Vai trò / quyền: Dùng actor/quyền được nêu trong điều kiện; cấu hình bởi người được sửa đúng mục, ghi điểm bởi người phụ trách lớp, batch bởi người có quyền chạy; đầu ra và tài khoản học sinh giữ quyền riêng. Dữ liệu: mục số nguyên (M=100); cặp quy tắc cùng áp dụng (dưới 20 và dưới 30) Hủy xóa Thao tác: 1. Bấm Xóa（削除） ở quy tắc thứ 2, chọn Hủy（キャンセル）. 2. Bấm Xóa（削除） lại, chọn Xóa（削除する）. Khôi phục: Trước mỗi biến thể, dựng lại điều kiện/dữ liệu đầu của case bằng đường được phép; giữ các reset/fixture độc lập đã nêu trong thủ tục. Bằng chứng: Ghi actual và URL bằng chứng/lỗi của đúng case/variant trong cùng report; giữ file Excel/PDF, ảnh trạng thái hoặc request/đọc dữ liệu khi case yêu cầu. Chưa có bằng chứng không được kết luận đã chạy.
A35: =HYPERLINK("#'Kiểm thử'!A"&(MATCH("TC-RS-FUNC-006 / cancel",'Kiểm thử'!$A$5:$A$573,0)+4),"TC-RS-FUNC-006 / cancel") | B35: Điều kiện / thao tác | C35: Kỳ vọng: Đã xác nhận Chuẩn bị: Đang chuẩn bị Chỉ là quan sát; kỳ vọng hoặc điều kiện kiểm chưa được xác nhận. Khoảng trống: Chưa có xác minh fixture, đường thực hiện và phép quan sát trên build của từng case chưa đánh giá. Giữ Draft; chỉ chuyển Ready khi chuẩn bị và seam của đúng case đã được xác minh.
A36: =HYPERLINK("#'Kiểm thử'!A"&(MATCH("TC-RS-FUNC-006 / cancel",'Kiểm thử'!$A$5:$A$573,0)+4),"TC-RS-FUNC-006 / cancel") | B36: Kết quả mong đợi | C36: 1. Hộp xác nhận nêu thiết lập sẽ bị xóa và kết quả học sinh chỉ cập nhật ở lần xét tiếp theo. 2. Hủy: danh sách giữ 2 quy tắc. 3. Xóa: danh sách còn 1 quy tắc; kết quả đỏ hiện có không đổi cho tới lần xét tiếp theo (case “Xóa quy tắc cuối: giữ kết quả tới lần chạy lại; chạy lại → Không áp dụng”). Bảo toàn: Giữ điểm, cấu hình và đối tượng không đích theo expected; chỉ thay phần thủ tục yêu cầu, không tự đổi oracle hoặc mở rộng phạm vi.
A37: =HYPERLINK("#'Kiểm thử'!A"&(MATCH("TC-RS-FUNC-006 / delete",'Kiểm thử'!$A$5:$A$573,0)+4),"TC-RS-FUNC-006 / delete") | B37: Màn hình / chức năng | C37: Quản lý danh sách quy tắc đỏ của một mục — Thiết lập điểm đỏ（赤点設定） Xóa một quy tắc có xác nhận; Hủy（キャンセル） giữ nguyên
A38: =HYPERLINK("#'Kiểm thử'!A"&(MATCH("TC-RS-FUNC-006 / delete",'Kiểm thử'!$A$5:$A$573,0)+4),"TC-RS-FUNC-006 / delete") | B38: Điều kiện / thao tác | C38: Cấu hình: mục số nguyên (M=100) có 2 quy tắc. Kích hoạt: Thực hiện đúng thao tác và biến thể dưới đây; chỉ xem/xuất không tự chạy xét. Vị trí quan sát: Quan sát nơi nêu trong thủ tục/expected; dùng trích xuất không lọc để thấy cả ô đối chứng. Trạng thái không có dấu đỏ cần đọc thêm trạng thái lưu; output Excel/PDF dùng file thật. Vai trò / quyền: Dùng actor/quyền được nêu trong điều kiện; cấu hình bởi người được sửa đúng mục, ghi điểm bởi người phụ trách lớp, batch bởi người có quyền chạy; đầu ra và tài khoản học sinh giữ quyền riêng. Dữ liệu: mục số nguyên (M=100); cặp quy tắc cùng áp dụng (dưới 20 và dưới 30) Xác nhận xóa, dựng lại baseline trước lượt này Thao tác: 1. Bấm Xóa（削除） ở quy tắc thứ 2, chọn Hủy（キャンセル）. 2. Bấm Xóa（削除） lại, chọn Xóa（削除する）. Khôi phục: Trước mỗi biến thể, dựng lại điều kiện/dữ liệu đầu của case bằng đường được phép; giữ các reset/fixture độc lập đã nêu trong thủ tục. Bằng chứng: Ghi actual và URL bằng chứng/lỗi của đúng case/variant trong cùng report; giữ file Excel/PDF, ảnh trạng thái hoặc request/đọc dữ liệu khi case yêu cầu. Chưa có bằng chứng không được kết luận đã chạy.
A39: =HYPERLINK("#'Kiểm thử'!A"&(MATCH("TC-RS-FUNC-006 / delete",'Kiểm thử'!$A$5:$A$573,0)+4),"TC-RS-FUNC-006 / delete") | B39: Điều kiện / thao tác | C39: Kỳ vọng: Đã xác nhận Chuẩn bị: Đang chuẩn bị Chỉ là quan sát; kỳ vọng hoặc điều kiện kiểm chưa được xác nhận. Khoảng trống: Chưa có xác minh fixture, đường thực hiện và phép quan sát trên build của từng case chưa đánh giá. Giữ Draft; chỉ chuyển Ready khi chuẩn bị và seam của đúng case đã được xác minh.
A40: =HYPERLINK("#'Kiểm thử'!A"&(MATCH("TC-RS-FUNC-006 / delete",'Kiểm thử'!$A$5:$A$573,0)+4),"TC-RS-FUNC-006 / delete") | B40: Kết quả mong đợi | C40: 1. Hộp xác nhận nêu thiết lập sẽ bị xóa và kết quả học sinh chỉ cập nhật ở lần xét tiếp theo. 2. Hủy: danh sách giữ 2 quy tắc. 3. Xóa: danh sách còn 1 quy tắc; kết quả đỏ hiện có không đổi cho tới lần xét tiếp theo (case “Xóa quy tắc cuối: giữ kết quả tới lần chạy lại; chạy lại → Không áp dụng”). Bảo toàn: Giữ điểm, cấu hình và đối tượng không đích theo expected; chỉ thay phần thủ tục yêu cầu, không tự đổi oracle hoặc mở rộng phạm vi.
A41: =HYPERLINK("#'Kiểm thử'!A"&(MATCH("TC-RS-FUNC-007 / back-threshold",'Kiểm thử'!$A$5:$A$573,0)+4),"TC-RS-FUNC-007 / back-threshold") | B41: Màn hình / chức năng | C41: Quản lý danh sách quy tắc đỏ của một mục — Thiết lập điểm đỏ（赤点設定） Quay lại（戻る）/hủy chỉnh sửa không lưu dữ liệu đang nhập
A42: =HYPERLINK("#'Kiểm thử'!A"&(MATCH("TC-RS-FUNC-007 / back-threshold",'Kiểm thử'!$A$5:$A$573,0)+4),"TC-RS-FUNC-007 / back-threshold") | B42: Điều kiện / thao tác | C42: Cấu hình: mục số nguyên (M=100) có quy tắc “Cố định 30” (dưới 30). Kích hoạt: Thực hiện đúng thao tác và biến thể dưới đây; chỉ xem/xuất không tự chạy xét. Vị trí quan sát: Quan sát nơi nêu trong thủ tục/expected; dùng trích xuất không lọc để thấy cả ô đối chứng. Trạng thái không có dấu đỏ cần đọc thêm trạng thái lưu; output Excel/PDF dùng file thật. Vai trò / quyền: Dùng actor/quyền được nêu trong điều kiện; cấu hình bởi người được sửa đúng mục, ghi điểm bởi người phụ trách lớp, batch bởi người có quyền chạy; đầu ra và tài khoản học sinh giữ quyền riêng. Dữ liệu: mục số nguyên (M=100); quy tắc “Cố định 30” (dưới 30) Quay lại từ màn ngưỡng Thao tác: 1. Mở Ngưỡng của quy tắc “Cố định 30” (dưới 30), đổi 30 thành 35 và đổi sang Nhỏ hơn hoặc bằng（以下）. 2. Bấm Quay lại（戻る）. 3. Mở Điều kiện áp dụng, đổi tên, bấm Quay lại（戻る）. 4. Mở lại hai màn. Khôi phục: Trước mỗi biến thể, dựng lại điều kiện/dữ liệu đầu của case bằng đường được phép; giữ các reset/fixture độc lập đã nêu trong thủ tục.
A43: =HYPERLINK("#'Kiểm thử'!A"&(MATCH("TC-RS-FUNC-007 / back-threshold",'Kiểm thử'!$A$5:$A$573,0)+4),"TC-RS-FUNC-007 / back-threshold") | B43: Điều kiện / thao tác | C43: Bằng chứng: Ghi actual và URL bằng chứng/lỗi của đúng case/variant trong cùng report; giữ file Excel/PDF, ảnh trạng thái hoặc request/đọc dữ liệu khi case yêu cầu. Chưa có bằng chứng không được kết luận đã chạy. Kỳ vọng: Đã xác nhận Chuẩn bị: Đang chuẩn bị Chỉ là quan sát; kỳ vọng hoặc điều kiện kiểm chưa được xác nhận. Khoảng trống: Chưa có xác minh fixture, đường thực hiện và phép quan sát trên build của từng case chưa đánh giá. Giữ Draft; chỉ chuyển Ready khi chuẩn bị và seam của đúng case đã được xác minh.
A44: =HYPERLINK("#'Kiểm thử'!A"&(MATCH("TC-RS-FUNC-007 / back-condition",'Kiểm thử'!$A$5:$A$573,0)+4),"TC-RS-FUNC-007 / back-condition") | B44: Màn hình / chức năng | C44: Quản lý danh sách quy tắc đỏ của một mục — Thiết lập điểm đỏ（赤点設定） Quay lại（戻る）/hủy chỉnh sửa không lưu dữ liệu đang nhập
A45: =HYPERLINK("#'Kiểm thử'!A"&(MATCH("TC-RS-FUNC-007 / back-condition",'Kiểm thử'!$A$5:$A$573,0)+4),"TC-RS-FUNC-007 / back-condition") | B45: Điều kiện / thao tác | C45: Cấu hình: mục số nguyên (M=100) có quy tắc “Cố định 30” (dưới 30). Kích hoạt: Thực hiện đúng thao tác và biến thể dưới đây; chỉ xem/xuất không tự chạy xét. Vị trí quan sát: Quan sát nơi nêu trong thủ tục/expected; dùng trích xuất không lọc để thấy cả ô đối chứng. Trạng thái không có dấu đỏ cần đọc thêm trạng thái lưu; output Excel/PDF dùng file thật. Vai trò / quyền: Dùng actor/quyền được nêu trong điều kiện; cấu hình bởi người được sửa đúng mục, ghi điểm bởi người phụ trách lớp, batch bởi người có quyền chạy; đầu ra và tài khoản học sinh giữ quyền riêng. Dữ liệu: mục số nguyên (M=100); quy tắc “Cố định 30” (dưới 30) Quay lại từ màn điều kiện Thao tác: 1. Mở Ngưỡng của quy tắc “Cố định 30” (dưới 30), đổi 30 thành 35 và đổi sang Nhỏ hơn hoặc bằng（以下）. 2. Bấm Quay lại（戻る）. 3. Mở Điều kiện áp dụng, đổi tên, bấm Quay lại（戻る）. 4. Mở lại hai màn. Khôi phục: Trước mỗi biến thể, dựng lại điều kiện/dữ liệu đầu của case bằng đường được phép; giữ các reset/fixture độc lập đã nêu trong thủ tục.
A46: =HYPERLINK("#'Kiểm thử'!A"&(MATCH("TC-RS-FUNC-007 / back-condition",'Kiểm thử'!$A$5:$A$573,0)+4),"TC-RS-FUNC-007 / back-condition") | B46: Điều kiện / thao tác | C46: Bằng chứng: Ghi actual và URL bằng chứng/lỗi của đúng case/variant trong cùng report; giữ file Excel/PDF, ảnh trạng thái hoặc request/đọc dữ liệu khi case yêu cầu. Chưa có bằng chứng không được kết luận đã chạy. Kỳ vọng: Đã xác nhận Chuẩn bị: Đang chuẩn bị Chỉ là quan sát; kỳ vọng hoặc điều kiện kiểm chưa được xác nhận. Khoảng trống: Chưa có xác minh fixture, đường thực hiện và phép quan sát trên build của từng case chưa đánh giá. Giữ Draft; chỉ chuyển Ready khi chuẩn bị và seam của đúng case đã được xác minh.
A47: =HYPERLINK("#'Kiểm thử'!A"&(MATCH("TC-RS-FUNC-014 / incomplete-excluded",'Kiểm thử'!$A$5:$A$573,0)+4),"TC-RS-FUNC-014 / incomplete-excluded") | B47: Màn hình / chức năng | C47: Quản lý danh sách quy tắc đỏ của một mục — Thiết lập điểm đỏ（赤点設定） Quy tắc mới chỉ có điều kiện, chưa có ngưỡng, không tham gia xét
A48: =HYPERLINK("#'Kiểm thử'!A"&(MATCH("TC-RS-FUNC-014 / incomplete-excluded",'Kiểm thử'!$A$5:$A$573,0)+4),"TC-RS-FUNC-014 / incomplete-excluded") | B48: Điều kiện / thao tác | C48: Cấu hình: - Điều kiện chung: trường A/năm 2026, mục số nguyên TD-ITEM-01 (M=100), S01 có điểm 29; giáo viên có quyền sửa rule và chạy xét lại. Hai tab cùng phạm vi mục/kỳ. Mỗi biến thể có bản reset riêng, đúng hai rule Toàn bộ với dấu `<`; ghi identity rule ưu tiên 1 và rule đối chứng ưu tiên 2. Phạm vi trích xuất chỉ gồm ô này để ô đỏ khác không ảnh hưởng bộ lọc. - `incomplete-excluded`: rule ưu tiên 1 chỉ lưu điều kiện, chưa có ngưỡng; rule đối chứng ưu tiên 2 có T=30. Đây là fixture TD-RULE-13/TD-RULE-01. - `complete-deleted-stale`: rule ưu tiên 1 hoàn chỉnh T=30, rule đối chứng ưu tiên 2 T=20; chạy baseline S01=29 → Đỏ theo rule ưu tiên 1. - `incomplete-deleted-stale`: rule ưu tiên 1 chỉ có điều kiện, rule đối chứng ưu tiên 2 T=20; chạy baseline S01=29 → Không đỏ theo rule đối chứng. T=20 là cấu hình riêng của hai biến thể stale-form, không thay TD-RULE-01 dùng chung. Kích hoạt: Thực hiện đúng thao tác và biến thể dưới đây; chỉ xem/xuất không tự chạy xét. Vị trí quan sát: Quan sát nơi nêu trong thủ tục/expected; dùng trích xuất không lọc để thấy cả ô đối chứng. Trạng thái không có dấu đỏ cần đọc thêm trạng thái lưu; output Excel/PDF dùng file thật. Vai trò / quyền: Dùng actor/quyền được nêu trong điều kiện; cấu hình bởi người được sửa đúng mục, ghi điểm bởi người phụ trách lớp, batch bởi người có quyền chạy; đầu ra và tài khoản học sin
A49: =HYPERLINK("#'Kiểm thử'!A"&(MATCH("TC-RS-FUNC-014 / incomplete-excluded",'Kiểm thử'!$A$5:$A$573,0)+4),"TC-RS-FUNC-014 / incomplete-excluded") | B49: Điều kiện / thao tác | C49: h giữ quyền riêng. Dữ liệu: - Điều kiện chung: trường A/năm 2026, mục số nguyên TD-ITEM-01 (M=100), S01 có điểm 29; giáo viên có quyền sửa rule và chạy xét lại. Hai tab cùng phạm vi mục/kỳ. Mỗi biến thể có bản reset riêng, đúng hai rule Toàn bộ với dấu `<`; ghi identity rule ưu tiên 1 và rule đối chứng ưu tiên 2. Phạm vi trích xuất chỉ gồm ô này để ô đỏ khác không ảnh hưởng bộ lọc. - `incomplete-excluded`: rule ưu tiên 1 chỉ lưu điều kiện, chưa có ngưỡng; rule đối chứng ưu tiên 2 có T=30. Đây là fixture TD-RULE-13/TD-RULE-01. - `complete-deleted-stale`: rule ưu tiên 1 hoàn chỉnh T=30, rule đối chứng ưu tiên 2 T=20; chạy baseline S01=29 → Đỏ theo rule ưu tiên 1. - `incomplete-deleted-stale`: rule ưu tiên 1 chỉ có điều kiện, rule đối chứng ưu tiên 2 T=20; chạy baseline S01=29 → Không đỏ theo rule đối chứng. T=20 là cấu hình riêng của hai biến thể stale-form, không thay TD-RULE-01 dùng chung. Nhánh incomplete-excluded trong thủ tục và Expected của case; thực hiện các bước chuẩn bị chung trước nhánh Thao tác: 1. Với `incomplete-excluded`, dựng fixture riêng, xem dòng chưa hoàn chỉnh; đăng ký S01=29 và đọc kết quả, identity rule/ngưỡng đã dùng cùng đầu ra trích xuất. 2. Với `complete-deleted-stale`, reset và xác nhận baseline Đỏ/T=30. Mở form ngưỡng của rule ưu
A50: =HYPERLINK("#'Kiểm thử'!A"&(MATCH("TC-RS-FUNC-014 / incomplete-excluded",'Kiểm thử'!$A$5:$A$573,0)+4),"TC-RS-FUNC-014 / incomplete-excluded") | B50: Điều kiện / thao tác | C50: tiên 1 ở tab A. Xóa đúng rule đó ở tab B, rồi gửi lưu T=30 từ form cũ ở tab A. Reload danh sách và đọc trạng thái rule; trước khi chạy xét lại, đọc điểm/kết quả đã hoàn tất của S01. 3. Chạy xét lại thành công cho đúng ô của `complete-deleted-stale`; đọc identity rule/ngưỡng được chọn. Chạy trích xuất một lượt tắt lọc để thấy điểm và dấu, một lượt bật lọc đỏ để kiểm membership của S01. 4. Với `incomplete-deleted-stale`, reset và xác nhận baseline Không đỏ/T=20. Mở form ngưỡng của rule nhập dở ở tab A, nhập T=40 nhưng **chưa lưu**. Xóa đúng rule nhập dở ở tab B, rồi gửi T=40 từ form cũ ở tab A. Reload danh sách và đọc trạng thái rule. 5. Chạy xét lại thành công cho đúng ô của `incomplete-deleted-stale`; đọc identity rule/ngưỡng và thực hiện hai lượt trích xuất tắt/bật lọc như bước 3. Lưu bằng chứng riêng cho từng biến thể, không dùng kết quả của biến thể trước. Khôi phục: Trước mỗi biến thể, dựng lại điều kiện/dữ liệu đầu của case bằng đường được phép; giữ các reset/fixture độc lập đã nêu trong thủ tục. Bằng chứng: Ghi actual và URL bằng chứng/lỗi của đúng case/variant trong cùng report; giữ file Excel/PDF, ảnh trạng thái hoặc request/đọc dữ liệu khi case yêu cầu. Chưa có bằng chứng không được kết luận đã chạy. Kỳ vọng: Đã xác nhận
A51: =HYPERLINK("#'Kiểm thử'!A"&(MATCH("TC-RS-FUNC-014 / incomplete-excluded",'Kiểm thử'!$A$5:$A$573,0)+4),"TC-RS-FUNC-014 / incomplete-excluded") | B51: Điều kiện / thao tác | C51: Chuẩn bị: Bị chặn Chỉ là quan sát; kỳ vọng hoặc điều kiện kiểm chưa được xác nhận. Khoảng trống: BLOCKED — cần xác minh form ngưỡng gửi từ tab cũ, đường chạy xét lại và reader cho identity rule/ngưỡng đã dùng; nếu chưa quan sát được rule được chọn thì không suy kết quả từ danh sách UI. TC-RS-FUNC-014: hoàn thiện đúng fixture/seam; giữ expected và chưa kết luận thực thi.
A52: =HYPERLINK("#'Kiểm thử'!A"&(MATCH("TC-RS-FUNC-014 / incomplete-excluded",'Kiểm thử'!$A$5:$A$573,0)+4),"TC-RS-FUNC-014 / incomplete-excluded") | B52: Kết quả mong đợi | C52: 1. `incomplete-excluded`: dòng nhập dở hiện chưa thiết lập và cho mở ngưỡng; không tạo ngưỡng 0 ngầm. Bộ xét chọn đúng rule đối chứng T=30, S01=29 Đỏ; rule nhập dở không tham gia xét. 2. `complete-deleted-stale`: lưu form cũ không phục hồi rule đã xóa trong danh sách hoặc bộ xét. Trước lần xét lại, S01 vẫn giữ điểm 29 và kết quả Đỏ/T=30 đã hoàn tất. Sau lần xét lại, bộ xét chọn đúng identity rule đối chứng T=20 → **Không đỏ**; lượt tắt lọc hiện 29 không dấu đỏ, lượt bật lọc không có S01. 3. `incomplete-deleted-stale`: T=40 gửi từ form cũ không làm rule nhập dở đã xóa sống lại hoặc trở thành rule hoàn chỉnh. Sau lần xét lại, bộ xét vẫn chọn đúng rule đối chứng T=20 → **Không đỏ**, điểm 29 giữ nguyên; lượt tắt lọc không có dấu đỏ, lượt bật lọc không có S01. Nếu rule 40 bị phục hồi thì 29<40 sẽ Đỏ, nên không được PASS trường hợp đó dù danh sách đã ẩn rule. 4. Rule đối chứng giữ nguyên cấu hình/identity ở cả hai biến thể stale-form. Nếu từ chối form cũ, thông báo an toàn; không áp đặt mã HTTP hoặc enum/schema chưa được xác nhận. Thiếu seam gửi form, chạy xét hoặc reader đáng tin thì ghi BLOCKED cho biến thể liên quan. Bảo toàn: Giữ điểm, cấu hình và đối tượng không đích theo expected; chỉ thay phần thủ tục yêu cầu, không tự đổi oracle hoặc mở rộng phạm vi.
A53: =HYPERLINK("#'Kiểm thử'!A"&(MATCH("TC-RS-FUNC-014 / complete-deleted-stale",'Kiểm thử'!$A$5:$A$573,0)+4),"TC-RS-FUNC-014 / complete-deleted-stale") | B53: Màn hình / chức năng | C53: Quản lý danh sách quy tắc đỏ của một mục — Thiết lập điểm đỏ（赤点設定） Quy tắc mới chỉ có điều kiện, chưa có ngưỡng, không tham gia xét
A54: =HYPERLINK("#'Kiểm thử'!A"&(MATCH("TC-RS-FUNC-014 / complete-deleted-stale",'Kiểm thử'!$A$5:$A$573,0)+4),"TC-RS-FUNC-014 / complete-deleted-stale") | B54: Điều kiện / thao tác | C54: Cấu hình: - Điều kiện chung: trường A/năm 2026, mục số nguyên TD-ITEM-01 (M=100), S01 có điểm 29; giáo viên có quyền sửa rule và chạy xét lại. Hai tab cùng phạm vi mục/kỳ. Mỗi biến thể có bản reset riêng, đúng hai rule Toàn bộ với dấu `<`; ghi identity rule ưu tiên 1 và rule đối chứng ưu tiên 2. Phạm vi trích xuất chỉ gồm ô này để ô đỏ khác không ảnh hưởng bộ lọc. - `incomplete-excluded`: rule ưu tiên 1 chỉ lưu điều kiện, chưa có ngưỡng; rule đối chứng ưu tiên 2 có T=30. Đây là fixture TD-RULE-13/TD-RULE-01. - `complete-deleted-stale`: rule ưu tiên 1 hoàn chỉnh T=30, rule đối chứng ưu tiên 2 T=20; chạy baseline S01=29 → Đỏ theo rule ưu tiên 1. - `incomplete-deleted-stale`: rule ưu tiên 1 chỉ có điều kiện, rule đối chứng ưu tiên 2 T=20; chạy baseline S01=29 → Không đỏ theo rule đối chứng. T=20 là cấu hình riêng của hai biến thể stale-form, không thay TD-RULE-01 dùng chung. Kích hoạt: Thực hiện đúng thao tác và biến thể dưới đây; chỉ xem/xuất không tự chạy xét. Vị trí quan sát: Quan sát nơi nêu trong thủ tục/expected; dùng trích xuất không lọc để thấy cả ô đối chứng. Trạng thái không có dấu đỏ cần đọc thêm trạng thái lưu; output Excel/PDF dùng file thật. Vai trò / quyền: Dùng actor/quyền được nêu trong điều kiện; cấu hình bởi người được sửa đúng mục, ghi điểm bởi người phụ trách lớp, batch bởi người có quyền chạy; đầu ra và tài khoản học sin
A55: =HYPERLINK("#'Kiểm thử'!A"&(MATCH("TC-RS-FUNC-014 / complete-deleted-stale",'Kiểm thử'!$A$5:$A$573,0)+4),"TC-RS-FUNC-014 / complete-deleted-stale") | B55: Điều kiện / thao tác | C55: h giữ quyền riêng. Dữ liệu: - Điều kiện chung: trường A/năm 2026, mục số nguyên TD-ITEM-01 (M=100), S01 có điểm 29; giáo viên có quyền sửa rule và chạy xét lại. Hai tab cùng phạm vi mục/kỳ. Mỗi biến thể có bản reset riêng, đúng hai rule Toàn bộ với dấu `<`; ghi identity rule ưu tiên 1 và rule đối chứng ưu tiên 2. Phạm vi trích xuất chỉ gồm ô này để ô đỏ khác không ảnh hưởng bộ lọc. - `incomplete-excluded`: rule ưu tiên 1 chỉ lưu điều kiện, chưa có ngưỡng; rule đối chứng ưu tiên 2 có T=30. Đây là fixture TD-RULE-13/TD-RULE-01. - `complete-deleted-stale`: rule ưu tiên 1 hoàn chỉnh T=30, rule đối chứng ưu tiên 2 T=20; chạy baseline S01=29 → Đỏ theo rule ưu tiên 1. - `incomplete-deleted-stale`: rule ưu tiên 1 chỉ có điều kiện, rule đối chứng ưu tiên 2 T=20; chạy baseline S01=29 → Không đỏ theo rule đối chứng. T=20 là cấu hình riêng của hai biến thể stale-form, không thay TD-RULE-01 dùng chung. Nhánh complete-deleted-stale trong thủ tục và Expected của case; thực hiện các bước chuẩn bị chung trước nhánh Thao tác: 1. Với `incomplete-excluded`, dựng fixture riêng, xem dòng chưa hoàn chỉnh; đăng ký S01=29 và đọc kết quả, identity rule/ngưỡng đã dùng cùng đầu ra trích xuất. 2. Với `complete-deleted-stale`, reset và xác nhận baseline Đỏ/T=30. Mở form ngưỡng của rule ưu
A56: =HYPERLINK("#'Kiểm thử'!A"&(MATCH("TC-RS-FUNC-014 / complete-deleted-stale",'Kiểm thử'!$A$5:$A$573,0)+4),"TC-RS-FUNC-014 / complete-deleted-stale") | B56: Điều kiện / thao tác | C56: tiên 1 ở tab A. Xóa đúng rule đó ở tab B, rồi gửi lưu T=30 từ form cũ ở tab A. Reload danh sách và đọc trạng thái rule; trước khi chạy xét lại, đọc điểm/kết quả đã hoàn tất của S01. 3. Chạy xét lại thành công cho đúng ô của `complete-deleted-stale`; đọc identity rule/ngưỡng được chọn. Chạy trích xuất một lượt tắt lọc để thấy điểm và dấu, một lượt bật lọc đỏ để kiểm membership của S01. 4. Với `incomplete-deleted-stale`, reset và xác nhận baseline Không đỏ/T=20. Mở form ngưỡng của rule nhập dở ở tab A, nhập T=40 nhưng **chưa lưu**. Xóa đúng rule nhập dở ở tab B, rồi gửi T=40 từ form cũ ở tab A. Reload danh sách và đọc trạng thái rule. 5. Chạy xét lại thành công cho đúng ô của `incomplete-deleted-stale`; đọc identity rule/ngưỡng và thực hiện hai lượt trích xuất tắt/bật lọc như bước 3. Lưu bằng chứng riêng cho từng biến thể, không dùng kết quả của biến thể trước. Khôi phục: Trước mỗi biến thể, dựng lại điều kiện/dữ liệu đầu của case bằng đường được phép; giữ các reset/fixture độc lập đã nêu trong thủ tục. Bằng chứng: Ghi actual và URL bằng chứng/lỗi của đúng case/variant trong cùng report; giữ file Excel/PDF, ảnh trạng thái hoặc request/đọc dữ liệu khi case yêu cầu. Chưa có bằng chứng không được kết luận đã chạy. Kỳ vọng: Đã xác nhận
A57: =HYPERLINK("#'Kiểm thử'!A"&(MATCH("TC-RS-FUNC-014 / complete-deleted-stale",'Kiểm thử'!$A$5:$A$573,0)+4),"TC-RS-FUNC-014 / complete-deleted-stale") | B57: Điều kiện / thao tác | C57: Chuẩn bị: Bị chặn Chỉ là quan sát; kỳ vọng hoặc điều kiện kiểm chưa được xác nhận. Khoảng trống: BLOCKED — cần xác minh form ngưỡng gửi từ tab cũ, đường chạy xét lại và reader cho identity rule/ngưỡng đã dùng; nếu chưa quan sát được rule được chọn thì không suy kết quả từ danh sách UI. TC-RS-FUNC-014: hoàn thiện đúng fixture/seam; giữ expected và chưa kết luận thực thi.
A58: =HYPERLINK("#'Kiểm thử'!A"&(MATCH("TC-RS-FUNC-014 / complete-deleted-stale",'Kiểm thử'!$A$5:$A$573,0)+4),"TC-RS-FUNC-014 / complete-deleted-stale") | B58: Kết quả mong đợi | C58: 1. `incomplete-excluded`: dòng nhập dở hiện chưa thiết lập và cho mở ngưỡng; không tạo ngưỡng 0 ngầm. Bộ xét chọn đúng rule đối chứng T=30, S01=29 Đỏ; rule nhập dở không tham gia xét. 2. `complete-deleted-stale`: lưu form cũ không phục hồi rule đã xóa trong danh sách hoặc bộ xét. Trước lần xét lại, S01 vẫn giữ điểm 29 và kết quả Đỏ/T=30 đã hoàn tất. Sau lần xét lại, bộ xét chọn đúng identity rule đối chứng T=20 → **Không đỏ**; lượt tắt lọc hiện 29 không dấu đỏ, lượt bật lọc không có S01. 3. `incomplete-deleted-stale`: T=40 gửi từ form cũ không làm rule nhập dở đã xóa sống lại hoặc trở thành rule hoàn chỉnh. Sau lần xét lại, bộ xét vẫn chọn đúng rule đối chứng T=20 → **Không đỏ**, điểm 29 giữ nguyên; lượt tắt lọc không có dấu đỏ, lượt bật lọc không có S01. Nếu rule 40 bị phục hồi thì 29<40 sẽ Đỏ, nên không được PASS trường hợp đó dù danh sách đã ẩn rule. 4. Rule đối chứng giữ nguyên cấu hình/identity ở cả hai biến thể stale-form. Nếu từ chối form cũ, thông báo an toàn; không áp đặt mã HTTP hoặc enum/schema chưa được xác nhận. Thiếu seam gửi form, chạy xét hoặc reader đáng tin thì ghi BLOCKED cho biến thể liên quan. Bảo toàn: Giữ điểm, cấu hình và đối tượng không đích theo expected; chỉ thay phần thủ tục yêu cầu, không tự đổi oracle hoặc mở rộng phạm vi.
A59: =HYPERLINK("#'Kiểm thử'!A"&(MATCH("TC-RS-FUNC-014 / incomplete-deleted-stale",'Kiểm thử'!$A$5:$A$573,0)+4),"TC-RS-FUNC-014 / incomplete-deleted-stale") | B59: Màn hình / chức năng | C59: Quản lý danh sách quy tắc đỏ của một mục — Thiết lập điểm đỏ（赤点設定） Quy tắc mới chỉ có điều kiện, chưa có ngưỡng, không tham gia xét
A60: =HYPERLINK("#'Kiểm thử'!A"&(MATCH("TC-RS-FUNC-014 / incomplete-deleted-stale",'Kiểm thử'!$A$5:$A$573,0)+4),"TC-RS-FUNC-014 / incomplete-deleted-stale") | B60: Điều kiện / thao tác | C60: Cấu hình: - Điều kiện chung: trường A/năm 2026, mục số nguyên TD-ITEM-01 (M=100), S01 có điểm 29; giáo viên có quyền sửa rule và chạy xét lại. Hai tab cùng phạm vi mục/kỳ. Mỗi biến thể có bản reset riêng, đúng hai rule Toàn bộ với dấu `<`; ghi identity rule ưu tiên 1 và rule đối chứng ưu tiên 2. Phạm vi trích xuất chỉ gồm ô này để ô đỏ khác không ảnh hưởng bộ lọc. - `incomplete-excluded`: rule ưu tiên 1 chỉ lưu điều kiện, chưa có ngưỡng; rule đối chứng ưu tiên 2 có T=30. Đây là fixture TD-RULE-13/TD-RULE-01. - `complete-deleted-stale`: rule ưu tiên 1 hoàn chỉnh T=30, rule đối chứng ưu tiên 2 T=20; chạy baseline S01=29 → Đỏ theo rule ưu tiên 1. - `incomplete-deleted-stale`: rule ưu tiên 1 chỉ có điều kiện, rule đối chứng ưu tiên 2 T=20; chạy baseline S01=29 → Không đỏ theo rule đối chứng. T=20 là cấu hình riêng của hai biến thể stale-form, không thay TD-RULE-01 dùng chung. Kích hoạt: Thực hiện đúng thao tác và biến thể dưới đây; chỉ xem/xuất không tự chạy xét. Vị trí quan sát: Quan sát nơi nêu trong thủ tục/expected; dùng trích xuất không lọc để thấy cả ô đối chứng. Trạng thái không có dấu đỏ cần đọc thêm trạng thái lưu; output Excel/PDF dùng file thật. Vai trò / quyền: Dùng actor/quyền được nêu trong điều kiện; cấu hình bởi người được sửa đúng mục, ghi điểm bởi người phụ trách lớp, batch bởi người có quyền chạy; đầu ra và tài khoản học sin
A61: =HYPERLINK("#'Kiểm thử'!A"&(MATCH("TC-RS-FUNC-014 / incomplete-deleted-stale",'Kiểm thử'!$A$5:$A$573,0)+4),"TC-RS-FUNC-014 / incomplete-deleted-stale") | B61: Điều kiện / thao tác | C61: h giữ quyền riêng. Dữ liệu: - Điều kiện chung: trường A/năm 2026, mục số nguyên TD-ITEM-01 (M=100), S01 có điểm 29; giáo viên có quyền sửa rule và chạy xét lại. Hai tab cùng phạm vi mục/kỳ. Mỗi biến thể có bản reset riêng, đúng hai rule Toàn bộ với dấu `<`; ghi identity rule ưu tiên 1 và rule đối chứng ưu tiên 2. Phạm vi trích xuất chỉ gồm ô này để ô đỏ khác không ảnh hưởng bộ lọc. - `incomplete-excluded`: rule ưu tiên 1 chỉ lưu điều kiện, chưa có ngưỡng; rule đối chứng ưu tiên 2 có T=30. Đây là fixture TD-RULE-13/TD-RULE-01. - `complete-deleted-stale`: rule ưu tiên 1 hoàn chỉnh T=30, rule đối chứng ưu tiên 2 T=20; chạy baseline S01=29 → Đỏ theo rule ưu tiên 1. - `incomplete-deleted-stale`: rule ưu tiên 1 chỉ có điều kiện, rule đối chứng ưu tiên 2 T=20; chạy baseline S01=29 → Không đỏ theo rule đối chứng. T=20 là cấu hình riêng của hai biến thể stale-form, không thay TD-RULE-01 dùng chung. Nhánh incomplete-deleted-stale trong thủ tục và Expected của case; thực hiện các bước chuẩn bị chung trước nhánh Thao tác: 1. Với `incomplete-excluded`, dựng fixture riêng, xem dòng chưa hoàn chỉnh; đăng ký S01=29 và đọc kết quả, identity rule/ngưỡng đã dùng cùng đầu ra trích xuất. 2. Với `complete-deleted-stale`, reset và xác nhận baseline Đỏ/T=30. Mở form ngưỡng của rule ưu
A62: =HYPERLINK("#'Kiểm thử'!A"&(MATCH("TC-RS-FUNC-014 / incomplete-deleted-stale",'Kiểm thử'!$A$5:$A$573,0)+4),"TC-RS-FUNC-014 / incomplete-deleted-stale") | B62: Điều kiện / thao tác | C62: tiên 1 ở tab A. Xóa đúng rule đó ở tab B, rồi gửi lưu T=30 từ form cũ ở tab A. Reload danh sách và đọc trạng thái rule; trước khi chạy xét lại, đọc điểm/kết quả đã hoàn tất của S01. 3. Chạy xét lại thành công cho đúng ô của `complete-deleted-stale`; đọc identity rule/ngưỡng được chọn. Chạy trích xuất một lượt tắt lọc để thấy điểm và dấu, một lượt bật lọc đỏ để kiểm membership của S01. 4. Với `incomplete-deleted-stale`, reset và xác nhận baseline Không đỏ/T=20. Mở form ngưỡng của rule nhập dở ở tab A, nhập T=40 nhưng **chưa lưu**. Xóa đúng rule nhập dở ở tab B, rồi gửi T=40 từ form cũ ở tab A. Reload danh sách và đọc trạng thái rule. 5. Chạy xét lại thành công cho đúng ô của `incomplete-deleted-stale`; đọc identity rule/ngưỡng và thực hiện hai lượt trích xuất tắt/bật lọc như bước 3. Lưu bằng chứng riêng cho từng biến thể, không dùng kết quả của biến thể trước. Khôi phục: Trước mỗi biến thể, dựng lại điều kiện/dữ liệu đầu của case bằng đường được phép; giữ các reset/fixture độc lập đã nêu trong thủ tục. Bằng chứng: Ghi actual và URL bằng chứng/lỗi của đúng case/variant trong cùng report; giữ file Excel/PDF, ảnh trạng thái hoặc request/đọc dữ liệu khi case yêu cầu. Chưa có bằng chứng không được kết luận đã chạy. Kỳ vọng: Đã xác nhận
A63: =HYPERLINK("#'Kiểm thử'!A"&(MATCH("TC-RS-FUNC-014 / incomplete-deleted-stale",'Kiểm thử'!$A$5:$A$573,0)+4),"TC-RS-FUNC-014 / incomplete-deleted-stale") | B63: Điều kiện / thao tác | C63: Chuẩn bị: Bị chặn Chỉ là quan sát; kỳ vọng hoặc điều kiện kiểm chưa được xác nhận. Khoảng trống: BLOCKED — cần xác minh form ngưỡng gửi từ tab cũ, đường chạy xét lại và reader cho identity rule/ngưỡng đã dùng; nếu chưa quan sát được rule được chọn thì không suy kết quả từ danh sách UI. TC-RS-FUNC-014: hoàn thiện đúng fixture/seam; giữ expected và chưa kết luận thực thi.
A64: =HYPERLINK("#'Kiểm thử'!A"&(MATCH("TC-RS-FUNC-014 / incomplete-deleted-stale",'Kiểm thử'!$A$5:$A$573,0)+4),"TC-RS-FUNC-014 / incomplete-deleted-stale") | B64: Kết quả mong đợi | C64: 1. `incomplete-excluded`: dòng nhập dở hiện chưa thiết lập và cho mở ngưỡng; không tạo ngưỡng 0 ngầm. Bộ xét chọn đúng rule đối chứng T=30, S01=29 Đỏ; rule nhập dở không tham gia xét. 2. `complete-deleted-stale`: lưu form cũ không phục hồi rule đã xóa trong danh sách hoặc bộ xét. Trước lần xét lại, S01 vẫn giữ điểm 29 và kết quả Đỏ/T=30 đã hoàn tất. Sau lần xét lại, bộ xét chọn đúng identity rule đối chứng T=20 → **Không đỏ**; lượt tắt lọc hiện 29 không dấu đỏ, lượt bật lọc không có S01. 3. `incomplete-deleted-stale`: T=40 gửi từ form cũ không làm rule nhập dở đã xóa sống lại hoặc trở thành rule hoàn chỉnh. Sau lần xét lại, bộ xét vẫn chọn đúng rule đối chứng T=20 → **Không đỏ**, điểm 29 giữ nguyên; lượt tắt lọc không có dấu đỏ, lượt bật lọc không có S01. Nếu rule 40 bị phục hồi thì 29<40 sẽ Đỏ, nên không được PASS trường hợp đó dù danh sách đã ẩn rule. 4. Rule đối chứng giữ nguyên cấu hình/identity ở cả hai biến thể stale-form. Nếu từ chối form cũ, thông báo an toàn; không áp đặt mã HTTP hoặc enum/schema chưa được xác nhận. Thiếu seam gửi form, chạy xét hoặc reader đáng tin thì ghi BLOCKED cho biến thể liên quan. Bảo toàn: Giữ điểm, cấu hình và đối tượng không đích theo expected; chỉ thay phần thủ tục yêu cầu, không tự đổi oracle hoặc mở rộng phạm vi.
A65: =HYPERLINK("#'Kiểm thử'!A"&(MATCH("TC-RS-FUNC-033 / Base",'Kiểm thử'!$A$5:$A$573,0)+4),"TC-RS-FUNC-033 / Base") | B65: Màn hình / chức năng | C65: Quản lý danh sách quy tắc đỏ của một mục — Thiết lập điểm đỏ（赤点設定） Đổi tên quy tắc: giữ liên kết, thứ tự và kết quả
A66: =HYPERLINK("#'Kiểm thử'!A"&(MATCH("TC-RS-FUNC-033 / Base",'Kiểm thử'!$A$5:$A$573,0)+4),"TC-RS-FUNC-033 / Base") | B66: Điều kiện / thao tác | C66: Cấu hình: quy tắc “Cố định 30” (dưới 30) đã xét: S01 Đỏ. Kích hoạt: Thực hiện đúng thao tác và biến thể dưới đây; chỉ xem/xuất không tự chạy xét. Vị trí quan sát: Quan sát nơi nêu trong thủ tục/expected; dùng trích xuất không lọc để thấy cả ô đối chứng. Trạng thái không có dấu đỏ cần đọc thêm trạng thái lưu; output Excel/PDF dùng file thật. Vai trò / quyền: Dùng actor/quyền được nêu trong điều kiện; cấu hình bởi người được sửa đúng mục, ghi điểm bởi người phụ trách lớp, batch bởi người có quyền chạy; đầu ra và tài khoản học sinh giữ quyền riêng. Dữ liệu: quy tắc “Cố định 30” (dưới 30), học sinh S01 (điểm 29) Toàn bộ thủ tục theo đúng thứ tự; các đối chứng cùng fixture được kiểm trong cùng lượt, không bỏ bước Thao tác: 1. Đổi tên quy tắc “Cố định 30” (dưới 30) từ "Cố định 30" thành "Ngưỡng học kỳ 1", Lưu. 2. Xem danh sách và ba đầu ra. 3. Chạy lại bằng đăng ký điểm S01=29. Khôi phục: Trước mỗi biến thể, dựng lại điều kiện/dữ liệu đầu của case bằng đường được phép; giữ các reset/fixture độc lập đã nêu trong thủ tục.
A67: =HYPERLINK("#'Kiểm thử'!A"&(MATCH("TC-RS-FUNC-033 / Base",'Kiểm thử'!$A$5:$A$573,0)+4),"TC-RS-FUNC-033 / Base") | B67: Điều kiện / thao tác | C67: Bằng chứng: Ghi actual và URL bằng chứng/lỗi của đúng case/variant trong cùng report; giữ file Excel/PDF, ảnh trạng thái hoặc request/đọc dữ liệu khi case yêu cầu. Chưa có bằng chứng không được kết luận đã chạy. Kỳ vọng: Đã xác nhận Chuẩn bị: Đang chuẩn bị Chỉ là quan sát; kỳ vọng hoặc điều kiện kiểm chưa được xác nhận. Khoảng trống: Chưa có xác minh fixture, đường thực hiện và phép quan sát trên build của từng case chưa đánh giá. Giữ Draft; chỉ chuyển Ready khi chuẩn bị và seam của đúng case đã được xác minh.
A68: =HYPERLINK("#'Kiểm thử'!A"&(MATCH("TC-RS-FUNC-033 / Base",'Kiểm thử'!$A$5:$A$573,0)+4),"TC-RS-FUNC-033 / Base") | B68: Kết quả mong đợi | C68: 1–2. Danh sách hiện tên mới ở cùng vị trí ưu tiên, tóm tắt không đổi; S01 vẫn Đỏ ở ba đầu ra. 3. S01 Đỏ; quy tắc được chọn vẫn là quy tắc đã đổi tên (không tạo quy tắc mới, không mất liên kết). Bảo toàn: Giữ điểm, cấu hình và đối tượng không đích theo expected; chỉ thay phần thủ tục yêu cầu, không tự đổi oracle hoặc mở rộng phạm vi.
A69: =HYPERLINK("#'Kiểm thử'!A"&(MATCH("TC-RS-VAL-014 / empty",'Kiểm thử'!$A$5:$A$573,0)+4),"TC-RS-VAL-014 / empty") | B69: Điều kiện / thao tác | C69: Cấu hình: Màn thêm quy tắc. Kích hoạt: Thực hiện đúng thao tác và biến thể dưới đây; chỉ xem/xuất không tự chạy xét. Vị trí quan sát: Quan sát nơi nêu trong thủ tục/expected; dùng trích xuất không lọc để thấy cả ô đối chứng. Trạng thái không có dấu đỏ cần đọc thêm trạng thái lưu; output Excel/PDF dùng file thật. Vai trò / quyền: Dùng actor/quyền được nêu trong điều kiện; cấu hình bởi người được sửa đúng mục, ghi điểm bởi người phụ trách lớp, batch bởi người có quyền chạy; đầu ra và tài khoản học sinh giữ quyền riêng. Dữ liệu: Tên trống; tên chỉ khoảng trắng; 255 ký tự; 256 ký tự; 255 ký tự có thêm khoảng trắng ở đầu và cuối; hai quy tắc cùng tên Tên trống Thao tác: 1. Nhập từng giá trị, Lưu, mở lại. 2. Tạo quy tắc thứ hai trùng tên quy tắc thứ nhất, Lưu. Khôi phục: Trước mỗi biến thể, dựng lại điều kiện/dữ liệu đầu của case bằng đường được phép; giữ các reset/fixture độc lập đã nêu trong thủ tục. Bằng chứng: Ghi actual và URL bằng chứng/lỗi của đúng case/variant trong cùng report; giữ file Excel/PDF, ảnh trạng thái hoặc request/đọc dữ liệu khi case yêu cầu. Chưa có bằng chứng không đ
A70: =HYPERLINK("#'Kiểm thử'!A"&(MATCH("TC-RS-VAL-014 / empty",'Kiểm thử'!$A$5:$A$573,0)+4),"TC-RS-VAL-014 / empty") | B70: Điều kiện / thao tác | C70: ược kết luận đã chạy. Kỳ vọng: Đề xuất Chuẩn bị: Đang chuẩn bị Chỉ là quan sát; kỳ vọng hoặc điều kiện kiểm chưa được xác nhận. Khoảng trống: Chưa có xác minh fixture, đường thực hiện và phép quan sát trên build của từng case chưa đánh giá. Giữ Draft; chỉ chuyển Ready khi chuẩn bị và seam của đúng case đã được xác minh.
A71: =HYPERLINK("#'Kiểm thử'!A"&(MATCH("TC-RS-VAL-014 / empty",'Kiểm thử'!$A$5:$A$573,0)+4),"TC-RS-VAL-014 / empty") | B71: Kết quả mong đợi | C71: 1. Trống/chỉ khoảng trắng: không lưu được. 255 ký tự: lưu được, mở lại đủ. 256 ký tự: bị từ chối, không tự cắt. 255 ký tự kèm khoảng trắng đầu/cuối: lưu được, tên lưu đã bỏ khoảng trắng đầu/cuối (đủ 255 ký tự). 2. Lưu được; hai dòng riêng theo ưu tiên. Bảo toàn: Giữ điểm, cấu hình và đối tượng không đích theo expected; chỉ thay phần thủ tục yêu cầu, không tự đổi oracle hoặc mở rộng phạm vi.
A72: =HYPERLINK("#'Kiểm thử'!A"&(MATCH("TC-RS-VAL-014 / space",'Kiểm thử'!$A$5:$A$573,0)+4),"TC-RS-VAL-014 / space") | B72: Điều kiện / thao tác | C72: Cấu hình: Màn thêm quy tắc. Kích hoạt: Thực hiện đúng thao tác và biến thể dưới đây; chỉ xem/xuất không tự chạy xét. Vị trí quan sát: Quan sát nơi nêu trong thủ tục/expected; dùng trích xuất không lọc để thấy cả ô đối chứng. Trạng thái không có dấu đỏ cần đọc thêm trạng thái lưu; output Excel/PDF dùng file thật. Vai trò / quyền: Dùng actor/quyền được nêu trong điều kiện; cấu hình bởi người được sửa đúng mục, ghi điểm bởi người phụ trách lớp, batch bởi người có quyền chạy; đầu ra và tài khoản học sinh giữ quyền riêng. Dữ liệu: Tên trống; tên chỉ khoảng trắng; 255 ký tự; 256 ký tự; 255 ký tự có thêm khoảng trắng ở đầu và cuối; hai quy tắc cùng tên Chỉ khoảng trắng Thao tác: 1. Nhập từng giá trị, Lưu, mở lại. 2. Tạo quy tắc thứ hai trùng tên quy tắc thứ nhất, Lưu. Khôi phục: Trước mỗi biến thể, dựng lại điều kiện/dữ liệu đầu của case bằng đường được phép; giữ các reset/fixture độc lập đã nêu trong thủ tục. Bằng chứng: Ghi actual và URL bằng chứng/lỗi của đúng case/variant trong cùng report; giữ file Excel/PDF, ảnh trạng thái hoặc request/đọc dữ liệu khi case yêu cầu. Chưa có bằng chứng không đ
A73: =HYPERLINK("#'Kiểm thử'!A"&(MATCH("TC-RS-VAL-014 / space",'Kiểm thử'!$A$5:$A$573,0)+4),"TC-RS-VAL-014 / space") | B73: Điều kiện / thao tác | C73: ược kết luận đã chạy. Kỳ vọng: Đề xuất Chuẩn bị: Đang chuẩn bị Chỉ là quan sát; kỳ vọng hoặc điều kiện kiểm chưa được xác nhận. Khoảng trống: Chưa có xác minh fixture, đường thực hiện và phép quan sát trên build của từng case chưa đánh giá. Giữ Draft; chỉ chuyển Ready khi chuẩn bị và seam của đúng case đã được xác minh.
A74: =HYPERLINK("#'Kiểm thử'!A"&(MATCH("TC-RS-VAL-014 / space",'Kiểm thử'!$A$5:$A$573,0)+4),"TC-RS-VAL-014 / space") | B74: Kết quả mong đợi | C74: 1. Trống/chỉ khoảng trắng: không lưu được. 255 ký tự: lưu được, mở lại đủ. 256 ký tự: bị từ chối, không tự cắt. 255 ký tự kèm khoảng trắng đầu/cuối: lưu được, tên lưu đã bỏ khoảng trắng đầu/cuối (đủ 255 ký tự). 2. Lưu được; hai dòng riêng theo ưu tiên. Bảo toàn: Giữ điểm, cấu hình và đối tượng không đích theo expected; chỉ thay phần thủ tục yêu cầu, không tự đổi oracle hoặc mở rộng phạm vi.
A75: =HYPERLINK("#'Kiểm thử'!A"&(MATCH("TC-RS-VAL-014 / len255",'Kiểm thử'!$A$5:$A$573,0)+4),"TC-RS-VAL-014 / len255") | B75: Điều kiện / thao tác | C75: Cấu hình: Màn thêm quy tắc. Kích hoạt: Thực hiện đúng thao tác và biến thể dưới đây; chỉ xem/xuất không tự chạy xét. Vị trí quan sát: Quan sát nơi nêu trong thủ tục/expected; dùng trích xuất không lọc để thấy cả ô đối chứng. Trạng thái không có dấu đỏ cần đọc thêm trạng thái lưu; output Excel/PDF dùng file thật. Vai trò / quyền: Dùng actor/quyền được nêu trong điều kiện; cấu hình bởi người được sửa đúng mục, ghi điểm bởi người phụ trách lớp, batch bởi người có quyền chạy; đầu ra và tài khoản học sinh giữ quyền riêng. Dữ liệu: Tên trống; tên chỉ khoảng trắng; 255 ký tự; 256 ký tự; 255 ký tự có thêm khoảng trắng ở đầu và cuối; hai quy tắc cùng tên 255 ký tự Thao tác: 1. Nhập từng giá trị, Lưu, mở lại. 2. Tạo quy tắc thứ hai trùng tên quy tắc thứ nhất, Lưu. Khôi phục: Trước mỗi biến thể, dựng lại điều kiện/dữ liệu đầu của case bằng đường được phép; giữ các reset/fixture độc lập đã nêu trong thủ tục. Bằng chứng: Ghi actual và URL bằng chứng/lỗi của đúng case/variant trong cùng report; giữ file Excel/PDF, ảnh trạng thái hoặc request/đọc dữ liệu khi case yêu cầu. Chưa có bằng chứng không đ
A76: =HYPERLINK("#'Kiểm thử'!A"&(MATCH("TC-RS-VAL-014 / len255",'Kiểm thử'!$A$5:$A$573,0)+4),"TC-RS-VAL-014 / len255") | B76: Điều kiện / thao tác | C76: ược kết luận đã chạy. Kỳ vọng: Đề xuất Chuẩn bị: Đang chuẩn bị Chỉ là quan sát; kỳ vọng hoặc điều kiện kiểm chưa được xác nhận. Khoảng trống: Chưa có xác minh fixture, đường thực hiện và phép quan sát trên build của từng case chưa đánh giá. Giữ Draft; chỉ chuyển Ready khi chuẩn bị và seam của đúng case đã được xác minh.
A77: =HYPERLINK("#'Kiểm thử'!A"&(MATCH("TC-RS-VAL-014 / len255",'Kiểm thử'!$A$5:$A$573,0)+4),"TC-RS-VAL-014 / len255") | B77: Kết quả mong đợi | C77: 1. Trống/chỉ khoảng trắng: không lưu được. 255 ký tự: lưu được, mở lại đủ. 256 ký tự: bị từ chối, không tự cắt. 255 ký tự kèm khoảng trắng đầu/cuối: lưu được, tên lưu đã bỏ khoảng trắng đầu/cuối (đủ 255 ký tự). 2. Lưu được; hai dòng riêng theo ưu tiên. Bảo toàn: Giữ điểm, cấu hình và đối tượng không đích theo expected; chỉ thay phần thủ tục yêu cầu, không tự đổi oracle hoặc mở rộng phạm vi.
A78: =HYPERLINK("#'Kiểm thử'!A"&(MATCH("TC-RS-VAL-014 / len256",'Kiểm thử'!$A$5:$A$573,0)+4),"TC-RS-VAL-014 / len256") | B78: Điều kiện / thao tác | C78: Cấu hình: Màn thêm quy tắc. Kích hoạt: Thực hiện đúng thao tác và biến thể dưới đây; chỉ xem/xuất không tự chạy xét. Vị trí quan sát: Quan sát nơi nêu trong thủ tục/expected; dùng trích xuất không lọc để thấy cả ô đối chứng. Trạng thái không có dấu đỏ cần đọc thêm trạng thái lưu; output Excel/PDF dùng file thật. Vai trò / quyền: Dùng actor/quyền được nêu trong điều kiện; cấu hình bởi người được sửa đúng mục, ghi điểm bởi người phụ trách lớp, batch bởi người có quyền chạy; đầu ra và tài khoản học sinh giữ quyền riêng. Dữ liệu: Tên trống; tên chỉ khoảng trắng; 255 ký tự; 256 ký tự; 255 ký tự có thêm khoảng trắng ở đầu và cuối; hai quy tắc cùng tên 256 ký tự Thao tác: 1. Nhập từng giá trị, Lưu, mở lại. 2. Tạo quy tắc thứ hai trùng tên quy tắc thứ nhất, Lưu. Khôi phục: Trước mỗi biến thể, dựng lại điều kiện/dữ liệu đầu của case bằng đường được phép; giữ các reset/fixture độc lập đã nêu trong thủ tục. Bằng chứng: Ghi actual và URL bằng chứng/lỗi của đúng case/variant trong cùng report; giữ file Excel/PDF, ảnh trạng thái hoặc request/đọc dữ liệu khi case yêu cầu. Chưa có bằng chứng không đ
A79: =HYPERLINK("#'Kiểm thử'!A"&(MATCH("TC-RS-VAL-014 / len256",'Kiểm thử'!$A$5:$A$573,0)+4),"TC-RS-VAL-014 / len256") | B79: Điều kiện / thao tác | C79: ược kết luận đã chạy. Kỳ vọng: Đề xuất Chuẩn bị: Đang chuẩn bị Chỉ là quan sát; kỳ vọng hoặc điều kiện kiểm chưa được xác nhận. Khoảng trống: Chưa có xác minh fixture, đường thực hiện và phép quan sát trên build của từng case chưa đánh giá. Giữ Draft; chỉ chuyển Ready khi chuẩn bị và seam của đúng case đã được xác minh.
A80: =HYPERLINK("#'Kiểm thử'!A"&(MATCH("TC-RS-VAL-014 / len256",'Kiểm thử'!$A$5:$A$573,0)+4),"TC-RS-VAL-014 / len256") | B80: Kết quả mong đợi | C80: 1. Trống/chỉ khoảng trắng: không lưu được. 255 ký tự: lưu được, mở lại đủ. 256 ký tự: bị từ chối, không tự cắt. 255 ký tự kèm khoảng trắng đầu/cuối: lưu được, tên lưu đã bỏ khoảng trắng đầu/cuối (đủ 255 ký tự). 2. Lưu được; hai dòng riêng theo ưu tiên. Bảo toàn: Giữ điểm, cấu hình và đối tượng không đích theo expected; chỉ thay phần thủ tục yêu cầu, không tự đổi oracle hoặc mở rộng phạm vi.
A81: =HYPERLINK("#'Kiểm thử'!A"&(MATCH("TC-RS-VAL-014 / padded255",'Kiểm thử'!$A$5:$A$573,0)+4),"TC-RS-VAL-014 / padded255") | B81: Điều kiện / thao tác | C81: Cấu hình: Màn thêm quy tắc. Kích hoạt: Thực hiện đúng thao tác và biến thể dưới đây; chỉ xem/xuất không tự chạy xét. Vị trí quan sát: Quan sát nơi nêu trong thủ tục/expected; dùng trích xuất không lọc để thấy cả ô đối chứng. Trạng thái không có dấu đỏ cần đọc thêm trạng thái lưu; output Excel/PDF dùng file thật. Vai trò / quyền: Dùng actor/quyền được nêu trong điều kiện; cấu hình bởi người được sửa đúng mục, ghi điểm bởi người phụ trách lớp, batch bởi người có quyền chạy; đầu ra và tài khoản học sinh giữ quyền riêng. Dữ liệu: Tên trống; tên chỉ khoảng trắng; 255 ký tự; 256 ký tự; 255 ký tự có thêm khoảng trắng ở đầu và cuối; hai quy tắc cùng tên 255 ký tự kèm khoảng trắng Thao tác: 1. Nhập từng giá trị, Lưu, mở lại. 2. Tạo quy tắc thứ hai trùng tên quy tắc thứ nhất, Lưu. Khôi phục: Trước mỗi biến thể, dựng lại điều kiện/dữ liệu đầu của case bằng đường được phép; giữ các reset/fixture độc lập đã nêu trong thủ tục. Bằng chứng: Ghi actual và URL bằng chứng/lỗi của đúng case/variant trong cùng report; giữ file Excel/PDF, ảnh trạng thái hoặc request/đọc dữ liệu khi case yêu cầu. Chưa có bằng chứng không đ
A82: =HYPERLINK("#'Kiểm thử'!A"&(MATCH("TC-RS-VAL-014 / padded255",'Kiểm thử'!$A$5:$A$573,0)+4),"TC-RS-VAL-014 / padded255") | B82: Điều kiện / thao tác | C82: ược kết luận đã chạy. Kỳ vọng: Đề xuất Chuẩn bị: Đang chuẩn bị Chỉ là quan sát; kỳ vọng hoặc điều kiện kiểm chưa được xác nhận. Khoảng trống: Chưa có xác minh fixture, đường thực hiện và phép quan sát trên build của từng case chưa đánh giá. Giữ Draft; chỉ chuyển Ready khi chuẩn bị và seam của đúng case đã được xác minh.
A83: =HYPERLINK("#'Kiểm thử'!A"&(MATCH("TC-RS-VAL-014 / padded255",'Kiểm thử'!$A$5:$A$573,0)+4),"TC-RS-VAL-014 / padded255") | B83: Kết quả mong đợi | C83: 1. Trống/chỉ khoảng trắng: không lưu được. 255 ký tự: lưu được, mở lại đủ. 256 ký tự: bị từ chối, không tự cắt. 255 ký tự kèm khoảng trắng đầu/cuối: lưu được, tên lưu đã bỏ khoảng trắng đầu/cuối (đủ 255 ký tự). 2. Lưu được; hai dòng riêng theo ưu tiên. Bảo toàn: Giữ điểm, cấu hình và đối tượng không đích theo expected; chỉ thay phần thủ tục yêu cầu, không tự đổi oracle hoặc mở rộng phạm vi.
A84: =HYPERLINK("#'Kiểm thử'!A"&(MATCH("TC-RS-VAL-014 / duplicate",'Kiểm thử'!$A$5:$A$573,0)+4),"TC-RS-VAL-014 / duplicate") | B84: Điều kiện / thao tác | C84: Cấu hình: Màn thêm quy tắc. Kích hoạt: Thực hiện đúng thao tác và biến thể dưới đây; chỉ xem/xuất không tự chạy xét. Vị trí quan sát: Quan sát nơi nêu trong thủ tục/expected; dùng trích xuất không lọc để thấy cả ô đối chứng. Trạng thái không có dấu đỏ cần đọc thêm trạng thái lưu; output Excel/PDF dùng file thật. Vai trò / quyền: Dùng actor/quyền được nêu trong điều kiện; cấu hình bởi người được sửa đúng mục, ghi điểm bởi người phụ trách lớp, batch bởi người có quyền chạy; đầu ra và tài khoản học sinh giữ quyền riêng. Dữ liệu: Tên trống; tên chỉ khoảng trắng; 255 ký tự; 256 ký tự; 255 ký tự có thêm khoảng trắng ở đầu và cuối; hai quy tắc cùng tên Trùng tên Thao tác: 1. Nhập từng giá trị, Lưu, mở lại. 2. Tạo quy tắc thứ hai trùng tên quy tắc thứ nhất, Lưu. Khôi phục: Trước mỗi biến thể, dựng lại điều kiện/dữ liệu đầu của case bằng đường được phép; giữ các reset/fixture độc lập đã nêu trong thủ tục. Bằng chứng: Ghi actual và URL bằng chứng/lỗi của đúng case/variant trong cùng report; giữ file Excel/PDF, ảnh trạng thái hoặc request/đọc dữ liệu khi case yêu cầu. Chưa có bằng chứng không đ
A85: =HYPERLINK("#'Kiểm thử'!A"&(MATCH("TC-RS-VAL-014 / duplicate",'Kiểm thử'!$A$5:$A$573,0)+4),"TC-RS-VAL-014 / duplicate") | B85: Điều kiện / thao tác | C85: ược kết luận đã chạy. Kỳ vọng: Đề xuất Chuẩn bị: Đang chuẩn bị Chỉ là quan sát; kỳ vọng hoặc điều kiện kiểm chưa được xác nhận. Khoảng trống: Chưa có xác minh fixture, đường thực hiện và phép quan sát trên build của từng case chưa đánh giá. Giữ Draft; chỉ chuyển Ready khi chuẩn bị và seam của đúng case đã được xác minh.
A86: =HYPERLINK("#'Kiểm thử'!A"&(MATCH("TC-RS-VAL-014 / duplicate",'Kiểm thử'!$A$5:$A$573,0)+4),"TC-RS-VAL-014 / duplicate") | B86: Kết quả mong đợi | C86: 1. Trống/chỉ khoảng trắng: không lưu được. 255 ký tự: lưu được, mở lại đủ. 256 ký tự: bị từ chối, không tự cắt. 255 ký tự kèm khoảng trắng đầu/cuối: lưu được, tên lưu đã bỏ khoảng trắng đầu/cuối (đủ 255 ký tự). 2. Lưu được; hai dòng riêng theo ưu tiên. Bảo toàn: Giữ điểm, cấu hình và đối tượng không đích theo expected; chỉ thay phần thủ tục yêu cầu, không tự đổi oracle hoặc mở rộng phạm vi.
A87: =HYPERLINK("#'Kiểm thử'!A"&(MATCH("TC-RS-VAL-016 / Base",'Kiểm thử'!$A$5:$A$573,0)+4),"TC-RS-VAL-016 / Base") | B87: Màn hình / chức năng | C87: Quản lý danh sách quy tắc đỏ của một mục — Thiết lập điểm đỏ（赤点設定） Lỗi khi lưu không làm mất cấu hình/kết quả đã lưu
A88: =HYPERLINK("#'Kiểm thử'!A"&(MATCH("TC-RS-VAL-016 / Base",'Kiểm thử'!$A$5:$A$573,0)+4),"TC-RS-VAL-016 / Base") | B88: Điều kiện / thao tác | C88: Cấu hình: quy tắc “Cố định 30” (dưới 30) đã lưu; S01 Đỏ. Kích hoạt: Thực hiện đúng thao tác và biến thể dưới đây; chỉ xem/xuất không tự chạy xét. Vị trí quan sát: Quan sát nơi nêu trong thủ tục/expected; dùng trích xuất không lọc để thấy cả ô đối chứng. Trạng thái không có dấu đỏ cần đọc thêm trạng thái lưu; output Excel/PDF dùng file thật. Vai trò / quyền: Dùng actor/quyền được nêu trong điều kiện; cấu hình bởi người được sửa đúng mục, ghi điểm bởi người phụ trách lớp, batch bởi người có quyền chạy; đầu ra và tài khoản học sinh giữ quyền riêng. Dữ liệu: quy tắc “Cố định 30” (dưới 30); N = 101 Toàn bộ thủ tục theo đúng thứ tự; các đối chứng cùng fixture được kiểm trong cùng lượt, không bỏ bước Thao tác: 1. Mở quy tắc “Cố định 30” (dưới 30), đổi N=101, Lưu (lỗi). 2. Quay lại danh sách, xem ba đầu ra. Khôi phục: Trước mỗi biến thể, dựng lại điều kiện/dữ liệu đầu của case bằng đường được phép; giữ các reset/fixture độc lập đã nêu trong thủ tục. Bằng chứng: Ghi actual và URL bằng chứng/lỗi của đúng case/variant trong cùng report; giữ file Excel/PDF, ảnh trạng thái hoặc request/đọc dữ liệu khi case yêu cầu. Chưa có bằng chứng không đ
A89: =HYPERLINK("#'Kiểm thử'!A"&(MATCH("TC-RS-VAL-016 / Base",'Kiểm thử'!$A$5:$A$573,0)+4),"TC-RS-VAL-016 / Base") | B89: Điều kiện / thao tác | C89: ược kết luận đã chạy. Kỳ vọng: Đã xác nhận Chuẩn bị: Đang chuẩn bị Chỉ là quan sát; kỳ vọng hoặc điều kiện kiểm chưa được xác nhận. Khoảng trống: Chưa có xác minh fixture, đường thực hiện và phép quan sát trên build của từng case chưa đánh giá. Giữ Draft; chỉ chuyển Ready khi chuẩn bị và seam của đúng case đã được xác minh.
A90: =HYPERLINK("#'Kiểm thử'!A"&(MATCH("TC-RS-DATA-001 / fixed",'Kiểm thử'!$A$5:$A$573,0)+4),"TC-RS-DATA-001 / fixed") | B90: Màn hình / chức năng | C90: Quản lý danh sách quy tắc đỏ của một mục — Thiết lập điểm đỏ（赤点設定） Cấu hình lưu và mở lại đầy đủ, không cắt/làm tròn âm thầm
A91: =HYPERLINK("#'Kiểm thử'!A"&(MATCH("TC-RS-DATA-001 / fixed",'Kiểm thử'!$A$5:$A$573,0)+4),"TC-RS-DATA-001 / fixed") | B91: Điều kiện / thao tác | C91: Cấu hình: mục số thập phân (M=100). Kích hoạt: Thực hiện đúng thao tác và biến thể dưới đây; chỉ xem/xuất không tự chạy xét. Vị trí quan sát: Quan sát nơi nêu trong thủ tục/expected; dùng trích xuất không lọc để thấy cả ô đối chứng. Trạng thái không có dấu đỏ cần đọc thêm trạng thái lưu; output Excel/PDF dùng file thật. Vai trò / quyền: Dùng actor/quyền được nêu trong điều kiện; cấu hình bởi người được sửa đúng mục, ghi điểm bởi người phụ trách lớp, batch bởi người có quyền chạy; đầu ra và tài khoản học sinh giữ quyền riêng. Dữ liệu: mục số thập phân (M=100); quy tắc “Cố định 30” (dưới 30) với N=29.5; quy tắc tỷ lệ 30% làm tròn xuống; quy tắc công thức hai dòng (trung bình ÷ 2 × 0.8); quy tắc có bộ lọc kết hợp (khối 1 hoặc 2, nhóm Nâng cao) Cố định 29.5 Thao tác: 1. Lưu từng quy tắc. 2. Tải lại trang, mở từng quy tắc. 3. SELECT cấu hình (khi có schema). Khôi phục: Trước mỗi biến thể, dựng lại điều kiện/dữ liệu đầu của case bằng đường được phép; giữ các reset/fixture độc lập đã nêu trong thủ tục.
A92: =HYPERLINK("#'Kiểm thử'!A"&(MATCH("TC-RS-DATA-001 / fixed",'Kiểm thử'!$A$5:$A$573,0)+4),"TC-RS-DATA-001 / fixed") | B92: Điều kiện / thao tác | C92: Bằng chứng: Ghi actual và URL bằng chứng/lỗi của đúng case/variant trong cùng report; giữ file Excel/PDF, ảnh trạng thái hoặc request/đọc dữ liệu khi case yêu cầu. Chưa có bằng chứng không được kết luận đã chạy. Kỳ vọng: Đã xác nhận Chuẩn bị: Đang chuẩn bị Chỉ là quan sát; kỳ vọng hoặc điều kiện kiểm chưa được xác nhận. Khoảng trống: Chưa có xác minh fixture, đường thực hiện và phép quan sát trên build của từng case chưa đánh giá. Giữ Draft; chỉ chuyển Ready khi chuẩn bị và seam của đúng case đã được xác minh.
A93: =HYPERLINK("#'Kiểm thử'!A"&(MATCH("TC-RS-DATA-001 / ratio",'Kiểm thử'!$A$5:$A$573,0)+4),"TC-RS-DATA-001 / ratio") | B93: Màn hình / chức năng | C93: Quản lý danh sách quy tắc đỏ của một mục — Thiết lập điểm đỏ（赤点設定） Cấu hình lưu và mở lại đầy đủ, không cắt/làm tròn âm thầm
A94: =HYPERLINK("#'Kiểm thử'!A"&(MATCH("TC-RS-DATA-001 / ratio",'Kiểm thử'!$A$5:$A$573,0)+4),"TC-RS-DATA-001 / ratio") | B94: Điều kiện / thao tác | C94: Cấu hình: mục số thập phân (M=100). Kích hoạt: Thực hiện đúng thao tác và biến thể dưới đây; chỉ xem/xuất không tự chạy xét. Vị trí quan sát: Quan sát nơi nêu trong thủ tục/expected; dùng trích xuất không lọc để thấy cả ô đối chứng. Trạng thái không có dấu đỏ cần đọc thêm trạng thái lưu; output Excel/PDF dùng file thật. Vai trò / quyền: Dùng actor/quyền được nêu trong điều kiện; cấu hình bởi người được sửa đúng mục, ghi điểm bởi người phụ trách lớp, batch bởi người có quyền chạy; đầu ra và tài khoản học sinh giữ quyền riêng. Dữ liệu: mục số thập phân (M=100); quy tắc “Cố định 30” (dưới 30) với N=29.5; quy tắc tỷ lệ 30% làm tròn xuống; quy tắc công thức hai dòng (trung bình ÷ 2 × 0.8); quy tắc có bộ lọc kết hợp (khối 1 hoặc 2, nhóm Nâng cao) Tỷ lệ 30 phần trăm cắt xuống Thao tác: 1. Lưu từng quy tắc. 2. Tải lại trang, mở từng quy tắc. 3. SELECT cấu hình (khi có schema). Khôi phục: Trước mỗi biến thể, dựng lại điều kiện/dữ liệu đầu của case bằng đường được phép; giữ các reset/fixture độc lập đã nêu trong thủ tục.
A95: =HYPERLINK("#'Kiểm thử'!A"&(MATCH("TC-RS-DATA-001 / ratio",'Kiểm thử'!$A$5:$A$573,0)+4),"TC-RS-DATA-001 / ratio") | B95: Điều kiện / thao tác | C95: Bằng chứng: Ghi actual và URL bằng chứng/lỗi của đúng case/variant trong cùng report; giữ file Excel/PDF, ảnh trạng thái hoặc request/đọc dữ liệu khi case yêu cầu. Chưa có bằng chứng không được kết luận đã chạy. Kỳ vọng: Đã xác nhận Chuẩn bị: Đang chuẩn bị Chỉ là quan sát; kỳ vọng hoặc điều kiện kiểm chưa được xác nhận. Khoảng trống: Chưa có xác minh fixture, đường thực hiện và phép quan sát trên build của từng case chưa đánh giá. Giữ Draft; chỉ chuyển Ready khi chuẩn bị và seam của đúng case đã được xác minh.
A96: =HYPERLINK("#'Kiểm thử'!A"&(MATCH("TC-RS-DATA-001 / formula",'Kiểm thử'!$A$5:$A$573,0)+4),"TC-RS-DATA-001 / formula") | B96: Màn hình / chức năng | C96: Quản lý danh sách quy tắc đỏ của một mục — Thiết lập điểm đỏ（赤点設定） Cấu hình lưu và mở lại đầy đủ, không cắt/làm tròn âm thầm
A97: =HYPERLINK("#'Kiểm thử'!A"&(MATCH("TC-RS-DATA-001 / formula",'Kiểm thử'!$A$5:$A$573,0)+4),"TC-RS-DATA-001 / formula") | B97: Điều kiện / thao tác | C97: Cấu hình: mục số thập phân (M=100). Kích hoạt: Thực hiện đúng thao tác và biến thể dưới đây; chỉ xem/xuất không tự chạy xét. Vị trí quan sát: Quan sát nơi nêu trong thủ tục/expected; dùng trích xuất không lọc để thấy cả ô đối chứng. Trạng thái không có dấu đỏ cần đọc thêm trạng thái lưu; output Excel/PDF dùng file thật. Vai trò / quyền: Dùng actor/quyền được nêu trong điều kiện; cấu hình bởi người được sửa đúng mục, ghi điểm bởi người phụ trách lớp, batch bởi người có quyền chạy; đầu ra và tài khoản học sinh giữ quyền riêng. Dữ liệu: mục số thập phân (M=100); quy tắc “Cố định 30” (dưới 30) với N=29.5; quy tắc tỷ lệ 30% làm tròn xuống; quy tắc công thức hai dòng (trung bình ÷ 2 × 0.8); quy tắc có bộ lọc kết hợp (khối 1 hoặc 2, nhóm Nâng cao) Công thức hai dòng Thao tác: 1. Lưu từng quy tắc. 2. Tải lại trang, mở từng quy tắc. 3. SELECT cấu hình (khi có schema). Khôi phục: Trước mỗi biến thể, dựng lại điều kiện/dữ liệu đầu của case bằng đường được phép; giữ các reset/fixture độc lập đã nêu trong thủ tục.
A98: =HYPERLINK("#'Kiểm thử'!A"&(MATCH("TC-RS-DATA-001 / formula",'Kiểm thử'!$A$5:$A$573,0)+4),"TC-RS-DATA-001 / formula") | B98: Điều kiện / thao tác | C98: Bằng chứng: Ghi actual và URL bằng chứng/lỗi của đúng case/variant trong cùng report; giữ file Excel/PDF, ảnh trạng thái hoặc request/đọc dữ liệu khi case yêu cầu. Chưa có bằng chứng không được kết luận đã chạy. Kỳ vọng: Đã xác nhận Chuẩn bị: Đang chuẩn bị Chỉ là quan sát; kỳ vọng hoặc điều kiện kiểm chưa được xác nhận. Khoảng trống: Chưa có xác minh fixture, đường thực hiện và phép quan sát trên build của từng case chưa đánh giá. Giữ Draft; chỉ chuyển Ready khi chuẩn bị và seam của đúng case đã được xác minh.
A99: =HYPERLINK("#'Kiểm thử'!A"&(MATCH("TC-RS-DATA-001 / filter",'Kiểm thử'!$A$5:$A$573,0)+4),"TC-RS-DATA-001 / filter") | B99: Màn hình / chức năng | C99: Quản lý danh sách quy tắc đỏ của một mục — Thiết lập điểm đỏ（赤点設定） Cấu hình lưu và mở lại đầy đủ, không cắt/làm tròn âm thầm
A100: =HYPERLINK("#'Kiểm thử'!A"&(MATCH("TC-RS-DATA-001 / filter",'Kiểm thử'!$A$5:$A$573,0)+4),"TC-RS-DATA-001 / filter") | B100: Điều kiện / thao tác | C100: Cấu hình: mục số thập phân (M=100). Kích hoạt: Thực hiện đúng thao tác và biến thể dưới đây; chỉ xem/xuất không tự chạy xét. Vị trí quan sát: Quan sát nơi nêu trong thủ tục/expected; dùng trích xuất không lọc để thấy cả ô đối chứng. Trạng thái không có dấu đỏ cần đọc thêm trạng thái lưu; output Excel/PDF dùng file thật. Vai trò / quyền: Dùng actor/quyền được nêu trong điều kiện; cấu hình bởi người được sửa đúng mục, ghi điểm bởi người phụ trách lớp, batch bởi người có quyền chạy; đầu ra và tài khoản học sinh giữ quyền riêng. Dữ liệu: mục số thập phân (M=100); quy tắc “Cố định 30” (dưới 30) với N=29.5; quy tắc tỷ lệ 30% làm tròn xuống; quy tắc công thức hai dòng (trung bình ÷ 2 × 0.8); quy tắc có bộ lọc kết hợp (khối 1 hoặc 2, nhóm Nâng cao) Bộ lọc kết hợp Thao tác: 1. Lưu từng quy tắc. 2. Tải lại trang, mở từng quy tắc. 3. SELECT cấu hình (khi có schema). Khôi phục: Trước mỗi biến thể, dựng lại điều kiện/dữ liệu đầu của case bằng đường được phép; giữ các reset/fixture độc lập đã nêu trong thủ tục.
A101: =HYPERLINK("#'Kiểm thử'!A"&(MATCH("TC-RS-DATA-001 / filter",'Kiểm thử'!$A$5:$A$573,0)+4),"TC-RS-DATA-001 / filter") | B101: Điều kiện / thao tác | C101: Bằng chứng: Ghi actual và URL bằng chứng/lỗi của đúng case/variant trong cùng report; giữ file Excel/PDF, ảnh trạng thái hoặc request/đọc dữ liệu khi case yêu cầu. Chưa có bằng chứng không được kết luận đã chạy. Kỳ vọng: Đã xác nhận Chuẩn bị: Đang chuẩn bị Chỉ là quan sát; kỳ vọng hoặc điều kiện kiểm chưa được xác nhận. Khoảng trống: Chưa có xác minh fixture, đường thực hiện và phép quan sát trên build của từng case chưa đánh giá. Giữ Draft; chỉ chuyển Ready khi chuẩn bị và seam của đúng case đã được xác minh.
...
